=== RUN   TestContentContextReachableClosure64And65IncludesIntermediateVersions
=== RUN   TestContentContextReachableClosure64And65IncludesIntermediateVersions/64
    content_context_closure_test.go:109: normal real rule step failed {0 0001-01-01 00:00:00 +0000 UTC 0s} claim is invalid, expired or replaced
    context_claim_diagnostics.go:126: CLAIM_DIAG bounded_events=141 dropped=0 inclusive_totals_do_not_sum=true
    context_claim_diagnostics.go:128: CLAIM_DIAG first_error kind=subcost.content.worker.pre.CheckPolicy at=29.452431154s duration=16.173µs caller_remaining=547.533237ms cause=context.deadlineExceededError:context_deadline 
    context_claim_diagnostics.go:128: CLAIM_DIAG event kind=phase.testcase-start at=31.031µs duration=856ns caller_remaining=29.99993336s cause=nil 
    context_claim_diagnostics.go:128: CLAIM_DIAG event kind=phase.owners-established at=814.807833ms duration=1.55µs caller_remaining=29.185156558s cause=nil 
    context_claim_diagnostics.go:128: CLAIM_DIAG event kind=phase.original-bounds at=859.211723ms duration=22.593µs caller_remaining=29.140752668s cause=nil payload_sha256=684442d613e5b9b314ed89d41c05a4ff4267cdc3c87beff4fbc7bf8c6f572377 caller=30s lease=5s input=262144 output=131072 capacity=524288 reserve=131072 read=262160 original_deadline=2026-10-05T01:16:58.485278Z
    context_claim_diagnostics.go:128: CLAIM_DIAG event kind=phase.initial-primary-selector-published at=1.34145285s duration=781ns caller_remaining=28.658511541s cause=nil 
    context_claim_diagnostics.go:128: CLAIM_DIAG event kind=phase.all-upstream-sources-published at=8.981807499s duration=870ns caller_remaining=21.018156892s cause=nil 
    context_claim_diagnostics.go:128: CLAIM_DIAG event kind=phase.compile-start at=9.001724215s duration=1.475µs caller_remaining=20.998240176s cause=nil 
    context_claim_diagnostics.go:128: CLAIM_DIAG event kind=phase.compile-published-pre-bind at=23.291480846s duration=841ns caller_remaining=6.708483545s cause=nil 
    context_claim_diagnostics.go:128: CLAIM_DIAG event kind=phase.compile-and-bind-end at=23.318683025s duration=14.316960285s caller_remaining=6.681281366s cause=nil 
    context_claim_diagnostics.go:128: CLAIM_DIAG event kind=phase.independent-lock-observation-start at=23.318688753s duration=824ns caller_remaining=6.681275638s cause=nil 
    context_claim_diagnostics.go:128: CLAIM_DIAG event kind=phase.independent-lock-observation-end at=24.016848496s duration=698.160826ms caller_remaining=5.983115895s cause=nil 
    context_claim_diagnostics.go:128: CLAIM_DIAG event kind=phase.dispatch-start at=24.017963045s duration=1.143µs caller_remaining=5.982001346s cause=nil 
    context_claim_diagnostics.go:128: CLAIM_DIAG event kind=store.SaveDecision at=24.205588817s duration=53.717091ms caller_remaining=5.794375574s cause=nil status=accepted prepared=false sequence=0 input_digest=sha256:acc90f5a183c7b34cbf11fa2ec2e21fa63a1c26bbd7ee703a3269a5975d18eb9 callback_only=true
    context_claim_diagnostics.go:128: CLAIM_DIAG event kind=store.WithinSave at=24.363297444s duration=220.385306ms caller_remaining=5.636666947s cause=nil callback_cause=nil final_cause=nil committed=true save_cause=nil status=accepted prepared=false sequence=0 input_digest=sha256:acc90f5a183c7b34cbf11fa2ec2e21fa63a1c26bbd7ee703a3269a5975d18eb9
    context_claim_diagnostics.go:128: CLAIM_DIAG event kind=phase.dispatch-end at=24.367738056s duration=349.776154ms caller_remaining=5.632226335s cause=nil 
    context_claim_diagnostics.go:128: CLAIM_DIAG event kind=phase.decision-step-start at=24.367749399s duration=935ns caller_remaining=5.632214992s cause=nil 
    context_claim_diagnostics.go:128: CLAIM_DIAG event kind=store.Claim at=24.453537374s duration=1.15996ms caller_remaining=5.546427017s cause=nil job=job-54959583db8b37bd8d5f2894f6ef23c8 epoch=1 revision=1 phase=decide lease_until=2026-10-05T01:15:27.122576Z supplied_now=2026-10-05T01:15:22.122576Z lease_delta=5s
    context_claim_diagnostics.go:128: CLAIM_DIAG event kind=store.SaveDecision at=24.524858254s duration=2.567847ms caller_remaining=5.475106137s cause=nil status=running prepared=false sequence=1 input_digest=sha256:acc90f5a183c7b34cbf11fa2ec2e21fa63a1c26bbd7ee703a3269a5975d18eb9 callback_only=true
    context_claim_diagnostics.go:128: CLAIM_DIAG event kind=store.WithinSave at=24.526141477s duration=10.809625ms caller_remaining=5.473822914s cause=nil callback_cause=nil final_cause=nil committed=true save_cause=nil status=running prepared=false sequence=1 input_digest=sha256:acc90f5a183c7b34cbf11fa2ec2e21fa63a1c26bbd7ee703a3269a5975d18eb9
    context_claim_diagnostics.go:128: CLAIM_DIAG event kind=phase.decision-step-end at=29.465100357s duration=5.097351893s caller_remaining=534.864034ms cause=*errors.errorString:claim 
    context_claim_diagnostics.go:128: CLAIM_DIAG event kind=subcost.content.worker.pre.CheckPolicy at=29.452431154s duration=16.173µs caller_remaining=547.533237ms cause=context.deadlineExceededError:context_deadline 
    context_claim_diagnostics.go:128: CLAIM_DIAG event kind=subcost.content.worker.pre.Callback at=29.452448519s duration=4.251258ms caller_remaining=547.515872ms cause=context.deadlineExceededError:context_deadline 
    context_claim_diagnostics.go:128: CLAIM_DIAG event kind=subcost.content.worker.pre.WithinFinal at=29.452462644s duration=5.072125ms caller_remaining=547.501747ms cause=context.deadlineExceededError:context_deadline 
    context_claim_diagnostics.go:128: CLAIM_DIAG event kind=content.ReadForProcessing at=29.452483101s duration=5.881062ms caller_remaining=547.48129ms cause=context.deadlineExceededError:context_deadline bytes=0 sources=0
    context_claim_diagnostics.go:128: CLAIM_DIAG event kind=source.Material at=29.452502405s duration=66.321194ms caller_remaining=547.461986ms cause=*errors.joinError:context_deadline:dependency_unavailable bytes=0
    context_claim_diagnostics.go:128: CLAIM_DIAG event kind=store.ValidateClaim at=29.46476567s duration=586.32µs caller_remaining=535.198721ms cause=*errors.errorString:claim job=job-54959583db8b37bd8d5f2894f6ef23c8 epoch=1 revision=1 phase=decide lease_until=2026-10-05T01:15:27.122576Z supplied_now=2026-10-05T01:15:27.134384Z lease_delta=-11.808ms
    context_claim_diagnostics.go:128: CLAIM_DIAG event kind=store.Within at=29.465091573s duration=12.572516ms caller_remaining=534.872818ms cause=*errors.errorString:claim 
    context_claim_diagnostics.go:148: CLAIM_DIAG aggregate kind=access.Binding count=1 inclusive_total=50.283893ms max=50.283893ms
    context_claim_diagnostics.go:148: CLAIM_DIAG aggregate kind=access.Current count=20 inclusive_total=1.044868811s max=63.926658ms
    context_claim_diagnostics.go:148: CLAIM_DIAG aggregate kind=access.PrepareContent count=4 inclusive_total=48.969788ms max=13.489879ms
    context_claim_diagnostics.go:148: CLAIM_DIAG aggregate kind=access.StagePublication count=4 inclusive_total=260.048475ms max=132.981867ms
    context_claim_diagnostics.go:148: CLAIM_DIAG aggregate kind=content.GetCommand count=8 inclusive_total=168.731908ms max=45.010887ms
    context_claim_diagnostics.go:148: CLAIM_DIAG aggregate kind=content.Put count=4 inclusive_total=4.291681569s max=1.387455917s
    context_claim_diagnostics.go:148: CLAIM_DIAG aggregate kind=content.ReadForProcessing count=23 inclusive_total=3.698072s max=718.789578ms
    context_claim_diagnostics.go:148: CLAIM_DIAG aggregate kind=content.Step count=4 inclusive_total=2.618277713s max=719.723988ms
    context_claim_diagnostics.go:148: CLAIM_DIAG aggregate kind=phase.all-upstream-sources-published count=1 inclusive_total=870ns max=870ns
    context_claim_diagnostics.go:148: CLAIM_DIAG aggregate kind=phase.compile-and-bind-end count=1 inclusive_total=14.316960285s max=14.316960285s
    context_claim_diagnostics.go:148: CLAIM_DIAG aggregate kind=phase.compile-published-pre-bind count=1 inclusive_total=841ns max=841ns
    context_claim_diagnostics.go:148: CLAIM_DIAG aggregate kind=phase.compile-start count=1 inclusive_total=1.475µs max=1.475µs
    context_claim_diagnostics.go:148: CLAIM_DIAG aggregate kind=phase.decision-step-end count=1 inclusive_total=5.097351893s max=5.097351893s
    context_claim_diagnostics.go:148: CLAIM_DIAG aggregate kind=phase.decision-step-start count=1 inclusive_total=935ns max=935ns
    context_claim_diagnostics.go:148: CLAIM_DIAG aggregate kind=phase.dispatch-end count=1 inclusive_total=349.776154ms max=349.776154ms
    context_claim_diagnostics.go:148: CLAIM_DIAG aggregate kind=phase.dispatch-start count=1 inclusive_total=1.143µs max=1.143µs
    context_claim_diagnostics.go:148: CLAIM_DIAG aggregate kind=phase.independent-lock-observation-end count=1 inclusive_total=698.160826ms max=698.160826ms
    context_claim_diagnostics.go:148: CLAIM_DIAG aggregate kind=phase.independent-lock-observation-start count=1 inclusive_total=824ns max=824ns
    context_claim_diagnostics.go:148: CLAIM_DIAG aggregate kind=phase.initial-primary-selector-published count=1 inclusive_total=781ns max=781ns
    context_claim_diagnostics.go:148: CLAIM_DIAG aggregate kind=phase.original-bounds count=1 inclusive_total=22.593µs max=22.593µs
    context_claim_diagnostics.go:148: CLAIM_DIAG aggregate kind=phase.owners-established count=1 inclusive_total=1.55µs max=1.55µs
    context_claim_diagnostics.go:148: CLAIM_DIAG aggregate kind=phase.testcase-start count=1 inclusive_total=856ns max=856ns
    context_claim_diagnostics.go:148: CLAIM_DIAG aggregate kind=source.Lock count=1 inclusive_total=1.433484103s max=1.433484103s
    context_claim_diagnostics.go:148: CLAIM_DIAG aggregate kind=source.Material count=19 inclusive_total=2.241311706s max=767.798383ms
    context_claim_diagnostics.go:148: CLAIM_DIAG aggregate kind=source.Snapshot count=1 inclusive_total=1.248671188s max=1.248671188s
    context_claim_diagnostics.go:148: CLAIM_DIAG aggregate kind=store.Claim count=1 inclusive_total=1.15996ms max=1.15996ms
    context_claim_diagnostics.go:148: CLAIM_DIAG aggregate kind=store.Now count=14 inclusive_total=4.814141ms max=473.469µs
    context_claim_diagnostics.go:148: CLAIM_DIAG aggregate kind=store.SaveDecision count=2 inclusive_total=56.284938ms max=53.717091ms
    context_claim_diagnostics.go:148: CLAIM_DIAG aggregate kind=store.ValidateClaim count=4 inclusive_total=2.158694ms max=743.938µs
    context_claim_diagnostics.go:148: CLAIM_DIAG aggregate kind=store.ValidatePoolClaim count=2 inclusive_total=2.047488ms max=1.051739ms
    context_claim_diagnostics.go:148: CLAIM_DIAG aggregate kind=store.Within count=10 inclusive_total=285.236341ms max=220.33995ms
    context_claim_diagnostics.go:148: CLAIM_DIAG aggregate kind=store.WithinSave count=2 inclusive_total=231.194931ms max=220.385306ms
    context_claim_diagnostics.go:148: CLAIM_DIAG aggregate kind=subcost.content.worker.pre.Callback count=1 inclusive_total=4.251258ms max=4.251258ms
    context_claim_diagnostics.go:148: CLAIM_DIAG aggregate kind=subcost.content.worker.pre.CheckPolicy count=1 inclusive_total=16.173µs max=16.173µs
    context_claim_diagnostics.go:148: CLAIM_DIAG aggregate kind=subcost.content.worker.pre.WithinFinal count=1 inclusive_total=5.072125ms max=5.072125ms
    context_claim_diagnostics.go:128: CLAIM_DIAG last_gate kind=store.ValidateClaim at=29.46476567s duration=586.32µs caller_remaining=535.198721ms cause=*errors.errorString:claim job=job-54959583db8b37bd8d5f2894f6ef23c8 epoch=1 revision=1 phase=decide lease_until=2026-10-05T01:15:27.122576Z supplied_now=2026-10-05T01:15:27.134384Z lease_delta=-11.808ms
    context_claim_diagnostics.go:128: CLAIM_DIAG last_gate kind=store.ValidatePoolClaim at=24.522218443s duration=1.051739ms caller_remaining=5.477745948s cause=nil job=job-54959583db8b37bd8d5f2894f6ef23c8 epoch=1 revision=1 phase=decide lease_until=2026-10-05T01:15:27.122576Z supplied_now=2026-10-05T01:15:22.191108Z lease_delta=4.931468s
    context_subcost_diagnostics.go:217: SUBCOST bounded_keys=178 dropped=0 ambiguous=0 inclusive_nested_do_not_sum=true
    context_subcost_diagnostics.go:225: SUBCOST stage=content.compiler.outside_processing_read.Callback count=20 success=20 failure=0 total=6.646262219s max=1.214473299s success_total=6.646262219s success_max=1.214473299s failure_total=0s failure_max=0s returned_or_encoded_bytes=0 last_cause=nil
    context_subcost_diagnostics.go:225: SUBCOST stage=content.compiler.outside_processing_read.CheckPolicy count=762 success=762 failure=0 total=580.017944ms max=5.321137ms success_total=580.017944ms success_max=5.321137ms failure_total=0s failure_max=0s returned_or_encoded_bytes=0 last_cause=nil
    context_subcost_diagnostics.go:225: SUBCOST stage=content.compiler.outside_processing_read.LockVersion count=770 success=770 failure=0 total=1.083111693s max=8.726881ms success_total=1.083111693s success_max=8.726881ms failure_total=0s failure_max=0s returned_or_encoded_bytes=0 last_cause=nil
    context_subcost_diagnostics.go:225: SUBCOST stage=content.compiler.outside_processing_read.Now count=1568 success=1568 failure=0 total=592.842165ms max=10.424767ms success_total=592.842165ms success_max=10.424767ms failure_total=0s failure_max=0s returned_or_encoded_bytes=0 last_cause=nil
    context_subcost_diagnostics.go:225: SUBCOST stage=content.compiler.outside_processing_read.WithinFinal count=20 success=20 failure=0 total=6.707252725s max=1.21703247s success_total=6.707252725s success_max=1.21703247s failure_total=0s failure_max=0s returned_or_encoded_bytes=0 last_cause=nil
    context_subcost_diagnostics.go:225: SUBCOST stage=content.compiler.post.Callback count=65 success=65 failure=0 total=1.917890098s max=381.093689ms success_total=1.917890098s success_max=381.093689ms failure_total=0s failure_max=0s returned_or_encoded_bytes=0 last_cause=nil
    context_subcost_diagnostics.go:225: SUBCOST stage=content.compiler.post.CheckPolicy count=432 success=432 failure=0 total=328.637876ms max=4.626844ms success_total=328.637876ms success_max=4.626844ms failure_total=0s failure_max=0s returned_or_encoded_bytes=0 last_cause=nil
    context_subcost_diagnostics.go:225: SUBCOST stage=content.compiler.post.LockVersion count=432 success=432 failure=0 total=633.03864ms max=40.032278ms success_total=633.03864ms success_max=40.032278ms failure_total=0s failure_max=0s returned_or_encoded_bytes=0 last_cause=nil
    context_subcost_diagnostics.go:225: SUBCOST stage=content.compiler.post.Now count=929 success=929 failure=0 total=325.506197ms max=7.697696ms success_total=325.506197ms success_max=7.697696ms failure_total=0s failure_max=0s returned_or_encoded_bytes=0 last_cause=nil
    context_subcost_diagnostics.go:225: SUBCOST stage=content.compiler.post.WithinFinal count=65 success=65 failure=0 total=2.084281092s max=383.222386ms success_total=2.084281092s success_max=383.222386ms failure_total=0s failure_max=0s returned_or_encoded_bytes=0 last_cause=nil
    context_subcost_diagnostics.go:225: SUBCOST stage=content.compiler.pre.Callback count=65 success=65 failure=0 total=1.890548193s max=334.162313ms success_total=1.890548193s success_max=334.162313ms failure_total=0s failure_max=0s returned_or_encoded_bytes=0 last_cause=nil
    context_subcost_diagnostics.go:225: SUBCOST stage=content.compiler.pre.CheckPolicy count=432 success=432 failure=0 total=324.165944ms max=2.844982ms success_total=324.165944ms success_max=2.844982ms failure_total=0s failure_max=0s returned_or_encoded_bytes=0 last_cause=nil
    context_subcost_diagnostics.go:225: SUBCOST stage=content.compiler.pre.LockVersion count=432 success=432 failure=0 total=588.554344ms max=17.417948ms success_total=588.554344ms success_max=17.417948ms failure_total=0s failure_max=0s returned_or_encoded_bytes=0 last_cause=nil
    context_subcost_diagnostics.go:225: SUBCOST stage=content.compiler.pre.Now count=929 success=929 failure=0 total=342.952612ms max=5.566125ms success_total=342.952612ms success_max=5.566125ms failure_total=0s failure_max=0s returned_or_encoded_bytes=0 last_cause=nil
    context_subcost_diagnostics.go:225: SUBCOST stage=content.compiler.pre.WithinFinal count=65 success=65 failure=0 total=2.059088319s max=336.438086ms success_total=2.059088319s success_max=336.438086ms failure_total=0s failure_max=0s returned_or_encoded_bytes=0 last_cause=nil
    context_subcost_diagnostics.go:225: SUBCOST stage=content.independent.post.Callback count=1 success=1 failure=0 total=339.351058ms max=339.351058ms success_total=339.351058ms success_max=339.351058ms failure_total=0s failure_max=0s returned_or_encoded_bytes=0 last_cause=nil
    context_subcost_diagnostics.go:225: SUBCOST stage=content.independent.post.CheckPolicy count=65 success=65 failure=0 total=50.645856ms max=3.543257ms success_total=50.645856ms success_max=3.543257ms failure_total=0s failure_max=0s returned_or_encoded_bytes=0 last_cause=nil
    context_subcost_diagnostics.go:225: SUBCOST stage=content.independent.post.LockVersion count=65 success=65 failure=0 total=90.588166ms max=4.376509ms success_total=90.588166ms success_max=4.376509ms failure_total=0s failure_max=0s returned_or_encoded_bytes=0 last_cause=nil
    context_subcost_diagnostics.go:225: SUBCOST stage=content.independent.post.Now count=131 success=131 failure=0 total=49.012708ms max=2.585342ms success_total=49.012708ms success_max=2.585342ms failure_total=0s failure_max=0s returned_or_encoded_bytes=0 last_cause=nil
    context_subcost_diagnostics.go:225: SUBCOST stage=content.independent.post.WithinFinal count=1 success=1 failure=0 total=341.955195ms max=341.955195ms success_total=341.955195ms success_max=341.955195ms failure_total=0s failure_max=0s returned_or_encoded_bytes=0 last_cause=nil
    context_subcost_diagnostics.go:225: SUBCOST stage=content.independent.pre.Callback count=1 success=1 failure=0 total=353.182024ms max=353.182024ms success_total=353.182024ms success_max=353.182024ms failure_total=0s failure_max=0s returned_or_encoded_bytes=0 last_cause=nil
    context_subcost_diagnostics.go:225: SUBCOST stage=content.independent.pre.CheckPolicy count=65 success=65 failure=0 total=50.937456ms max=1.913798ms success_total=50.937456ms success_max=1.913798ms failure_total=0s failure_max=0s returned_or_encoded_bytes=0 last_cause=nil
    context_subcost_diagnostics.go:225: SUBCOST stage=content.independent.pre.LockVersion count=65 success=65 failure=0 total=95.289831ms max=4.217694ms success_total=95.289831ms success_max=4.217694ms failure_total=0s failure_max=0s returned_or_encoded_bytes=0 last_cause=nil
    context_subcost_diagnostics.go:225: SUBCOST stage=content.independent.pre.Now count=131 success=131 failure=0 total=53.183715ms max=1.959139ms success_total=53.183715ms success_max=1.959139ms failure_total=0s failure_max=0s returned_or_encoded_bytes=0 last_cause=nil
    context_subcost_diagnostics.go:225: SUBCOST stage=content.independent.pre.WithinFinal count=1 success=1 failure=0 total=355.484031ms max=355.484031ms success_total=355.484031ms success_max=355.484031ms failure_total=0s failure_max=0s returned_or_encoded_bytes=0 last_cause=nil
    context_subcost_diagnostics.go:225: SUBCOST stage=content.setup.outside_processing_read.Callback count=301 success=301 failure=0 total=5.649629442s max=94.084717ms success_total=5.649629442s success_max=94.084717ms failure_total=0s failure_max=0s returned_or_encoded_bytes=0 last_cause=nil
    context_subcost_diagnostics.go:225: SUBCOST stage=content.setup.outside_processing_read.CheckPolicy count=886 success=886 failure=0 total=702.253545ms max=3.192903ms success_total=702.253545ms success_max=3.192903ms failure_total=0s failure_max=0s returned_or_encoded_bytes=0 last_cause=nil
    context_subcost_diagnostics.go:225: SUBCOST stage=content.setup.outside_processing_read.LockVersion count=886 success=886 failure=0 total=1.178512766s max=26.021796ms success_total=1.178512766s success_max=26.021796ms failure_total=0s failure_max=0s returned_or_encoded_bytes=0 last_cause=nil
    context_subcost_diagnostics.go:225: SUBCOST stage=content.setup.outside_processing_read.Now count=2317 success=2317 failure=0 total=820.514042ms max=3.480562ms success_total=820.514042ms success_max=3.480562ms failure_total=0s failure_max=0s returned_or_encoded_bytes=0 last_cause=nil
    context_subcost_diagnostics.go:225: SUBCOST stage=content.setup.outside_processing_read.WithinFinal count=301 success=301 failure=0 total=6.395405691s max=100.224267ms success_total=6.395405691s success_max=100.224267ms failure_total=0s failure_max=0s returned_or_encoded_bytes=0 last_cause=nil
    context_subcost_diagnostics.go:225: SUBCOST stage=content.worker.post.Callback count=22 success=22 failure=0 total=1.852048794s max=418.76644ms success_total=1.852048794s success_max=418.76644ms failure_total=0s failure_max=0s returned_or_encoded_bytes=0 last_cause=nil
    context_subcost_diagnostics.go:225: SUBCOST stage=content.worker.post.CheckPolicy count=364 success=364 failure=0 total=307.325109ms max=11.795378ms success_total=307.325109ms success_max=11.795378ms failure_total=0s failure_max=0s returned_or_encoded_bytes=0 last_cause=nil
    context_subcost_diagnostics.go:225: SUBCOST stage=content.worker.post.LockVersion count=364 success=364 failure=0 total=551.738978ms max=30.52538ms success_total=551.738978ms success_max=30.52538ms failure_total=0s failure_max=0s returned_or_encoded_bytes=0 last_cause=nil
    context_subcost_diagnostics.go:225: SUBCOST stage=content.worker.post.Now count=750 success=750 failure=0 total=320.228997ms max=12.135466ms success_total=320.228997ms success_max=12.135466ms failure_total=0s failure_max=0s returned_or_encoded_bytes=0 last_cause=nil
    context_subcost_diagnostics.go:225: SUBCOST stage=content.worker.post.WithinFinal count=22 success=22 failure=0 total=1.934175707s max=423.268064ms success_total=1.934175707s success_max=423.268064ms failure_total=0s failure_max=0s returned_or_encoded_bytes=0 last_cause=nil
    context_subcost_diagnostics.go:225: SUBCOST stage=content.worker.pre.Callback count=23 success=22 failure=1 total=1.648594392s max=331.706775ms success_total=1.644349409s success_max=331.706775ms failure_total=4.244983ms failure_max=4.244983ms returned_or_encoded_bytes=0 last_cause=context.deadlineExceededError:context_deadline
    context_subcost_diagnostics.go:225: SUBCOST stage=content.worker.pre.CheckPolicy count=366 success=365 failure=1 total=268.553767ms max=1.920245ms success_total=268.54925ms success_max=1.920245ms failure_total=4.517µs failure_max=4.517µs returned_or_encoded_bytes=0 last_cause=context.deadlineExceededError:context_deadline
    context_subcost_diagnostics.go:225: SUBCOST stage=content.worker.pre.LockVersion count=365 success=365 failure=0 total=480.264892ms max=3.809866ms success_total=480.264892ms success_max=3.809866ms failure_total=0s failure_max=0s returned_or_encoded_bytes=0 last_cause=nil
    context_subcost_diagnostics.go:225: SUBCOST stage=content.worker.pre.Now count=753 success=753 failure=0 total=276.382934ms max=5.638868ms success_total=276.382934ms success_max=5.638868ms failure_total=0s failure_max=0s returned_or_encoded_bytes=0 last_cause=nil
    context_subcost_diagnostics.go:225: SUBCOST stage=content.worker.pre.WithinFinal count=23 success=22 failure=1 total=1.748489397s max=334.055011ms success_total=1.743423031s success_max=334.055011ms failure_total=5.066366ms failure_max=5.066366ms returned_or_encoded_bytes=0 last_cause=context.deadlineExceededError:context_deadline
    context_subcost_diagnostics.go:225: SUBCOST stage=fixture.compiler.FixtureOther.BeginTx count=137 success=137 failure=0 total=47.481844ms max=1.462362ms success_total=47.481844ms success_max=1.462362ms failure_total=0s failure_max=0s returned_or_encoded_bytes=0 last_cause=nil
    context_subcost_diagnostics.go:225: SUBCOST stage=fixture.compiler.FixtureOther.Callback count=137 success=137 failure=0 total=2.006267061s max=29.400693ms success_total=2.006267061s success_max=29.400693ms failure_total=0s failure_max=0s returned_or_encoded_bytes=0 last_cause=nil
    context_subcost_diagnostics.go:225: SUBCOST stage=fixture.compiler.FixtureOther.Commit count=137 success=137 failure=0 total=258.668902ms max=8.003893ms success_total=258.668902ms success_max=8.003893ms failure_total=0s failure_max=0s returned_or_encoded_bytes=0 last_cause=nil
    context_subcost_diagnostics.go:225: SUBCOST stage=fixture.compiler.FixtureOther.FirstClock count=137 success=137 failure=0 total=42.871067ms max=1.347334ms success_total=42.871067ms success_max=1.347334ms failure_total=0s failure_max=0s returned_or_encoded_bytes=0 last_cause=nil
    context_subcost_diagnostics.go:225: SUBCOST stage=fixture.compiler.FixtureOther.Input.ClosedAll count=137 success=137 failure=0 total=1.13098246s max=16.75137ms success_total=1.13098246s success_max=16.75137ms failure_total=0s failure_max=0s returned_or_encoded_bytes=2851244 last_cause=nil
    context_subcost_diagnostics.go:225: SUBCOST stage=fixture.compiler.FixtureOther.Input.StrictParse count=137 success=137 failure=0 total=526.303587ms max=9.62618ms success_total=526.303587ms success_max=9.62618ms failure_total=0s failure_max=0s returned_or_encoded_bytes=2851244 last_cause=nil
    context_subcost_diagnostics.go:225: SUBCOST stage=fixture.compiler.FixtureOther.Input.TrailingEOF count=137 success=137 failure=0 total=862.756µs max=43.245µs success_total=862.756µs success_max=43.245µs failure_total=0s failure_max=0s returned_or_encoded_bytes=0 last_cause=nil
    context_subcost_diagnostics.go:225: SUBCOST stage=fixture.compiler.FixtureOther.Input.TypedDecode count=137 success=137 failure=0 total=601.593209ms max=10.732622ms success_total=601.593209ms success_max=10.732622ms failure_total=0s failure_max=0s returned_or_encoded_bytes=2851244 last_cause=nil
    context_subcost_diagnostics.go:225: SUBCOST stage=fixture.compiler.FixtureOther.InputRowScan count=137 success=137 failure=0 total=76.071535ms max=1.392104ms success_total=76.071535ms success_max=1.392104ms failure_total=0s failure_max=0s returned_or_encoded_bytes=2851244 last_cause=nil
    context_subcost_diagnostics.go:225: SUBCOST stage=fixture.compiler.FixtureOther.RollbackAlreadyDone count=137 success=0 failure=137 total=459.836µs max=24.019µs success_total=0s success_max=0s failure_total=459.836µs failure_max=24.019µs returned_or_encoded_bytes=0 last_cause=*errors.errorString
    context_subcost_diagnostics.go:225: SUBCOST stage=fixture.compiler.FixtureOther.SessionSettings count=137 success=137 failure=0 total=43.86545ms max=4.226775ms success_total=43.86545ms success_max=4.226775ms failure_total=0s failure_max=0s returned_or_encoded_bytes=0 last_cause=nil
    context_subcost_diagnostics.go:225: SUBCOST stage=fixture.compiler.FixtureOther.TrustedClock count=274 success=274 failure=0 total=95.786027ms max=2.353056ms success_total=95.786027ms success_max=2.353056ms failure_total=0s failure_max=0s returned_or_encoded_bytes=0 last_cause=nil
    context_subcost_diagnostics.go:225: SUBCOST stage=fixture.compiler.FixtureOther.WithinFinal count=137 success=137 failure=0 total=2.407813721s max=36.022782ms success_total=2.407813721s success_max=36.022782ms failure_total=0s failure_max=0s returned_or_encoded_bytes=0 last_cause=nil
    context_subcost_diagnostics.go:225: SUBCOST stage=fixture.dispatch.Authorize.BeginTx count=1 success=1 failure=0 total=427.742µs max=427.742µs success_total=427.742µs success_max=427.742µs failure_total=0s failure_max=0s returned_or_encoded_bytes=0 last_cause=nil
    context_subcost_diagnostics.go:225: SUBCOST stage=fixture.dispatch.Authorize.Binding.ClosedAll count=1 success=1 failure=0 total=38.478417ms max=38.478417ms success_total=38.478417ms success_max=38.478417ms failure_total=0s failure_max=0s returned_or_encoded_bytes=96991 last_cause=nil
    context_subcost_diagnostics.go:225: SUBCOST stage=fixture.dispatch.Authorize.Binding.StrictParse count=1 success=1 failure=0 total=14.95591ms max=14.95591ms success_total=14.95591ms success_max=14.95591ms failure_total=0s failure_max=0s returned_or_encoded_bytes=96991 last_cause=nil
    context_subcost_diagnostics.go:225: SUBCOST stage=fixture.dispatch.Authorize.Binding.TrailingEOF count=1 success=1 failure=0 total=5.91µs max=5.91µs success_total=5.91µs success_max=5.91µs failure_total=0s failure_max=0s returned_or_encoded_bytes=0 last_cause=nil
    context_subcost_diagnostics.go:225: SUBCOST stage=fixture.dispatch.Authorize.Binding.TypedDecode count=1 success=1 failure=0 total=23.503264ms max=23.503264ms success_total=23.503264ms success_max=23.503264ms failure_total=0s failure_max=0s returned_or_encoded_bytes=96991 last_cause=nil
    context_subcost_diagnostics.go:225: SUBCOST stage=fixture.dispatch.Authorize.BindingRowScan count=1 success=1 failure=0 total=1.780669ms max=1.780669ms success_total=1.780669ms success_max=1.780669ms failure_total=0s failure_max=0s returned_or_encoded_bytes=96991 last_cause=nil
    context_subcost_diagnostics.go:225: SUBCOST stage=fixture.dispatch.Authorize.Callback count=1 success=1 failure=0 total=51.801897ms max=51.801897ms success_total=51.801897ms success_max=51.801897ms failure_total=0s failure_max=0s returned_or_encoded_bytes=0 last_cause=nil
    context_subcost_diagnostics.go:225: SUBCOST stage=fixture.dispatch.Authorize.Commit count=1 success=1 failure=0 total=2.241915ms max=2.241915ms success_total=2.241915ms success_max=2.241915ms failure_total=0s failure_max=0s returned_or_encoded_bytes=0 last_cause=nil
    context_subcost_diagnostics.go:225: SUBCOST stage=fixture.dispatch.Authorize.FirstClock count=1 success=1 failure=0 total=332.521µs max=332.521µs success_total=332.521µs success_max=332.521µs failure_total=0s failure_max=0s returned_or_encoded_bytes=0 last_cause=nil
    context_subcost_diagnostics.go:225: SUBCOST stage=fixture.dispatch.Authorize.FullInputCompare count=1 success=1 failure=0 total=280.565µs max=280.565µs success_total=280.565µs success_max=280.565µs failure_total=0s failure_max=0s returned_or_encoded_bytes=0 last_cause=nil
    context_subcost_diagnostics.go:225: SUBCOST stage=fixture.dispatch.Authorize.Input.ClosedAll count=1 success=1 failure=0 total=9.067449ms max=9.067449ms success_total=9.067449ms success_max=9.067449ms failure_total=0s failure_max=0s returned_or_encoded_bytes=20812 last_cause=nil
    context_subcost_diagnostics.go:225: SUBCOST stage=fixture.dispatch.Authorize.Input.StrictParse count=1 success=1 failure=0 total=4.074237ms max=4.074237ms success_total=4.074237ms success_max=4.074237ms failure_total=0s failure_max=0s returned_or_encoded_bytes=20812 last_cause=nil
    context_subcost_diagnostics.go:225: SUBCOST stage=fixture.dispatch.Authorize.Input.TrailingEOF count=1 success=1 failure=0 total=5.85µs max=5.85µs success_total=5.85µs success_max=5.85µs failure_total=0s failure_max=0s returned_or_encoded_bytes=0 last_cause=nil
    context_subcost_diagnostics.go:225: SUBCOST stage=fixture.dispatch.Authorize.Input.TypedDecode count=1 success=1 failure=0 total=4.973747ms max=4.973747ms success_total=4.973747ms success_max=4.973747ms failure_total=0s failure_max=0s returned_or_encoded_bytes=20812 last_cause=nil
    context_subcost_diagnostics.go:225: SUBCOST stage=fixture.dispatch.Authorize.InputRowScan count=1 success=1 failure=0 total=740.95µs max=740.95µs success_total=740.95µs success_max=740.95µs failure_total=0s failure_max=0s returned_or_encoded_bytes=20812 last_cause=nil
    context_subcost_diagnostics.go:225: SUBCOST stage=fixture.dispatch.Authorize.RollbackAlreadyDone count=1 success=0 failure=1 total=46.271µs max=46.271µs success_total=0s success_max=0s failure_total=46.271µs failure_max=46.271µs returned_or_encoded_bytes=0 last_cause=*errors.errorString
    context_subcost_diagnostics.go:225: SUBCOST stage=fixture.dispatch.Authorize.SessionSettings count=1 success=1 failure=0 total=244.005µs max=244.005µs success_total=244.005µs success_max=244.005µs failure_total=0s failure_max=0s returned_or_encoded_bytes=0 last_cause=nil
    context_subcost_diagnostics.go:225: SUBCOST stage=fixture.dispatch.Authorize.TrustedClock count=3 success=3 failure=0 total=1.378094ms max=575.043µs success_total=1.378094ms success_max=575.043µs failure_total=0s failure_max=0s returned_or_encoded_bytes=0 last_cause=nil
    context_subcost_diagnostics.go:225: SUBCOST stage=fixture.dispatch.Authorize.WithinFinal count=1 success=1 failure=0 total=55.160438ms max=55.160438ms success_total=55.160438ms success_max=55.160438ms failure_total=0s failure_max=0s returned_or_encoded_bytes=0 last_cause=nil
    context_subcost_diagnostics.go:225: SUBCOST stage=fixture.dispatch.FixtureOther.BeginTx count=3 success=3 failure=0 total=1.314854ms max=617.278µs success_total=1.314854ms success_max=617.278µs failure_total=0s failure_max=0s returned_or_encoded_bytes=0 last_cause=nil
    context_subcost_diagnostics.go:225: SUBCOST stage=fixture.dispatch.FixtureOther.Callback count=3 success=3 failure=0 total=53.819303ms max=37.016193ms success_total=53.819303ms success_max=37.016193ms failure_total=0s failure_max=0s returned_or_encoded_bytes=0 last_cause=nil
    context_subcost_diagnostics.go:225: SUBCOST stage=fixture.dispatch.FixtureOther.Commit count=3 success=3 failure=0 total=4.278729ms max=1.537805ms success_total=4.278729ms success_max=1.537805ms failure_total=0s failure_max=0s returned_or_encoded_bytes=0 last_cause=nil
    context_subcost_diagnostics.go:225: SUBCOST stage=fixture.dispatch.FixtureOther.FirstClock count=3 success=3 failure=0 total=934.653µs max=384.51µs success_total=934.653µs success_max=384.51µs failure_total=0s failure_max=0s returned_or_encoded_bytes=0 last_cause=nil
    context_subcost_diagnostics.go:225: SUBCOST stage=fixture.dispatch.FixtureOther.Input.ClosedAll count=1 success=1 failure=0 total=11.240882ms max=11.240882ms success_total=11.240882ms success_max=11.240882ms failure_total=0s failure_max=0s returned_or_encoded_bytes=20812 last_cause=nil
    context_subcost_diagnostics.go:225: SUBCOST stage=fixture.dispatch.FixtureOther.Input.StrictParse count=1 success=1 failure=0 total=6.930436ms max=6.930436ms success_total=6.930436ms success_max=6.930436ms failure_total=0s failure_max=0s returned_or_encoded_bytes=20812 last_cause=nil
    context_subcost_diagnostics.go:225: SUBCOST stage=fixture.dispatch.FixtureOther.Input.TrailingEOF count=1 success=1 failure=0 total=5.878µs max=5.878µs success_total=5.878µs success_max=5.878µs failure_total=0s failure_max=0s returned_or_encoded_bytes=0 last_cause=nil
    context_subcost_diagnostics.go:225: SUBCOST stage=fixture.dispatch.FixtureOther.Input.TypedDecode count=1 success=1 failure=0 total=4.285226ms max=4.285226ms success_total=4.285226ms success_max=4.285226ms failure_total=0s failure_max=0s returned_or_encoded_bytes=20812 last_cause=nil
    context_subcost_diagnostics.go:225: SUBCOST stage=fixture.dispatch.FixtureOther.InputRowScan count=1 success=1 failure=0 total=605.151µs max=605.151µs success_total=605.151µs success_max=605.151µs failure_total=0s failure_max=0s returned_or_encoded_bytes=20812 last_cause=nil
    context_subcost_diagnostics.go:225: SUBCOST stage=fixture.dispatch.FixtureOther.RollbackAlreadyDone count=3 success=0 failure=3 total=9.782µs max=4.776µs success_total=0s success_max=0s failure_total=9.782µs failure_max=4.776µs returned_or_encoded_bytes=0 last_cause=*errors.errorString
    context_subcost_diagnostics.go:225: SUBCOST stage=fixture.dispatch.FixtureOther.SessionSettings count=3 success=3 failure=0 total=950.233µs max=366.878µs success_total=950.233µs success_max=366.878µs failure_total=0s failure_max=0s returned_or_encoded_bytes=0 last_cause=nil
    context_subcost_diagnostics.go:225: SUBCOST stage=fixture.dispatch.FixtureOther.TrustedClock count=5 success=5 failure=0 total=1.631402ms max=517.903µs success_total=1.631402ms success_max=517.903µs failure_total=0s failure_max=0s returned_or_encoded_bytes=0 last_cause=nil
    context_subcost_diagnostics.go:225: SUBCOST stage=fixture.dispatch.FixtureOther.WithinFinal count=3 success=3 failure=0 total=61.463099ms max=39.675542ms success_total=61.463099ms success_max=39.675542ms failure_total=0s failure_max=0s returned_or_encoded_bytes=0 last_cause=nil
    context_subcost_diagnostics.go:225: SUBCOST stage=fixture.setup.FixtureOther.BeginTx count=4 success=4 failure=0 total=2.270275ms max=813.405µs success_total=2.270275ms success_max=813.405µs failure_total=0s failure_max=0s returned_or_encoded_bytes=0 last_cause=nil
    context_subcost_diagnostics.go:225: SUBCOST stage=fixture.setup.FixtureOther.Callback count=4 success=4 failure=0 total=11.442939ms max=5.269802ms success_total=11.442939ms success_max=5.269802ms failure_total=0s failure_max=0s returned_or_encoded_bytes=0 last_cause=nil
    context_subcost_diagnostics.go:225: SUBCOST stage=fixture.setup.FixtureOther.Commit count=4 success=4 failure=0 total=9.381659ms max=3.460593ms success_total=9.381659ms success_max=3.460593ms failure_total=0s failure_max=0s returned_or_encoded_bytes=0 last_cause=nil
    context_subcost_diagnostics.go:225: SUBCOST stage=fixture.setup.FixtureOther.FirstClock count=4 success=4 failure=0 total=1.057574ms max=310.641µs success_total=1.057574ms success_max=310.641µs failure_total=0s failure_max=0s returned_or_encoded_bytes=0 last_cause=nil
    context_subcost_diagnostics.go:225: SUBCOST stage=fixture.setup.FixtureOther.RollbackAlreadyDone count=4 success=0 failure=4 total=12.113µs max=3.438µs success_total=0s success_max=0s failure_total=12.113µs failure_max=3.438µs returned_or_encoded_bytes=0 last_cause=*errors.errorString
    context_subcost_diagnostics.go:225: SUBCOST stage=fixture.setup.FixtureOther.SessionSettings count=4 success=4 failure=0 total=1.08703ms max=370.277µs success_total=1.08703ms success_max=370.277µs failure_total=0s failure_max=0s returned_or_encoded_bytes=0 last_cause=nil
    context_subcost_diagnostics.go:225: SUBCOST stage=fixture.setup.FixtureOther.TrustedClock count=6 success=6 failure=0 total=1.766615ms max=425.929µs success_total=1.766615ms success_max=425.929µs failure_total=0s failure_max=0s returned_or_encoded_bytes=0 last_cause=nil
    context_subcost_diagnostics.go:225: SUBCOST stage=fixture.setup.FixtureOther.WithinFinal count=4 success=4 failure=0 total=25.489943ms max=9.615482ms success_total=25.489943ms success_max=9.615482ms failure_total=0s failure_max=0s returned_or_encoded_bytes=0 last_cause=nil
    context_subcost_diagnostics.go:225: SUBCOST stage=fixture.worker.Authorize.BeginTx count=2 success=2 failure=0 total=1.096565ms max=771.268µs success_total=1.096565ms success_max=771.268µs failure_total=0s failure_max=0s returned_or_encoded_bytes=0 last_cause=nil
    context_subcost_diagnostics.go:225: SUBCOST stage=fixture.worker.Authorize.Binding.ClosedAll count=2 success=2 failure=0 total=69.696909ms max=35.761492ms success_total=69.696909ms success_max=35.761492ms failure_total=0s failure_max=0s returned_or_encoded_bytes=193982 last_cause=nil
    context_subcost_diagnostics.go:225: SUBCOST stage=fixture.worker.Authorize.Binding.StrictParse count=2 success=2 failure=0 total=33.522136ms max=17.827962ms success_total=33.522136ms success_max=17.827962ms failure_total=0s failure_max=0s returned_or_encoded_bytes=193982 last_cause=nil
    context_subcost_diagnostics.go:225: SUBCOST stage=fixture.worker.Authorize.Binding.TrailingEOF count=2 success=2 failure=0 total=13.25µs max=6.953µs success_total=13.25µs success_max=6.953µs failure_total=0s failure_max=0s returned_or_encoded_bytes=0 last_cause=nil
    context_subcost_diagnostics.go:225: SUBCOST stage=fixture.worker.Authorize.Binding.TypedDecode count=2 success=2 failure=0 total=36.131703ms max=18.221217ms success_total=36.131703ms success_max=18.221217ms failure_total=0s failure_max=0s returned_or_encoded_bytes=193982 last_cause=nil
    context_subcost_diagnostics.go:225: SUBCOST stage=fixture.worker.Authorize.BindingRowScan count=2 success=2 failure=0 total=2.901944ms max=1.47212ms success_total=2.901944ms success_max=1.47212ms failure_total=0s failure_max=0s returned_or_encoded_bytes=193982 last_cause=nil
    context_subcost_diagnostics.go:225: SUBCOST stage=fixture.worker.Authorize.Callback count=2 success=2 failure=0 total=94.606506ms max=48.478122ms success_total=94.606506ms success_max=48.478122ms failure_total=0s failure_max=0s returned_or_encoded_bytes=0 last_cause=nil
    context_subcost_diagnostics.go:225: SUBCOST stage=fixture.worker.Authorize.Commit count=2 success=2 failure=0 total=2.817951ms max=1.503344ms success_total=2.817951ms success_max=1.503344ms failure_total=0s failure_max=0s returned_or_encoded_bytes=0 last_cause=nil
    context_subcost_diagnostics.go:225: SUBCOST stage=fixture.worker.Authorize.FirstClock count=2 success=2 failure=0 total=485.577µs max=249.043µs success_total=485.577µs success_max=249.043µs failure_total=0s failure_max=0s returned_or_encoded_bytes=0 last_cause=nil
    context_subcost_diagnostics.go:225: SUBCOST stage=fixture.worker.Authorize.FullInputCompare count=2 success=2 failure=0 total=573.689µs max=290.682µs success_total=573.689µs success_max=290.682µs failure_total=0s failure_max=0s returned_or_encoded_bytes=0 last_cause=nil
    context_subcost_diagnostics.go:225: SUBCOST stage=fixture.worker.Authorize.Input.ClosedAll count=2 success=2 failure=0 total=15.639672ms max=8.56373ms success_total=15.639672ms success_max=8.56373ms failure_total=0s failure_max=0s returned_or_encoded_bytes=41624 last_cause=nil
    context_subcost_diagnostics.go:225: SUBCOST stage=fixture.worker.Authorize.Input.StrictParse count=2 success=2 failure=0 total=7.464562ms max=4.256756ms success_total=7.464562ms success_max=4.256756ms failure_total=0s failure_max=0s returned_or_encoded_bytes=41624 last_cause=nil
    context_subcost_diagnostics.go:225: SUBCOST stage=fixture.worker.Authorize.Input.TrailingEOF count=2 success=2 failure=0 total=10.871µs max=6.03µs success_total=10.871µs success_max=6.03µs failure_total=0s failure_max=0s returned_or_encoded_bytes=0 last_cause=nil
    context_subcost_diagnostics.go:225: SUBCOST stage=fixture.worker.Authorize.Input.TypedDecode count=2 success=2 failure=0 total=8.13861ms max=4.287627ms success_total=8.13861ms success_max=4.287627ms failure_total=0s failure_max=0s returned_or_encoded_bytes=41624 last_cause=nil
    context_subcost_diagnostics.go:225: SUBCOST stage=fixture.worker.Authorize.InputRowScan count=2 success=2 failure=0 total=3.050141ms max=2.43904ms success_total=3.050141ms success_max=2.43904ms failure_total=0s failure_max=0s returned_or_encoded_bytes=41624 last_cause=nil
    context_subcost_diagnostics.go:225: SUBCOST stage=fixture.worker.Authorize.RollbackAlreadyDone count=2 success=0 failure=2 total=5.82µs max=2.985µs success_total=0s success_max=0s failure_total=5.82µs failure_max=2.985µs returned_or_encoded_bytes=0 last_cause=*errors.errorString
    context_subcost_diagnostics.go:225: SUBCOST stage=fixture.worker.Authorize.SessionSettings count=2 success=2 failure=0 total=525.175µs max=266.101µs success_total=525.175µs success_max=266.101µs failure_total=0s failure_max=0s returned_or_encoded_bytes=0 last_cause=nil
    context_subcost_diagnostics.go:225: SUBCOST stage=fixture.worker.Authorize.TrustedClock count=6 success=6 failure=0 total=2.57083ms max=924.78µs success_total=2.57083ms success_max=924.78µs failure_total=0s failure_max=0s returned_or_encoded_bytes=0 last_cause=nil
    context_subcost_diagnostics.go:225: SUBCOST stage=fixture.worker.Authorize.WithinFinal count=2 success=2 failure=0 total=99.696174ms max=50.902934ms success_total=99.696174ms success_max=50.902934ms failure_total=0s failure_max=0s returned_or_encoded_bytes=0 last_cause=nil
    context_subcost_diagnostics.go:225: SUBCOST stage=fixture.worker.Binding.BeginTx count=1 success=1 failure=0 total=315.541µs max=315.541µs success_total=315.541µs success_max=315.541µs failure_total=0s failure_max=0s returned_or_encoded_bytes=0 last_cause=nil
    context_subcost_diagnostics.go:225: SUBCOST stage=fixture.worker.Binding.Binding.ClosedAll count=1 success=1 failure=0 total=31.429846ms max=31.429846ms success_total=31.429846ms success_max=31.429846ms failure_total=0s failure_max=0s returned_or_encoded_bytes=96991 last_cause=nil
    context_subcost_diagnostics.go:225: SUBCOST stage=fixture.worker.Binding.Binding.StrictParse count=1 success=1 failure=0 total=14.453926ms max=14.453926ms success_total=14.453926ms success_max=14.453926ms failure_total=0s failure_max=0s returned_or_encoded_bytes=96991 last_cause=nil
    context_subcost_diagnostics.go:225: SUBCOST stage=fixture.worker.Binding.Binding.TrailingEOF count=1 success=1 failure=0 total=5.774µs max=5.774µs success_total=5.774µs success_max=5.774µs failure_total=0s failure_max=0s returned_or_encoded_bytes=0 last_cause=nil
    context_subcost_diagnostics.go:225: SUBCOST stage=fixture.worker.Binding.Binding.TypedDecode count=1 success=1 failure=0 total=16.957258ms max=16.957258ms success_total=16.957258ms success_max=16.957258ms failure_total=0s failure_max=0s returned_or_encoded_bytes=96991 last_cause=nil
    context_subcost_diagnostics.go:225: SUBCOST stage=fixture.worker.Binding.BindingRowScan count=1 success=1 failure=0 total=1.843461ms max=1.843461ms success_total=1.843461ms success_max=1.843461ms failure_total=0s failure_max=0s returned_or_encoded_bytes=96991 last_cause=nil
    context_subcost_diagnostics.go:225: SUBCOST stage=fixture.worker.Binding.Callback count=1 success=1 failure=0 total=47.779458ms max=47.779458ms success_total=47.779458ms success_max=47.779458ms failure_total=0s failure_max=0s returned_or_encoded_bytes=0 last_cause=nil
    context_subcost_diagnostics.go:225: SUBCOST stage=fixture.worker.Binding.Commit count=1 success=1 failure=0 total=1.675725ms max=1.675725ms success_total=1.675725ms success_max=1.675725ms failure_total=0s failure_max=0s returned_or_encoded_bytes=0 last_cause=nil
    context_subcost_diagnostics.go:225: SUBCOST stage=fixture.worker.Binding.FirstClock count=1 success=1 failure=0 total=208.008µs max=208.008µs success_total=208.008µs success_max=208.008µs failure_total=0s failure_max=0s returned_or_encoded_bytes=0 last_cause=nil
    context_subcost_diagnostics.go:225: SUBCOST stage=fixture.worker.Binding.FullInputCompare count=1 success=1 failure=0 total=335.087µs max=335.087µs success_total=335.087µs success_max=335.087µs failure_total=0s failure_max=0s returned_or_encoded_bytes=0 last_cause=nil
    context_subcost_diagnostics.go:225: SUBCOST stage=fixture.worker.Binding.FullPermissionCompare count=1 success=1 failure=0 total=28.269µs max=28.269µs success_total=28.269µs success_max=28.269µs failure_total=0s failure_max=0s returned_or_encoded_bytes=0 last_cause=nil
    context_subcost_diagnostics.go:225: SUBCOST stage=fixture.worker.Binding.Input.ClosedAll count=1 success=1 failure=0 total=12.637975ms max=12.637975ms success_total=12.637975ms success_max=12.637975ms failure_total=0s failure_max=0s returned_or_encoded_bytes=20812 last_cause=nil
    context_subcost_diagnostics.go:225: SUBCOST stage=fixture.worker.Binding.Input.StrictParse count=1 success=1 failure=0 total=5.148289ms max=5.148289ms success_total=5.148289ms success_max=5.148289ms failure_total=0s failure_max=0s returned_or_encoded_bytes=20812 last_cause=nil
    context_subcost_diagnostics.go:225: SUBCOST stage=fixture.worker.Binding.Input.TrailingEOF count=1 success=1 failure=0 total=5.496µs max=5.496µs success_total=5.496µs success_max=5.496µs failure_total=0s failure_max=0s returned_or_encoded_bytes=0 last_cause=nil
    context_subcost_diagnostics.go:225: SUBCOST stage=fixture.worker.Binding.Input.TypedDecode count=1 success=1 failure=0 total=7.471595ms max=7.471595ms success_total=7.471595ms success_max=7.471595ms failure_total=0s failure_max=0s returned_or_encoded_bytes=20812 last_cause=nil
    context_subcost_diagnostics.go:225: SUBCOST stage=fixture.worker.Binding.InputRowScan count=1 success=1 failure=0 total=498.926µs max=498.926µs success_total=498.926µs success_max=498.926µs failure_total=0s failure_max=0s returned_or_encoded_bytes=20812 last_cause=nil
    context_subcost_diagnostics.go:225: SUBCOST stage=fixture.worker.Binding.RollbackAlreadyDone count=1 success=0 failure=1 total=2.512µs max=2.512µs success_total=0s success_max=0s failure_total=2.512µs failure_max=2.512µs returned_or_encoded_bytes=0 last_cause=*errors.errorString
    context_subcost_diagnostics.go:225: SUBCOST stage=fixture.worker.Binding.SessionSettings count=1 success=1 failure=0 total=206.142µs max=206.142µs success_total=206.142µs success_max=206.142µs failure_total=0s failure_max=0s returned_or_encoded_bytes=0 last_cause=nil
    context_subcost_diagnostics.go:225: SUBCOST stage=fixture.worker.Binding.TrustedClock count=3 success=3 failure=0 total=974.646µs max=470.821µs success_total=974.646µs success_max=470.821µs failure_total=0s failure_max=0s returned_or_encoded_bytes=0 last_cause=nil
    context_subcost_diagnostics.go:225: SUBCOST stage=fixture.worker.Binding.WithinFinal count=1 success=1 failure=0 total=50.224714ms max=50.224714ms success_total=50.224714ms success_max=50.224714ms failure_total=0s failure_max=0s returned_or_encoded_bytes=0 last_cause=nil
    context_subcost_diagnostics.go:225: SUBCOST stage=fixture.worker.Current.BeginTx count=20 success=20 failure=0 total=8.102266ms max=892.225µs success_total=8.102266ms success_max=892.225µs failure_total=0s failure_max=0s returned_or_encoded_bytes=0 last_cause=nil
    context_subcost_diagnostics.go:225: SUBCOST stage=fixture.worker.Current.Binding.ClosedAll count=20 success=20 failure=0 total=696.716119ms max=45.265984ms success_total=696.716119ms success_max=45.265984ms failure_total=0s failure_max=0s returned_or_encoded_bytes=1939820 last_cause=nil
    context_subcost_diagnostics.go:225: SUBCOST stage=fixture.worker.Current.Binding.StrictParse count=20 success=20 failure=0 total=316.057142ms max=21.896682ms success_total=316.057142ms success_max=21.896682ms failure_total=0s failure_max=0s returned_or_encoded_bytes=1939820 last_cause=nil
    context_subcost_diagnostics.go:225: SUBCOST stage=fixture.worker.Current.Binding.TrailingEOF count=20 success=20 failure=0 total=129.26µs max=8.787µs success_total=129.26µs success_max=8.787µs failure_total=0s failure_max=0s returned_or_encoded_bytes=0 last_cause=nil
    context_subcost_diagnostics.go:225: SUBCOST stage=fixture.worker.Current.Binding.TypedDecode count=20 success=20 failure=0 total=380.174491ms max=26.482733ms success_total=380.174491ms success_max=26.482733ms failure_total=0s failure_max=0s returned_or_encoded_bytes=1939820 last_cause=nil
    context_subcost_diagnostics.go:225: SUBCOST stage=fixture.worker.Current.BindingRowScan count=20 success=20 failure=0 total=34.87421ms max=5.794851ms success_total=34.87421ms success_max=5.794851ms failure_total=0s failure_max=0s returned_or_encoded_bytes=1939820 last_cause=nil
    context_subcost_diagnostics.go:225: SUBCOST stage=fixture.worker.Current.Callback count=20 success=20 failure=0 total=937.193396ms max=59.670259ms success_total=937.193396ms success_max=59.670259ms failure_total=0s failure_max=0s returned_or_encoded_bytes=0 last_cause=nil
    context_subcost_diagnostics.go:225: SUBCOST stage=fixture.worker.Current.Commit count=20 success=20 failure=0 total=83.005544ms max=6.299487ms success_total=83.005544ms success_max=6.299487ms failure_total=0s failure_max=0s returned_or_encoded_bytes=0 last_cause=nil
    context_subcost_diagnostics.go:225: SUBCOST stage=fixture.worker.Current.FirstClock count=20 success=20 failure=0 total=6.014136ms max=516.256µs success_total=6.014136ms success_max=516.256µs failure_total=0s failure_max=0s returned_or_encoded_bytes=0 last_cause=nil
    context_subcost_diagnostics.go:225: SUBCOST stage=fixture.worker.Current.FullInputCompare count=20 success=20 failure=0 total=6.265067ms max=532.896µs success_total=6.265067ms success_max=532.896µs failure_total=0s failure_max=0s returned_or_encoded_bytes=0 last_cause=nil
    context_subcost_diagnostics.go:225: SUBCOST stage=fixture.worker.Current.FullPermissionCompare count=20 success=20 failure=0 total=970.437µs max=117.742µs success_total=970.437µs success_max=117.742µs failure_total=0s failure_max=0s returned_or_encoded_bytes=0 last_cause=nil
    context_subcost_diagnostics.go:225: SUBCOST stage=fixture.worker.Current.Input.ClosedAll count=20 success=20 failure=0 total=160.647099ms max=10.772758ms success_total=160.647099ms success_max=10.772758ms failure_total=0s failure_max=0s returned_or_encoded_bytes=416240 last_cause=nil
    context_subcost_diagnostics.go:225: SUBCOST stage=fixture.worker.Current.Input.StrictParse count=20 success=20 failure=0 total=74.375547ms max=5.247908ms success_total=74.375547ms success_max=5.247908ms failure_total=0s failure_max=0s returned_or_encoded_bytes=416240 last_cause=nil
    context_subcost_diagnostics.go:225: SUBCOST stage=fixture.worker.Current.Input.TrailingEOF count=20 success=20 failure=0 total=120.308µs max=8.979µs success_total=120.308µs success_max=8.979µs failure_total=0s failure_max=0s returned_or_encoded_bytes=0 last_cause=nil
    context_subcost_diagnostics.go:225: SUBCOST stage=fixture.worker.Current.Input.TypedDecode count=20 success=20 failure=0 total=85.813336ms max=5.618297ms success_total=85.813336ms success_max=5.618297ms failure_total=0s failure_max=0s returned_or_encoded_bytes=416240 last_cause=nil
    context_subcost_diagnostics.go:225: SUBCOST stage=fixture.worker.Current.InputRowScan count=20 success=20 failure=0 total=15.580959ms max=2.496878ms success_total=15.580959ms success_max=2.496878ms failure_total=0s failure_max=0s returned_or_encoded_bytes=416240 last_cause=nil
    context_subcost_diagnostics.go:225: SUBCOST stage=fixture.worker.Current.RollbackAlreadyDone count=20 success=0 failure=20 total=69.158µs max=5.874µs success_total=0s success_max=0s failure_total=69.158µs failure_max=5.874µs returned_or_encoded_bytes=0 last_cause=*errors.errorString
    context_subcost_diagnostics.go:225: SUBCOST stage=fixture.worker.Current.SessionSettings count=20 success=20 failure=0 total=6.34218ms max=827.314µs success_total=6.34218ms success_max=827.314µs failure_total=0s failure_max=0s returned_or_encoded_bytes=0 last_cause=nil
    context_subcost_diagnostics.go:225: SUBCOST stage=fixture.worker.Current.TrustedClock count=60 success=60 failure=0 total=21.090942ms max=644.911µs success_total=21.090942ms success_max=644.911µs failure_total=0s failure_max=0s returned_or_encoded_bytes=0 last_cause=nil
    context_subcost_diagnostics.go:225: SUBCOST stage=fixture.worker.Current.WithinFinal count=20 success=20 failure=0 total=1.041688083s max=63.778684ms success_total=1.041688083s success_max=63.778684ms failure_total=0s failure_max=0s returned_or_encoded_bytes=0 last_cause=nil
    context_subcost_diagnostics.go:225: SUBCOST stage=objects.compiler.Read count=65 success=65 failure=0 total=9.861688ms max=1.550063ms success_total=9.861688ms success_max=1.550063ms failure_total=0s failure_max=0s returned_or_encoded_bytes=94613 last_cause=nil
    context_subcost_diagnostics.go:225: SUBCOST stage=objects.independent.Read count=1 success=1 failure=0 total=116.799µs max=116.799µs success_total=116.799µs success_max=116.799µs failure_total=0s failure_max=0s returned_or_encoded_bytes=850 last_cause=nil
    context_subcost_diagnostics.go:225: SUBCOST stage=objects.setup.outside_processing_read.Read count=59 success=59 failure=0 total=7.293525ms max=693.633µs success_total=7.293525ms success_max=693.633µs failure_total=0s failure_max=0s returned_or_encoded_bytes=354 last_cause=nil
    context_subcost_diagnostics.go:225: SUBCOST stage=objects.worker.Read count=22 success=22 failure=0 total=3.144903ms max=419.277µs success_total=3.144903ms success_max=419.277µs failure_total=0s failure_max=0s returned_or_encoded_bytes=155658 last_cause=nil
    context_subcost_diagnostics.go:225: SUBCOST stage=outer.compiler.access.PrepareContent count=4 success=4 failure=0 total=48.960357ms max=13.487862ms success_total=48.960357ms success_max=13.487862ms failure_total=0s failure_max=0s returned_or_encoded_bytes=0 last_cause=nil
    context_subcost_diagnostics.go:225: SUBCOST stage=outer.compiler.access.StagePublication count=4 success=4 failure=0 total=260.043515ms max=132.980401ms success_total=260.043515ms success_max=132.980401ms failure_total=0s failure_max=0s returned_or_encoded_bytes=0 last_cause=nil
    context_subcost_diagnostics.go:225: SUBCOST stage=outer.compiler.content.GetCommand count=8 success=8 failure=0 total=168.713709ms max=45.008709ms success_total=168.713709ms success_max=45.008709ms failure_total=0s failure_max=0s returned_or_encoded_bytes=0 last_cause=nil
    context_subcost_diagnostics.go:225: SUBCOST stage=outer.compiler.content.Put count=4 success=4 failure=0 total=4.291675683s max=1.387454555s success_total=4.291675683s success_max=1.387454555s failure_total=0s failure_max=0s returned_or_encoded_bytes=0 last_cause=nil
    context_subcost_diagnostics.go:225: SUBCOST stage=outer.compiler.content.Step count=4 success=4 failure=0 total=2.618272051s max=719.722354ms success_total=2.618272051s success_max=719.722354ms failure_total=0s failure_max=0s returned_or_encoded_bytes=0 last_cause=nil
    context_subcost_diagnostics.go:225: SUBCOST stage=outer.dispatch.store.Now count=4 success=4 failure=0 total=1.229161ms max=355.455µs success_total=1.229161ms success_max=355.455µs failure_total=0s failure_max=0s returned_or_encoded_bytes=0 last_cause=nil
    context_subcost_diagnostics.go:225: SUBCOST stage=outer.dispatch.store.SaveDecision count=1 success=1 failure=0 total=53.714661ms max=53.714661ms success_total=53.714661ms success_max=53.714661ms failure_total=0s failure_max=0s returned_or_encoded_bytes=0 last_cause=nil
    context_subcost_diagnostics.go:225: SUBCOST stage=outer.dispatch.store.Within count=1 success=1 failure=0 total=220.337366ms max=220.337366ms success_total=220.337366ms success_max=220.337366ms failure_total=0s failure_max=0s returned_or_encoded_bytes=0 last_cause=nil
    context_subcost_diagnostics.go:225: SUBCOST stage=outer.dispatch.store.WithinSave count=1 success=1 failure=0 total=220.383836ms max=220.383836ms success_total=220.383836ms success_max=220.383836ms failure_total=0s failure_max=0s returned_or_encoded_bytes=0 last_cause=nil
    context_subcost_diagnostics.go:225: SUBCOST stage=outer.worker.access.Binding count=1 success=1 failure=0 total=50.282891ms max=50.282891ms success_total=50.282891ms success_max=50.282891ms failure_total=0s failure_max=0s returned_or_encoded_bytes=0 last_cause=nil
    context_subcost_diagnostics.go:225: SUBCOST stage=outer.worker.access.Current count=20 success=20 failure=0 total=1.044828952s max=63.925438ms success_total=1.044828952s success_max=63.925438ms failure_total=0s failure_max=0s returned_or_encoded_bytes=0 last_cause=nil
    context_subcost_diagnostics.go:225: SUBCOST stage=outer.worker.content.ReadForProcessing count=23 success=22 failure=1 total=3.698027987s max=718.787341ms success_total=3.692152443s success_max=718.787341ms failure_total=5.875544ms failure_max=5.875544ms returned_or_encoded_bytes=0 last_cause=context.deadlineExceededError:context_deadline
    context_subcost_diagnostics.go:225: SUBCOST stage=outer.worker.source.Lock count=1 success=1 failure=0 total=1.433479518s max=1.433479518s success_total=1.433479518s success_max=1.433479518s failure_total=0s failure_max=0s returned_or_encoded_bytes=0 last_cause=nil
    context_subcost_diagnostics.go:225: SUBCOST stage=outer.worker.source.Material count=19 success=18 failure=1 total=2.241279564s max=767.796211ms success_total=2.17496735s success_max=767.796211ms failure_total=66.312214ms failure_max=66.312214ms returned_or_encoded_bytes=0 last_cause=*errors.joinError:context_deadline:dependency_unavailable
    context_subcost_diagnostics.go:225: SUBCOST stage=outer.worker.source.Snapshot count=1 success=1 failure=0 total=1.248667987s max=1.248667987s success_total=1.248667987s success_max=1.248667987s failure_total=0s failure_max=0s returned_or_encoded_bytes=0 last_cause=nil
    context_subcost_diagnostics.go:225: SUBCOST stage=outer.worker.store.Claim count=1 success=1 failure=0 total=1.158288ms max=1.158288ms success_total=1.158288ms success_max=1.158288ms failure_total=0s failure_max=0s returned_or_encoded_bytes=0 last_cause=nil
    context_subcost_diagnostics.go:225: SUBCOST stage=outer.worker.store.Now count=10 success=10 failure=0 total=3.516805ms max=470.054µs success_total=3.516805ms success_max=470.054µs failure_total=0s failure_max=0s returned_or_encoded_bytes=0 last_cause=nil
    context_subcost_diagnostics.go:225: SUBCOST stage=outer.worker.store.SaveDecision count=1 success=1 failure=0 total=2.565506ms max=2.565506ms success_total=2.565506ms success_max=2.565506ms failure_total=0s failure_max=0s returned_or_encoded_bytes=0 last_cause=nil
    context_subcost_diagnostics.go:225: SUBCOST stage=outer.worker.store.ValidateClaim count=4 success=3 failure=1 total=2.142893ms max=741.659µs success_total=1.565221ms success_max=741.659µs failure_total=577.672µs failure_max=577.672µs returned_or_encoded_bytes=0 last_cause=*errors.errorString:claim
    context_subcost_diagnostics.go:225: SUBCOST stage=outer.worker.store.ValidatePoolClaim count=2 success=2 failure=0 total=2.041985ms max=1.048976ms success_total=2.041985ms success_max=1.048976ms failure_total=0s failure_max=0s returned_or_encoded_bytes=0 last_cause=nil
    context_subcost_diagnostics.go:225: SUBCOST stage=outer.worker.store.Within count=9 success=8 failure=1 total=64.868361ms max=14.34653ms success_total=52.307278ms success_max=14.34653ms failure_total=12.561083ms failure_max=12.561083ms returned_or_encoded_bytes=0 last_cause=*errors.errorString:claim
    context_subcost_diagnostics.go:225: SUBCOST stage=outer.worker.store.WithinSave count=1 success=1 failure=0 total=10.808308ms max=10.808308ms success_total=10.808308ms success_max=10.808308ms failure_total=0s failure_max=0s returned_or_encoded_bytes=0 last_cause=nil
    context_subcost_diagnostics.go:234: SUBCOST reads mode=compiler attempts=65 successes=65 exactly_two_actual_callbacks=65 actual_object_reads=65 exactly_two_Within_calls=65 absent_later_stage_is_not_zero_cost=true
    context_subcost_diagnostics.go:234: SUBCOST reads mode=independent attempts=1 successes=1 exactly_two_actual_callbacks=1 actual_object_reads=1 exactly_two_Within_calls=1 absent_later_stage_is_not_zero_cost=true
    context_subcost_diagnostics.go:234: SUBCOST reads mode=worker attempts=23 successes=22 exactly_two_actual_callbacks=22 actual_object_reads=22 exactly_two_Within_calls=22 absent_later_stage_is_not_zero_cost=true
=== RUN   TestContentContextReachableClosure64And65IncludesIntermediateVersions/65
    context_claim_diagnostics.go:126: CLAIM_DIAG bounded_events=15 dropped=0 inclusive_totals_do_not_sum=true
    context_claim_diagnostics.go:128: CLAIM_DIAG first_error kind=phase.compile-and-bind-end at=12.215427399s duration=4.172499182s caller_remaining=17.784553472s cause=*errors.joinError:context_overflow 
    context_claim_diagnostics.go:128: CLAIM_DIAG event kind=phase.testcase-start at=19.685µs duration=813ns caller_remaining=29.999961186s cause=nil 
    context_claim_diagnostics.go:128: CLAIM_DIAG event kind=phase.owners-established at=218.793053ms duration=1.423µs caller_remaining=29.781187818s cause=nil 
    context_claim_diagnostics.go:128: CLAIM_DIAG event kind=phase.original-bounds at=219.776507ms duration=13.363µs caller_remaining=29.780204364s cause=nil payload_sha256=a863d1f2888eb66beaabca1e9c96c28c8b0defe183c5e1c36f9ca0b833ec1514 caller=30s lease=5s input=262144 output=131072 capacity=524288 reserve=131072 read=262160 original_deadline=2026-10-05T01:17:27.408889Z
    context_claim_diagnostics.go:128: CLAIM_DIAG event kind=phase.initial-primary-selector-published at=368.6971ms duration=822ns caller_remaining=29.631283771s cause=nil 
    context_claim_diagnostics.go:128: CLAIM_DIAG event kind=phase.all-upstream-sources-published at=8.02274036s duration=847ns caller_remaining=21.977240511s cause=nil 
    context_claim_diagnostics.go:128: CLAIM_DIAG event kind=phase.compile-start at=8.042929034s duration=817ns caller_remaining=21.957051837s cause=nil 
    context_claim_diagnostics.go:128: CLAIM_DIAG event kind=phase.compile-and-bind-end at=12.215427399s duration=4.172499182s caller_remaining=17.784553472s cause=*errors.joinError:context_overflow 
    context_claim_diagnostics.go:148: CLAIM_DIAG aggregate kind=phase.all-upstream-sources-published count=1 inclusive_total=847ns max=847ns
    context_claim_diagnostics.go:148: CLAIM_DIAG aggregate kind=phase.compile-and-bind-end count=1 inclusive_total=4.172499182s max=4.172499182s
    context_claim_diagnostics.go:148: CLAIM_DIAG aggregate kind=phase.compile-start count=1 inclusive_total=817ns max=817ns
    context_claim_diagnostics.go:148: CLAIM_DIAG aggregate kind=phase.initial-primary-selector-published count=1 inclusive_total=822ns max=822ns
    context_claim_diagnostics.go:148: CLAIM_DIAG aggregate kind=phase.original-bounds count=1 inclusive_total=13.363µs max=13.363µs
    context_claim_diagnostics.go:148: CLAIM_DIAG aggregate kind=phase.owners-established count=1 inclusive_total=1.423µs max=1.423µs
    context_claim_diagnostics.go:148: CLAIM_DIAG aggregate kind=phase.testcase-start count=1 inclusive_total=813ns max=813ns
    context_claim_diagnostics.go:148: CLAIM_DIAG aggregate kind=store.Now count=4 inclusive_total=1.413376ms max=387.516µs
    context_claim_diagnostics.go:148: CLAIM_DIAG aggregate kind=store.Within count=4 inclusive_total=11.838183ms max=4.249674ms
    context_subcost_diagnostics.go:217: SUBCOST bounded_keys=40 dropped=0 ambiguous=0 inclusive_nested_do_not_sum=true
    context_subcost_diagnostics.go:225: SUBCOST stage=content.compiler.post.Callback count=62 success=62 failure=0 total=695.138707ms max=32.490808ms success_total=695.138707ms success_max=32.490808ms failure_total=0s failure_max=0s returned_or_encoded_bytes=0 last_cause=nil
    context_subcost_diagnostics.go:225: SUBCOST stage=content.compiler.post.CheckPolicy count=181 success=181 failure=0 total=169.656124ms max=13.052151ms success_total=169.656124ms success_max=13.052151ms failure_total=0s failure_max=0s returned_or_encoded_bytes=0 last_cause=nil
    context_subcost_diagnostics.go:225: SUBCOST stage=content.compiler.post.LockVersion count=181 success=181 failure=0 total=253.74656ms max=6.000738ms success_total=253.74656ms success_max=6.000738ms failure_total=0s failure_max=0s returned_or_encoded_bytes=0 last_cause=nil
    context_subcost_diagnostics.go:225: SUBCOST stage=content.compiler.post.Now count=424 success=424 failure=0 total=153.437433ms max=3.259516ms success_total=153.437433ms success_max=3.259516ms failure_total=0s failure_max=0s returned_or_encoded_bytes=0 last_cause=nil
    context_subcost_diagnostics.go:225: SUBCOST stage=content.compiler.post.WithinFinal count=62 success=62 failure=0 total=844.563266ms max=38.340791ms success_total=844.563266ms success_max=38.340791ms failure_total=0s failure_max=0s returned_or_encoded_bytes=0 last_cause=nil
    context_subcost_diagnostics.go:225: SUBCOST stage=content.compiler.pre.Callback count=62 success=62 failure=0 total=647.408425ms max=17.194645ms success_total=647.408425ms success_max=17.194645ms failure_total=0s failure_max=0s returned_or_encoded_bytes=0 last_cause=nil
    context_subcost_diagnostics.go:225: SUBCOST stage=content.compiler.pre.CheckPolicy count=181 success=181 failure=0 total=144.427775ms max=3.753168ms success_total=144.427775ms success_max=3.753168ms failure_total=0s failure_max=0s returned_or_encoded_bytes=0 last_cause=nil
    context_subcost_diagnostics.go:225: SUBCOST stage=content.compiler.pre.LockVersion count=181 success=181 failure=0 total=248.314473ms max=8.463279ms success_total=248.314473ms success_max=8.463279ms failure_total=0s failure_max=0s returned_or_encoded_bytes=0 last_cause=nil
    context_subcost_diagnostics.go:225: SUBCOST stage=content.compiler.pre.Now count=424 success=424 failure=0 total=145.478569ms max=1.386161ms success_total=145.478569ms success_max=1.386161ms failure_total=0s failure_max=0s returned_or_encoded_bytes=0 last_cause=nil
    context_subcost_diagnostics.go:225: SUBCOST stage=content.compiler.pre.WithinFinal count=62 success=62 failure=0 total=810.417073ms max=24.166071ms success_total=810.417073ms success_max=24.166071ms failure_total=0s failure_max=0s returned_or_encoded_bytes=0 last_cause=nil
    context_subcost_diagnostics.go:225: SUBCOST stage=content.setup.outside_processing_read.Callback count=306 success=306 failure=0 total=5.624453372s max=79.600601ms success_total=5.624453372s success_max=79.600601ms failure_total=0s failure_max=0s returned_or_encoded_bytes=0 last_cause=nil
    context_subcost_diagnostics.go:225: SUBCOST stage=content.setup.outside_processing_read.CheckPolicy count=901 success=901 failure=0 total=710.18919ms max=6.314466ms success_total=710.18919ms success_max=6.314466ms failure_total=0s failure_max=0s returned_or_encoded_bytes=0 last_cause=nil
    context_subcost_diagnostics.go:225: SUBCOST stage=content.setup.outside_processing_read.LockVersion count=901 success=901 failure=0 total=1.231170192s max=16.896045ms success_total=1.231170192s success_max=16.896045ms failure_total=0s failure_max=0s returned_or_encoded_bytes=0 last_cause=nil
    context_subcost_diagnostics.go:225: SUBCOST stage=content.setup.outside_processing_read.Now count=2356 success=2356 failure=0 total=847.701098ms max=4.9056ms success_total=847.701098ms success_max=4.9056ms failure_total=0s failure_max=0s returned_or_encoded_bytes=0 last_cause=nil
    context_subcost_diagnostics.go:225: SUBCOST stage=content.setup.outside_processing_read.WithinFinal count=306 success=306 failure=0 total=6.384218666s max=88.89304ms success_total=6.384218666s success_max=88.89304ms failure_total=0s failure_max=0s returned_or_encoded_bytes=0 last_cause=nil
    context_subcost_diagnostics.go:225: SUBCOST stage=fixture.compiler.FixtureOther.BeginTx count=140 success=140 failure=0 total=51.087117ms max=3.147752ms success_total=51.087117ms success_max=3.147752ms failure_total=0s failure_max=0s returned_or_encoded_bytes=0 last_cause=nil
    context_subcost_diagnostics.go:225: SUBCOST stage=fixture.compiler.FixtureOther.Callback count=140 success=140 failure=0 total=1.968872435s max=24.24806ms success_total=1.968872435s success_max=24.24806ms failure_total=0s failure_max=0s returned_or_encoded_bytes=0 last_cause=nil
    context_subcost_diagnostics.go:225: SUBCOST stage=fixture.compiler.FixtureOther.Commit count=140 success=140 failure=0 total=220.10989ms max=11.073526ms success_total=220.10989ms success_max=11.073526ms failure_total=0s failure_max=0s returned_or_encoded_bytes=0 last_cause=nil
    context_subcost_diagnostics.go:225: SUBCOST stage=fixture.compiler.FixtureOther.FirstClock count=140 success=140 failure=0 total=41.996561ms max=753.806µs success_total=41.996561ms success_max=753.806µs failure_total=0s failure_max=0s returned_or_encoded_bytes=0 last_cause=nil
    context_subcost_diagnostics.go:225: SUBCOST stage=fixture.compiler.FixtureOther.Input.ClosedAll count=132 success=132 failure=0 total=1.119430767s max=17.31971ms success_total=1.119430767s success_max=17.31971ms failure_total=0s failure_max=0s returned_or_encoded_bytes=2785992 last_cause=nil
    context_subcost_diagnostics.go:225: SUBCOST stage=fixture.compiler.FixtureOther.Input.StrictParse count=132 success=132 failure=0 total=521.110071ms max=11.988774ms success_total=521.110071ms success_max=11.988774ms failure_total=0s failure_max=0s returned_or_encoded_bytes=2785992 last_cause=nil
    context_subcost_diagnostics.go:225: SUBCOST stage=fixture.compiler.FixtureOther.Input.TrailingEOF count=132 success=132 failure=0 total=1.016323ms max=175.952µs success_total=1.016323ms success_max=175.952µs failure_total=0s failure_max=0s returned_or_encoded_bytes=0 last_cause=nil
    context_subcost_diagnostics.go:225: SUBCOST stage=fixture.compiler.FixtureOther.Input.TypedDecode count=132 success=132 failure=0 total=595.357832ms max=8.652851ms success_total=595.357832ms success_max=8.652851ms failure_total=0s failure_max=0s returned_or_encoded_bytes=2785992 last_cause=nil
    context_subcost_diagnostics.go:225: SUBCOST stage=fixture.compiler.FixtureOther.InputRowScan count=132 success=132 failure=0 total=82.205388ms max=4.336538ms success_total=82.205388ms success_max=4.336538ms failure_total=0s failure_max=0s returned_or_encoded_bytes=2785992 last_cause=nil
    context_subcost_diagnostics.go:225: SUBCOST stage=fixture.compiler.FixtureOther.RollbackAlreadyDone count=140 success=0 failure=140 total=488.619µs max=25.651µs success_total=0s success_max=0s failure_total=488.619µs failure_max=25.651µs returned_or_encoded_bytes=0 last_cause=*errors.errorString
    context_subcost_diagnostics.go:225: SUBCOST stage=fixture.compiler.FixtureOther.SessionSettings count=140 success=140 failure=0 total=39.012489ms max=1.2461ms success_total=39.012489ms success_max=1.2461ms failure_total=0s failure_max=0s returned_or_encoded_bytes=0 last_cause=nil
    context_subcost_diagnostics.go:225: SUBCOST stage=fixture.compiler.FixtureOther.TrustedClock count=265 success=265 failure=0 total=86.756267ms max=1.665096ms success_total=86.756267ms success_max=1.665096ms failure_total=0s failure_max=0s returned_or_encoded_bytes=0 last_cause=nil
    context_subcost_diagnostics.go:225: SUBCOST stage=fixture.compiler.FixtureOther.WithinFinal count=140 success=140 failure=0 total=2.330128897s max=38.460716ms success_total=2.330128897s success_max=38.460716ms failure_total=0s failure_max=0s returned_or_encoded_bytes=0 last_cause=nil
    context_subcost_diagnostics.go:225: SUBCOST stage=fixture.setup.FixtureOther.BeginTx count=4 success=4 failure=0 total=1.378486ms max=578.429µs success_total=1.378486ms success_max=578.429µs failure_total=0s failure_max=0s returned_or_encoded_bytes=0 last_cause=nil
    context_subcost_diagnostics.go:225: SUBCOST stage=fixture.setup.FixtureOther.Callback count=4 success=4 failure=0 total=10.998276ms max=5.30767ms success_total=10.998276ms success_max=5.30767ms failure_total=0s failure_max=0s returned_or_encoded_bytes=0 last_cause=nil
    context_subcost_diagnostics.go:225: SUBCOST stage=fixture.setup.FixtureOther.Commit count=4 success=4 failure=0 total=5.424214ms max=1.613505ms success_total=5.424214ms success_max=1.613505ms failure_total=0s failure_max=0s returned_or_encoded_bytes=0 last_cause=nil
    context_subcost_diagnostics.go:225: SUBCOST stage=fixture.setup.FixtureOther.FirstClock count=4 success=4 failure=0 total=1.038603ms max=308.846µs success_total=1.038603ms success_max=308.846µs failure_total=0s failure_max=0s returned_or_encoded_bytes=0 last_cause=nil
    context_subcost_diagnostics.go:225: SUBCOST stage=fixture.setup.FixtureOther.RollbackAlreadyDone count=4 success=0 failure=4 total=31.815µs max=24.345µs success_total=0s success_max=0s failure_total=31.815µs failure_max=24.345µs returned_or_encoded_bytes=0 last_cause=*errors.errorString
    context_subcost_diagnostics.go:225: SUBCOST stage=fixture.setup.FixtureOther.SessionSettings count=4 success=4 failure=0 total=1.153604ms max=424.102µs success_total=1.153604ms success_max=424.102µs failure_total=0s failure_max=0s returned_or_encoded_bytes=0 last_cause=nil
    context_subcost_diagnostics.go:225: SUBCOST stage=fixture.setup.FixtureOther.TrustedClock count=6 success=6 failure=0 total=1.596059ms max=304.932µs success_total=1.596059ms success_max=304.932µs failure_total=0s failure_max=0s returned_or_encoded_bytes=0 last_cause=nil
    context_subcost_diagnostics.go:225: SUBCOST stage=fixture.setup.FixtureOther.WithinFinal count=4 success=4 failure=0 total=20.247969ms max=8.090339ms success_total=20.247969ms success_max=8.090339ms failure_total=0s failure_max=0s returned_or_encoded_bytes=0 last_cause=nil
    context_subcost_diagnostics.go:225: SUBCOST stage=objects.compiler.Read count=62 success=62 failure=0 total=8.086032ms max=557.676µs success_total=8.086032ms success_max=557.676µs failure_total=0s failure_max=0s returned_or_encoded_bytes=382 last_cause=nil
    context_subcost_diagnostics.go:225: SUBCOST stage=objects.setup.outside_processing_read.Read count=60 success=60 failure=0 total=6.228991ms max=194.644µs success_total=6.228991ms success_max=194.644µs failure_total=0s failure_max=0s returned_or_encoded_bytes=360 last_cause=nil
    context_subcost_diagnostics.go:225: SUBCOST stage=outer.compiler.store.Now count=4 success=4 failure=0 total=1.405236ms max=385.765µs success_total=1.405236ms success_max=385.765µs failure_total=0s failure_max=0s returned_or_encoded_bytes=0 last_cause=nil
    context_subcost_diagnostics.go:225: SUBCOST stage=outer.compiler.store.Within count=4 success=4 failure=0 total=11.830485ms max=4.247279ms success_total=11.830485ms success_max=4.247279ms failure_total=0s failure_max=0s returned_or_encoded_bytes=0 last_cause=nil
    context_subcost_diagnostics.go:234: SUBCOST reads mode=compiler attempts=62 successes=62 exactly_two_actual_callbacks=62 actual_object_reads=62 exactly_two_Within_calls=62 absent_later_stage_is_not_zero_cost=true
--- FAIL: TestContentContextReachableClosure64And65IncludesIntermediateVersions (41.95s)
    --- FAIL: TestContentContextReachableClosure64And65IncludesIntermediateVersions/64 (29.52s)
    --- PASS: TestContentContextReachableClosure64And65IncludesIntermediateVersions/65 (12.43s)
=== RUN   TestContentContextStaticModeMaximumReachable62Materials
    content_context_material_reachable_test.go:69: normal real rule step failed {0 0001-01-01 00:00:00 +0000 UTC 0s} claim is invalid, expired or replaced
    context_claim_diagnostics.go:126: CLAIM_DIAG bounded_events=188 dropped=0 inclusive_totals_do_not_sum=true
    context_claim_diagnostics.go:128: CLAIM_DIAG first_error kind=subcost.fixture.worker.Current.InputRowScan at=21.896701648s duration=466.746µs caller_remaining=8.10329318s cause=*pgconn.errTimeout:context_deadline 
    context_claim_diagnostics.go:128: CLAIM_DIAG event kind=phase.testcase-start at=17.771µs duration=634ns caller_remaining=29.999977057s cause=nil 
    context_claim_diagnostics.go:128: CLAIM_DIAG event kind=phase.owners-established at=202.903349ms duration=1.199µs caller_remaining=29.797091479s cause=nil 
    context_claim_diagnostics.go:128: CLAIM_DIAG event kind=phase.original-bounds at=204.154606ms duration=15.027µs caller_remaining=29.795840222s cause=nil payload_sha256=93d386891b080a4dbb5fad77017785ac38d0c07a394538023fcc6935e98caecb caller=30s lease=5s input=262144 output=131072 capacity=524288 reserve=131072 read=262144 original_deadline=2026-10-05T01:17:39.824885Z
    context_claim_diagnostics.go:128: CLAIM_DIAG event kind=phase.initial-primary-selector-published at=368.12385ms duration=834ns caller_remaining=29.631870978s cause=nil 
    context_claim_diagnostics.go:128: CLAIM_DIAG event kind=phase.all-upstream-sources-published at=4.708566115s duration=653ns caller_remaining=25.291428713s cause=nil 
    context_claim_diagnostics.go:128: CLAIM_DIAG event kind=phase.compile-start at=4.733091811s duration=841ns caller_remaining=25.266903017s cause=nil 
    context_claim_diagnostics.go:128: CLAIM_DIAG event kind=phase.compile-published-pre-bind at=16.018047348s duration=983ns caller_remaining=13.98194748s cause=nil 
    context_claim_diagnostics.go:128: CLAIM_DIAG event kind=phase.compile-and-bind-end at=16.042927422s duration=11.309836452s caller_remaining=13.957067406s cause=nil 
    context_claim_diagnostics.go:128: CLAIM_DIAG event kind=phase.independent-lock-observation-start at=16.042934383s duration=1.209µs caller_remaining=13.957060445s cause=nil 
    context_claim_diagnostics.go:128: CLAIM_DIAG event kind=phase.independent-lock-observation-end at=16.647932089s duration=604.999109ms caller_remaining=13.352062739s cause=nil 
    context_claim_diagnostics.go:128: CLAIM_DIAG event kind=phase.dispatch-start at=16.649135286s duration=1.766µs caller_remaining=13.350859542s cause=nil 
    context_claim_diagnostics.go:128: CLAIM_DIAG event kind=store.SaveDecision at=16.789727234s duration=3.488063ms caller_remaining=13.210267594s cause=nil status=accepted prepared=false sequence=0 input_digest=sha256:baa66c7cc469f673dd65589c6a8515d0d8147cdbd7813db94830d97c2781cf33 callback_only=true
    context_claim_diagnostics.go:128: CLAIM_DIAG event kind=store.WithinSave at=16.802622209s duration=26.028787ms caller_remaining=13.197372619s cause=nil callback_cause=nil final_cause=nil committed=true save_cause=nil status=accepted prepared=false sequence=0 input_digest=sha256:baa66c7cc469f673dd65589c6a8515d0d8147cdbd7813db94830d97c2781cf33
    context_claim_diagnostics.go:128: CLAIM_DIAG event kind=phase.dispatch-end at=16.807445081s duration=158.311561ms caller_remaining=13.192549747s cause=nil 
    context_claim_diagnostics.go:128: CLAIM_DIAG event kind=phase.decision-step-start at=16.807450295s duration=973ns caller_remaining=13.192544533s cause=nil 
    context_claim_diagnostics.go:128: CLAIM_DIAG event kind=store.Claim at=16.898165871s duration=1.954467ms caller_remaining=13.101828957s cause=nil job=job-e1567e9447db445e26cda50350349233 epoch=1 revision=1 phase=decide lease_until=2026-10-05T01:16:01.518014Z supplied_now=2026-10-05T01:15:56.518014Z lease_delta=5s
    context_claim_diagnostics.go:128: CLAIM_DIAG event kind=store.SaveDecision at=17.018961278s duration=3.048284ms caller_remaining=12.98103355s cause=nil status=running prepared=false sequence=1 input_digest=sha256:baa66c7cc469f673dd65589c6a8515d0d8147cdbd7813db94830d97c2781cf33 callback_only=true
    context_claim_diagnostics.go:128: CLAIM_DIAG event kind=store.WithinSave at=17.022062213s duration=15.737799ms caller_remaining=12.977932615s cause=nil callback_cause=nil final_cause=nil committed=true save_cause=nil status=running prepared=false sequence=1 input_digest=sha256:baa66c7cc469f673dd65589c6a8515d0d8147cdbd7813db94830d97c2781cf33
    context_claim_diagnostics.go:128: CLAIM_DIAG event kind=phase.decision-step-end at=21.907123399s duration=5.099674077s caller_remaining=8.092871429s cause=*errors.errorString:claim 
    context_claim_diagnostics.go:128: CLAIM_DIAG event kind=subcost.fixture.worker.Current.InputRowScan at=21.896701648s duration=466.746µs caller_remaining=8.10329318s cause=*pgconn.errTimeout:context_deadline 
    context_claim_diagnostics.go:128: CLAIM_DIAG event kind=subcost.fixture.worker.Current.Callback at=21.896726554s duration=40.003404ms caller_remaining=8.103268274s cause=*pgconn.errTimeout:context_deadline 
    context_claim_diagnostics.go:128: CLAIM_DIAG event kind=subcost.fixture.worker.Current.WithinFinal at=21.89675243s duration=40.755872ms caller_remaining=8.103242398s cause=*pgconn.errTimeout:context_deadline 
    context_claim_diagnostics.go:128: CLAIM_DIAG event kind=access.Current at=21.896796167s duration=40.924386ms caller_remaining=8.103198661s cause=*pgconn.errTimeout:context_deadline 
    context_claim_diagnostics.go:128: CLAIM_DIAG event kind=source.Material at=21.896812583s duration=40.942518ms caller_remaining=8.103182245s cause=*pgconn.errTimeout:context_deadline bytes=0
    context_claim_diagnostics.go:128: CLAIM_DIAG event kind=store.ValidateClaim at=21.906389374s duration=1.322531ms caller_remaining=8.093605454s cause=*errors.errorString:claim job=job-e1567e9447db445e26cda50350349233 epoch=1 revision=1 phase=decide lease_until=2026-10-05T01:16:01.518014Z supplied_now=2026-10-05T01:16:01.526669Z lease_delta=-8.655ms
    context_claim_diagnostics.go:128: CLAIM_DIAG event kind=store.Within at=21.907113929s duration=10.28438ms caller_remaining=8.092880899s cause=*errors.errorString:claim 
    context_claim_diagnostics.go:148: CLAIM_DIAG aggregate kind=access.Binding count=1 inclusive_total=49.648452ms max=49.648452ms
    context_claim_diagnostics.go:148: CLAIM_DIAG aggregate kind=access.Current count=36 inclusive_total=1.901702421s max=66.073739ms
    context_claim_diagnostics.go:148: CLAIM_DIAG aggregate kind=access.PrepareContent count=4 inclusive_total=51.856234ms max=13.732048ms
    context_claim_diagnostics.go:148: CLAIM_DIAG aggregate kind=access.StagePublication count=4 inclusive_total=255.527868ms max=131.819417ms
    context_claim_diagnostics.go:148: CLAIM_DIAG aggregate kind=content.GetCommand count=8 inclusive_total=134.989044ms max=19.034447ms
    context_claim_diagnostics.go:148: CLAIM_DIAG aggregate kind=content.Put count=4 inclusive_total=3.717979008s max=1.081256294s
    context_claim_diagnostics.go:148: CLAIM_DIAG aggregate kind=content.ReadForProcessing count=38 inclusive_total=2.785799163s max=559.623255ms
    context_claim_diagnostics.go:148: CLAIM_DIAG aggregate kind=content.Step count=4 inclusive_total=2.016121807s max=551.023491ms
    context_claim_diagnostics.go:148: CLAIM_DIAG aggregate kind=phase.all-upstream-sources-published count=1 inclusive_total=653ns max=653ns
    context_claim_diagnostics.go:148: CLAIM_DIAG aggregate kind=phase.compile-and-bind-end count=1 inclusive_total=11.309836452s max=11.309836452s
    context_claim_diagnostics.go:148: CLAIM_DIAG aggregate kind=phase.compile-published-pre-bind count=1 inclusive_total=983ns max=983ns
    context_claim_diagnostics.go:148: CLAIM_DIAG aggregate kind=phase.compile-start count=1 inclusive_total=841ns max=841ns
    context_claim_diagnostics.go:148: CLAIM_DIAG aggregate kind=phase.decision-step-end count=1 inclusive_total=5.099674077s max=5.099674077s
    context_claim_diagnostics.go:148: CLAIM_DIAG aggregate kind=phase.decision-step-start count=1 inclusive_total=973ns max=973ns
    context_claim_diagnostics.go:148: CLAIM_DIAG aggregate kind=phase.dispatch-end count=1 inclusive_total=158.311561ms max=158.311561ms
    context_claim_diagnostics.go:148: CLAIM_DIAG aggregate kind=phase.dispatch-start count=1 inclusive_total=1.766µs max=1.766µs
    context_claim_diagnostics.go:148: CLAIM_DIAG aggregate kind=phase.independent-lock-observation-end count=1 inclusive_total=604.999109ms max=604.999109ms
    context_claim_diagnostics.go:148: CLAIM_DIAG aggregate kind=phase.independent-lock-observation-start count=1 inclusive_total=1.209µs max=1.209µs
    context_claim_diagnostics.go:148: CLAIM_DIAG aggregate kind=phase.initial-primary-selector-published count=1 inclusive_total=834ns max=834ns
    context_claim_diagnostics.go:148: CLAIM_DIAG aggregate kind=phase.original-bounds count=1 inclusive_total=15.027µs max=15.027µs
    context_claim_diagnostics.go:148: CLAIM_DIAG aggregate kind=phase.owners-established count=1 inclusive_total=1.199µs max=1.199µs
    context_claim_diagnostics.go:148: CLAIM_DIAG aggregate kind=phase.testcase-start count=1 inclusive_total=634ns max=634ns
    context_claim_diagnostics.go:148: CLAIM_DIAG aggregate kind=source.Lock count=1 inclusive_total=1.178782455s max=1.178782455s
    context_claim_diagnostics.go:148: CLAIM_DIAG aggregate kind=source.Material count=35 inclusive_total=2.710629028s max=423.153776ms
    context_claim_diagnostics.go:148: CLAIM_DIAG aggregate kind=source.Snapshot count=1 inclusive_total=982.213489ms max=982.213489ms
    context_claim_diagnostics.go:148: CLAIM_DIAG aggregate kind=store.Claim count=1 inclusive_total=1.954467ms max=1.954467ms
    context_claim_diagnostics.go:148: CLAIM_DIAG aggregate kind=store.Now count=14 inclusive_total=5.703743ms max=821.592µs
    context_claim_diagnostics.go:148: CLAIM_DIAG aggregate kind=store.SaveDecision count=2 inclusive_total=6.536347ms max=3.488063ms
    context_claim_diagnostics.go:148: CLAIM_DIAG aggregate kind=store.ValidateClaim count=4 inclusive_total=5.378213ms max=2.85328ms
    context_claim_diagnostics.go:148: CLAIM_DIAG aggregate kind=store.ValidatePoolClaim count=2 inclusive_total=3.028939ms max=1.556737ms
    context_claim_diagnostics.go:148: CLAIM_DIAG aggregate kind=store.Within count=10 inclusive_total=99.362617ms max=26.007154ms
    context_claim_diagnostics.go:148: CLAIM_DIAG aggregate kind=store.WithinSave count=2 inclusive_total=41.766586ms max=26.028787ms
    context_claim_diagnostics.go:148: CLAIM_DIAG aggregate kind=subcost.fixture.worker.Current.Callback count=1 inclusive_total=40.003404ms max=40.003404ms
    context_claim_diagnostics.go:148: CLAIM_DIAG aggregate kind=subcost.fixture.worker.Current.InputRowScan count=1 inclusive_total=466.746µs max=466.746µs
    context_claim_diagnostics.go:148: CLAIM_DIAG aggregate kind=subcost.fixture.worker.Current.WithinFinal count=1 inclusive_total=40.755872ms max=40.755872ms
    context_claim_diagnostics.go:128: CLAIM_DIAG last_gate kind=store.ValidateClaim at=21.906389374s duration=1.322531ms caller_remaining=8.093605454s cause=*errors.errorString:claim job=job-e1567e9447db445e26cda50350349233 epoch=1 revision=1 phase=decide lease_until=2026-10-05T01:16:01.518014Z supplied_now=2026-10-05T01:16:01.526669Z lease_delta=-8.655ms
    context_claim_diagnostics.go:128: CLAIM_DIAG last_gate kind=store.ValidatePoolClaim at=17.015681346s duration=1.556737ms caller_remaining=12.984313482s cause=nil job=job-e1567e9447db445e26cda50350349233 epoch=1 revision=1 phase=decide lease_until=2026-10-05T01:16:01.518014Z supplied_now=2026-10-05T01:15:56.63534Z lease_delta=4.882674s
    context_subcost_diagnostics.go:217: SUBCOST bounded_keys=178 dropped=0 ambiguous=0 inclusive_nested_do_not_sum=true
    context_subcost_diagnostics.go:225: SUBCOST stage=content.compiler.outside_processing_read.Callback count=20 success=20 failure=0 total=5.479430552s max=920.011615ms success_total=5.479430552s success_max=920.011615ms failure_total=0s failure_max=0s returned_or_encoded_bytes=0 last_cause=nil
    context_subcost_diagnostics.go:225: SUBCOST stage=content.compiler.outside_processing_read.CheckPolicy count=762 success=762 failure=0 total=594.608712ms max=5.12336ms success_total=594.608712ms success_max=5.12336ms failure_total=0s failure_max=0s returned_or_encoded_bytes=0 last_cause=nil
    context_subcost_diagnostics.go:225: SUBCOST stage=content.compiler.outside_processing_read.LockVersion count=770 success=770 failure=0 total=1.015053334s max=6.370658ms success_total=1.015053334s success_max=6.370658ms failure_total=0s failure_max=0s returned_or_encoded_bytes=0 last_cause=nil
    context_subcost_diagnostics.go:225: SUBCOST stage=content.compiler.outside_processing_read.Now count=1568 success=1568 failure=0 total=551.494754ms max=5.710629ms success_total=551.494754ms success_max=5.710629ms failure_total=0s failure_max=0s returned_or_encoded_bytes=0 last_cause=nil
    context_subcost_diagnostics.go:225: SUBCOST stage=content.compiler.outside_processing_read.WithinFinal count=20 success=20 failure=0 total=5.528453012s max=923.153669ms success_total=5.528453012s success_max=923.153669ms failure_total=0s failure_max=0s returned_or_encoded_bytes=0 last_cause=nil
    context_subcost_diagnostics.go:225: SUBCOST stage=content.compiler.post.Callback count=65 success=65 failure=0 total=1.144574954s max=268.667064ms success_total=1.144574954s success_max=268.667064ms failure_total=0s failure_max=0s returned_or_encoded_bytes=0 last_cause=nil
    context_subcost_diagnostics.go:225: SUBCOST stage=content.compiler.post.CheckPolicy count=315 success=315 failure=0 total=229.208894ms max=3.399379ms success_total=229.208894ms success_max=3.399379ms failure_total=0s failure_max=0s returned_or_encoded_bytes=0 last_cause=nil
    context_subcost_diagnostics.go:225: SUBCOST stage=content.compiler.post.LockVersion count=315 success=315 failure=0 total=388.078721ms max=6.979745ms success_total=388.078721ms success_max=6.979745ms failure_total=0s failure_max=0s returned_or_encoded_bytes=0 last_cause=nil
    context_subcost_diagnostics.go:225: SUBCOST stage=content.compiler.post.Now count=695 success=695 failure=0 total=223.763467ms max=4.007052ms success_total=223.763467ms success_max=4.007052ms failure_total=0s failure_max=0s returned_or_encoded_bytes=0 last_cause=nil
    context_subcost_diagnostics.go:225: SUBCOST stage=content.compiler.post.WithinFinal count=65 success=65 failure=0 total=1.283278403s max=271.421076ms success_total=1.283278403s success_max=271.421076ms failure_total=0s failure_max=0s returned_or_encoded_bytes=0 last_cause=nil
    context_subcost_diagnostics.go:225: SUBCOST stage=content.compiler.pre.Callback count=65 success=65 failure=0 total=1.185118795s max=327.069205ms success_total=1.185118795s success_max=327.069205ms failure_total=0s failure_max=0s returned_or_encoded_bytes=0 last_cause=nil
    context_subcost_diagnostics.go:225: SUBCOST stage=content.compiler.pre.CheckPolicy count=315 success=315 failure=0 total=241.265856ms max=4.307316ms success_total=241.265856ms success_max=4.307316ms failure_total=0s failure_max=0s returned_or_encoded_bytes=0 last_cause=nil
    context_subcost_diagnostics.go:225: SUBCOST stage=content.compiler.pre.LockVersion count=315 success=315 failure=0 total=402.212877ms max=4.362254ms success_total=402.212877ms success_max=4.362254ms failure_total=0s failure_max=0s returned_or_encoded_bytes=0 last_cause=nil
    context_subcost_diagnostics.go:225: SUBCOST stage=content.compiler.pre.Now count=695 success=695 failure=0 total=232.173341ms max=2.423187ms success_total=232.173341ms success_max=2.423187ms failure_total=0s failure_max=0s returned_or_encoded_bytes=0 last_cause=nil
    context_subcost_diagnostics.go:225: SUBCOST stage=content.compiler.pre.WithinFinal count=65 success=65 failure=0 total=1.320224449s max=330.240844ms success_total=1.320224449s success_max=330.240844ms failure_total=0s failure_max=0s returned_or_encoded_bytes=0 last_cause=nil
    context_subcost_diagnostics.go:225: SUBCOST stage=content.independent.post.Callback count=1 success=1 failure=0 total=314.129733ms max=314.129733ms success_total=314.129733ms success_max=314.129733ms failure_total=0s failure_max=0s returned_or_encoded_bytes=0 last_cause=nil
    context_subcost_diagnostics.go:225: SUBCOST stage=content.independent.post.CheckPolicy count=65 success=65 failure=0 total=52.29395ms max=1.859731ms success_total=52.29395ms success_max=1.859731ms failure_total=0s failure_max=0s returned_or_encoded_bytes=0 last_cause=nil
    context_subcost_diagnostics.go:225: SUBCOST stage=content.independent.post.LockVersion count=65 success=65 failure=0 total=86.834846ms max=3.381174ms success_total=86.834846ms success_max=3.381174ms failure_total=0s failure_max=0s returned_or_encoded_bytes=0 last_cause=nil
    context_subcost_diagnostics.go:225: SUBCOST stage=content.independent.post.Now count=131 success=131 failure=0 total=49.580022ms max=1.882908ms success_total=49.580022ms success_max=1.882908ms failure_total=0s failure_max=0s returned_or_encoded_bytes=0 last_cause=nil
    context_subcost_diagnostics.go:225: SUBCOST stage=content.independent.post.WithinFinal count=1 success=1 failure=0 total=317.268985ms max=317.268985ms success_total=317.268985ms success_max=317.268985ms failure_total=0s failure_max=0s returned_or_encoded_bytes=0 last_cause=nil
    context_subcost_diagnostics.go:225: SUBCOST stage=content.independent.pre.Callback count=1 success=1 failure=0 total=284.548854ms max=284.548854ms success_total=284.548854ms success_max=284.548854ms failure_total=0s failure_max=0s returned_or_encoded_bytes=0 last_cause=nil
    context_subcost_diagnostics.go:225: SUBCOST stage=content.independent.pre.CheckPolicy count=65 success=65 failure=0 total=45.575704ms max=2.1872ms success_total=45.575704ms success_max=2.1872ms failure_total=0s failure_max=0s returned_or_encoded_bytes=0 last_cause=nil
    context_subcost_diagnostics.go:225: SUBCOST stage=content.independent.pre.LockVersion count=65 success=65 failure=0 total=81.312854ms max=3.412495ms success_total=81.312854ms success_max=3.412495ms failure_total=0s failure_max=0s returned_or_encoded_bytes=0 last_cause=nil
    context_subcost_diagnostics.go:225: SUBCOST stage=content.independent.pre.Now count=131 success=131 failure=0 total=40.466802ms max=635.956µs success_total=40.466802ms success_max=635.956µs failure_total=0s failure_max=0s returned_or_encoded_bytes=0 last_cause=nil
    context_subcost_diagnostics.go:225: SUBCOST stage=content.independent.pre.WithinFinal count=1 success=1 failure=0 total=287.024094ms max=287.024094ms success_total=287.024094ms success_max=287.024094ms failure_total=0s failure_max=0s returned_or_encoded_bytes=0 last_cause=nil
    context_subcost_diagnostics.go:225: SUBCOST stage=content.setup.outside_processing_read.Callback count=306 success=306 failure=0 total=2.56008674s max=49.578859ms success_total=2.56008674s success_max=49.578859ms failure_total=0s failure_max=0s returned_or_encoded_bytes=0 last_cause=nil
    context_subcost_diagnostics.go:225: SUBCOST stage=content.setup.outside_processing_read.CheckPolicy count=306 success=306 failure=0 total=235.274677ms max=4.231352ms success_total=235.274677ms success_max=4.231352ms failure_total=0s failure_max=0s returned_or_encoded_bytes=0 last_cause=nil
    context_subcost_diagnostics.go:225: SUBCOST stage=content.setup.outside_processing_read.LockVersion count=306 success=306 failure=0 total=376.856368ms max=7.470276ms success_total=376.856368ms success_max=7.470276ms failure_total=0s failure_max=0s returned_or_encoded_bytes=0 last_cause=nil
    context_subcost_diagnostics.go:225: SUBCOST stage=content.setup.outside_processing_read.Now count=1166 success=1166 failure=0 total=381.475507ms max=3.919687ms success_total=381.475507ms success_max=3.919687ms failure_total=0s failure_max=0s returned_or_encoded_bytes=0 last_cause=nil
    context_subcost_diagnostics.go:225: SUBCOST stage=content.setup.outside_processing_read.WithinFinal count=306 success=306 failure=0 total=3.214825046s max=52.325957ms success_total=3.214825046s success_max=52.325957ms failure_total=0s failure_max=0s returned_or_encoded_bytes=0 last_cause=nil
    context_subcost_diagnostics.go:225: SUBCOST stage=content.worker.post.Callback count=38 success=38 failure=0 total=1.294027286s max=285.417433ms success_total=1.294027286s success_max=285.417433ms failure_total=0s failure_max=0s returned_or_encoded_bytes=0 last_cause=nil
    context_subcost_diagnostics.go:225: SUBCOST stage=content.worker.post.CheckPolicy count=349 success=349 failure=0 total=260.507436ms max=2.507523ms success_total=260.507436ms success_max=2.507523ms failure_total=0s failure_max=0s returned_or_encoded_bytes=0 last_cause=nil
    context_subcost_diagnostics.go:225: SUBCOST stage=content.worker.post.LockVersion count=349 success=349 failure=0 total=449.720279ms max=4.160117ms success_total=449.720279ms success_max=4.160117ms failure_total=0s failure_max=0s returned_or_encoded_bytes=0 last_cause=nil
    context_subcost_diagnostics.go:225: SUBCOST stage=content.worker.post.Now count=736 success=736 failure=0 total=260.760278ms max=5.119876ms success_total=260.760278ms success_max=5.119876ms failure_total=0s failure_max=0s returned_or_encoded_bytes=0 last_cause=nil
    context_subcost_diagnostics.go:225: SUBCOST stage=content.worker.post.WithinFinal count=38 success=38 failure=0 total=1.391336985s max=288.610014ms success_total=1.391336985s success_max=288.610014ms failure_total=0s failure_max=0s returned_or_encoded_bytes=0 last_cause=nil
    context_subcost_diagnostics.go:225: SUBCOST stage=content.worker.pre.Callback count=38 success=38 failure=0 total=1.268672774s max=268.333532ms success_total=1.268672774s success_max=268.333532ms failure_total=0s failure_max=0s returned_or_encoded_bytes=0 last_cause=nil
    context_subcost_diagnostics.go:225: SUBCOST stage=content.worker.pre.CheckPolicy count=349 success=349 failure=0 total=254.706856ms max=2.180643ms success_total=254.706856ms success_max=2.180643ms failure_total=0s failure_max=0s returned_or_encoded_bytes=0 last_cause=nil
    context_subcost_diagnostics.go:225: SUBCOST stage=content.worker.pre.LockVersion count=349 success=349 failure=0 total=432.636517ms max=6.234695ms success_total=432.636517ms success_max=6.234695ms failure_total=0s failure_max=0s returned_or_encoded_bytes=0 last_cause=nil
    context_subcost_diagnostics.go:225: SUBCOST stage=content.worker.pre.Now count=736 success=736 failure=0 total=248.818597ms max=8.786386ms success_total=248.818597ms success_max=8.786386ms failure_total=0s failure_max=0s returned_or_encoded_bytes=0 last_cause=nil
    context_subcost_diagnostics.go:225: SUBCOST stage=content.worker.pre.WithinFinal count=38 success=38 failure=0 total=1.368322059s max=270.28151ms success_total=1.368322059s success_max=270.28151ms failure_total=0s failure_max=0s returned_or_encoded_bytes=0 last_cause=nil
    context_subcost_diagnostics.go:225: SUBCOST stage=fixture.compiler.FixtureOther.BeginTx count=137 success=137 failure=0 total=53.767552ms max=5.954282ms success_total=53.767552ms success_max=5.954282ms failure_total=0s failure_max=0s returned_or_encoded_bytes=0 last_cause=nil
    context_subcost_diagnostics.go:225: SUBCOST stage=fixture.compiler.FixtureOther.Callback count=137 success=137 failure=0 total=1.994552474s max=21.828544ms success_total=1.994552474s success_max=21.828544ms failure_total=0s failure_max=0s returned_or_encoded_bytes=0 last_cause=nil
    context_subcost_diagnostics.go:225: SUBCOST stage=fixture.compiler.FixtureOther.Commit count=137 success=137 failure=0 total=206.571941ms max=3.490481ms success_total=206.571941ms success_max=3.490481ms failure_total=0s failure_max=0s returned_or_encoded_bytes=0 last_cause=nil
    context_subcost_diagnostics.go:225: SUBCOST stage=fixture.compiler.FixtureOther.FirstClock count=137 success=137 failure=0 total=39.360573ms max=588.352µs success_total=39.360573ms success_max=588.352µs failure_total=0s failure_max=0s returned_or_encoded_bytes=0 last_cause=nil
    context_subcost_diagnostics.go:225: SUBCOST stage=fixture.compiler.FixtureOther.Input.ClosedAll count=137 success=137 failure=0 total=1.119057264s max=13.253286ms success_total=1.119057264s success_max=13.253286ms failure_total=0s failure_max=0s returned_or_encoded_bytes=2839325 last_cause=nil
    context_subcost_diagnostics.go:225: SUBCOST stage=fixture.compiler.FixtureOther.Input.StrictParse count=137 success=137 failure=0 total=521.693222ms max=7.504757ms success_total=521.693222ms success_max=7.504757ms failure_total=0s failure_max=0s returned_or_encoded_bytes=2839325 last_cause=nil
    context_subcost_diagnostics.go:225: SUBCOST stage=fixture.compiler.FixtureOther.Input.TrailingEOF count=137 success=137 failure=0 total=897.372µs max=58.703µs success_total=897.372µs success_max=58.703µs failure_total=0s failure_max=0s returned_or_encoded_bytes=0 last_cause=nil
    context_subcost_diagnostics.go:225: SUBCOST stage=fixture.compiler.FixtureOther.Input.TypedDecode count=137 success=137 failure=0 total=594.546447ms max=6.946927ms success_total=594.546447ms success_max=6.946927ms failure_total=0s failure_max=0s returned_or_encoded_bytes=2839325 last_cause=nil
    context_subcost_diagnostics.go:225: SUBCOST stage=fixture.compiler.FixtureOther.InputRowScan count=137 success=137 failure=0 total=80.956992ms max=3.851634ms success_total=80.956992ms success_max=3.851634ms failure_total=0s failure_max=0s returned_or_encoded_bytes=2839325 last_cause=nil
    context_subcost_diagnostics.go:225: SUBCOST stage=fixture.compiler.FixtureOther.RollbackAlreadyDone count=137 success=0 failure=137 total=465.95µs max=27.184µs success_total=0s success_max=0s failure_total=465.95µs failure_max=27.184µs returned_or_encoded_bytes=0 last_cause=*errors.errorString
    context_subcost_diagnostics.go:225: SUBCOST stage=fixture.compiler.FixtureOther.SessionSettings count=137 success=137 failure=0 total=35.136101ms max=541.917µs success_total=35.136101ms success_max=541.917µs failure_total=0s failure_max=0s returned_or_encoded_bytes=0 last_cause=nil
    context_subcost_diagnostics.go:225: SUBCOST stage=fixture.compiler.FixtureOther.TrustedClock count=274 success=274 failure=0 total=101.827025ms max=6.260438ms success_total=101.827025ms success_max=6.260438ms failure_total=0s failure_max=0s returned_or_encoded_bytes=0 last_cause=nil
    context_subcost_diagnostics.go:225: SUBCOST stage=fixture.compiler.FixtureOther.WithinFinal count=137 success=137 failure=0 total=2.337506093s max=24.990295ms success_total=2.337506093s success_max=24.990295ms failure_total=0s failure_max=0s returned_or_encoded_bytes=0 last_cause=nil
    context_subcost_diagnostics.go:225: SUBCOST stage=fixture.dispatch.Authorize.BeginTx count=1 success=1 failure=0 total=282.857µs max=282.857µs success_total=282.857µs success_max=282.857µs failure_total=0s failure_max=0s returned_or_encoded_bytes=0 last_cause=nil
    context_subcost_diagnostics.go:225: SUBCOST stage=fixture.dispatch.Authorize.Binding.ClosedAll count=1 success=1 failure=0 total=33.725498ms max=33.725498ms success_total=33.725498ms success_max=33.725498ms failure_total=0s failure_max=0s returned_or_encoded_bytes=97330 last_cause=nil
    context_subcost_diagnostics.go:225: SUBCOST stage=fixture.dispatch.Authorize.Binding.StrictParse count=1 success=1 failure=0 total=14.430201ms max=14.430201ms success_total=14.430201ms success_max=14.430201ms failure_total=0s failure_max=0s returned_or_encoded_bytes=97330 last_cause=nil
    context_subcost_diagnostics.go:225: SUBCOST stage=fixture.dispatch.Authorize.Binding.TrailingEOF count=1 success=1 failure=0 total=6.059µs max=6.059µs success_total=6.059µs success_max=6.059µs failure_total=0s failure_max=0s returned_or_encoded_bytes=0 last_cause=nil
    context_subcost_diagnostics.go:225: SUBCOST stage=fixture.dispatch.Authorize.Binding.TypedDecode count=1 success=1 failure=0 total=19.275646ms max=19.275646ms success_total=19.275646ms success_max=19.275646ms failure_total=0s failure_max=0s returned_or_encoded_bytes=97330 last_cause=nil
    context_subcost_diagnostics.go:225: SUBCOST stage=fixture.dispatch.Authorize.BindingRowScan count=1 success=1 failure=0 total=1.358979ms max=1.358979ms success_total=1.358979ms success_max=1.358979ms failure_total=0s failure_max=0s returned_or_encoded_bytes=97330 last_cause=nil
    context_subcost_diagnostics.go:225: SUBCOST stage=fixture.dispatch.Authorize.Callback count=1 success=1 failure=0 total=45.312443ms max=45.312443ms success_total=45.312443ms success_max=45.312443ms failure_total=0s failure_max=0s returned_or_encoded_bytes=0 last_cause=nil
    context_subcost_diagnostics.go:225: SUBCOST stage=fixture.dispatch.Authorize.Commit count=1 success=1 failure=0 total=1.853892ms max=1.853892ms success_total=1.853892ms success_max=1.853892ms failure_total=0s failure_max=0s returned_or_encoded_bytes=0 last_cause=nil
    context_subcost_diagnostics.go:225: SUBCOST stage=fixture.dispatch.Authorize.FirstClock count=1 success=1 failure=0 total=333.211µs max=333.211µs success_total=333.211µs success_max=333.211µs failure_total=0s failure_max=0s returned_or_encoded_bytes=0 last_cause=nil
    context_subcost_diagnostics.go:225: SUBCOST stage=fixture.dispatch.Authorize.FullInputCompare count=1 success=1 failure=0 total=274.245µs max=274.245µs success_total=274.245µs success_max=274.245µs failure_total=0s failure_max=0s returned_or_encoded_bytes=0 last_cause=nil
    context_subcost_diagnostics.go:225: SUBCOST stage=fixture.dispatch.Authorize.Input.ClosedAll count=1 success=1 failure=0 total=7.846691ms max=7.846691ms success_total=7.846691ms success_max=7.846691ms failure_total=0s failure_max=0s returned_or_encoded_bytes=20725 last_cause=nil
    context_subcost_diagnostics.go:225: SUBCOST stage=fixture.dispatch.Authorize.Input.StrictParse count=1 success=1 failure=0 total=3.568935ms max=3.568935ms success_total=3.568935ms success_max=3.568935ms failure_total=0s failure_max=0s returned_or_encoded_bytes=20725 last_cause=nil
    context_subcost_diagnostics.go:225: SUBCOST stage=fixture.dispatch.Authorize.Input.TrailingEOF count=1 success=1 failure=0 total=5.4µs max=5.4µs success_total=5.4µs success_max=5.4µs failure_total=0s failure_max=0s returned_or_encoded_bytes=0 last_cause=nil
    context_subcost_diagnostics.go:225: SUBCOST stage=fixture.dispatch.Authorize.Input.TypedDecode count=1 success=1 failure=0 total=4.260275ms max=4.260275ms success_total=4.260275ms success_max=4.260275ms failure_total=0s failure_max=0s returned_or_encoded_bytes=20725 last_cause=nil
    context_subcost_diagnostics.go:225: SUBCOST stage=fixture.dispatch.Authorize.InputRowScan count=1 success=1 failure=0 total=700.962µs max=700.962µs success_total=700.962µs success_max=700.962µs failure_total=0s failure_max=0s returned_or_encoded_bytes=20725 last_cause=nil
    context_subcost_diagnostics.go:225: SUBCOST stage=fixture.dispatch.Authorize.RollbackAlreadyDone count=1 success=0 failure=1 total=2.7µs max=2.7µs success_total=0s success_max=0s failure_total=2.7µs failure_max=2.7µs returned_or_encoded_bytes=0 last_cause=*errors.errorString
    context_subcost_diagnostics.go:225: SUBCOST stage=fixture.dispatch.Authorize.SessionSettings count=1 success=1 failure=0 total=218.107µs max=218.107µs success_total=218.107µs success_max=218.107µs failure_total=0s failure_max=0s returned_or_encoded_bytes=0 last_cause=nil
    context_subcost_diagnostics.go:225: SUBCOST stage=fixture.dispatch.Authorize.TrustedClock count=3 success=3 failure=0 total=1.306895ms max=679.891µs success_total=1.306895ms success_max=679.891µs failure_total=0s failure_max=0s returned_or_encoded_bytes=0 last_cause=nil
    context_subcost_diagnostics.go:225: SUBCOST stage=fixture.dispatch.Authorize.WithinFinal count=1 success=1 failure=0 total=48.06161ms max=48.06161ms success_total=48.06161ms success_max=48.06161ms failure_total=0s failure_max=0s returned_or_encoded_bytes=0 last_cause=nil
    context_subcost_diagnostics.go:225: SUBCOST stage=fixture.dispatch.FixtureOther.BeginTx count=3 success=3 failure=0 total=1.126879ms max=448.807µs success_total=1.126879ms success_max=448.807µs failure_total=0s failure_max=0s returned_or_encoded_bytes=0 last_cause=nil
    context_subcost_diagnostics.go:225: SUBCOST stage=fixture.dispatch.FixtureOther.Callback count=3 success=3 failure=0 total=64.143958ms max=50.64173ms success_total=64.143958ms success_max=50.64173ms failure_total=0s failure_max=0s returned_or_encoded_bytes=0 last_cause=nil
    context_subcost_diagnostics.go:225: SUBCOST stage=fixture.dispatch.FixtureOther.Commit count=3 success=3 failure=0 total=5.277424ms max=2.124972ms success_total=5.277424ms success_max=2.124972ms failure_total=0s failure_max=0s returned_or_encoded_bytes=0 last_cause=nil
    context_subcost_diagnostics.go:225: SUBCOST stage=fixture.dispatch.FixtureOther.FirstClock count=3 success=3 failure=0 total=786.519µs max=296.738µs success_total=786.519µs success_max=296.738µs failure_total=0s failure_max=0s returned_or_encoded_bytes=0 last_cause=nil
    context_subcost_diagnostics.go:225: SUBCOST stage=fixture.dispatch.FixtureOther.Input.ClosedAll count=1 success=1 failure=0 total=7.524627ms max=7.524627ms success_total=7.524627ms success_max=7.524627ms failure_total=0s failure_max=0s returned_or_encoded_bytes=20725 last_cause=nil
    context_subcost_diagnostics.go:225: SUBCOST stage=fixture.dispatch.FixtureOther.Input.StrictParse count=1 success=1 failure=0 total=3.448551ms max=3.448551ms success_total=3.448551ms success_max=3.448551ms failure_total=0s failure_max=0s returned_or_encoded_bytes=20725 last_cause=nil
    context_subcost_diagnostics.go:225: SUBCOST stage=fixture.dispatch.FixtureOther.Input.TrailingEOF count=1 success=1 failure=0 total=5.306µs max=5.306µs success_total=5.306µs success_max=5.306µs failure_total=0s failure_max=0s returned_or_encoded_bytes=0 last_cause=nil
    context_subcost_diagnostics.go:225: SUBCOST stage=fixture.dispatch.FixtureOther.Input.TypedDecode count=1 success=1 failure=0 total=4.058006ms max=4.058006ms success_total=4.058006ms success_max=4.058006ms failure_total=0s failure_max=0s returned_or_encoded_bytes=20725 last_cause=nil
    context_subcost_diagnostics.go:225: SUBCOST stage=fixture.dispatch.FixtureOther.InputRowScan count=1 success=1 failure=0 total=408.535µs max=408.535µs success_total=408.535µs success_max=408.535µs failure_total=0s failure_max=0s returned_or_encoded_bytes=20725 last_cause=nil
    context_subcost_diagnostics.go:225: SUBCOST stage=fixture.dispatch.FixtureOther.RollbackAlreadyDone count=3 success=0 failure=3 total=9.916µs max=3.701µs success_total=0s success_max=0s failure_total=9.916µs failure_max=3.701µs returned_or_encoded_bytes=0 last_cause=*errors.errorString
    context_subcost_diagnostics.go:225: SUBCOST stage=fixture.dispatch.FixtureOther.SessionSettings count=3 success=3 failure=0 total=759.72µs max=305.187µs success_total=759.72µs success_max=305.187µs failure_total=0s failure_max=0s returned_or_encoded_bytes=0 last_cause=nil
    context_subcost_diagnostics.go:225: SUBCOST stage=fixture.dispatch.FixtureOther.TrustedClock count=5 success=5 failure=0 total=1.856093ms max=567.955µs success_total=1.856093ms success_max=567.955µs failure_total=0s failure_max=0s returned_or_encoded_bytes=0 last_cause=nil
    context_subcost_diagnostics.go:225: SUBCOST stage=fixture.dispatch.FixtureOther.WithinFinal count=3 success=3 failure=0 total=72.263823ms max=53.591105ms success_total=72.263823ms success_max=53.591105ms failure_total=0s failure_max=0s returned_or_encoded_bytes=0 last_cause=nil
    context_subcost_diagnostics.go:225: SUBCOST stage=fixture.setup.FixtureOther.BeginTx count=4 success=4 failure=0 total=2.794227ms max=1.420108ms success_total=2.794227ms success_max=1.420108ms failure_total=0s failure_max=0s returned_or_encoded_bytes=0 last_cause=nil
    context_subcost_diagnostics.go:225: SUBCOST stage=fixture.setup.FixtureOther.Callback count=4 success=4 failure=0 total=15.424826ms max=6.916618ms success_total=15.424826ms success_max=6.916618ms failure_total=0s failure_max=0s returned_or_encoded_bytes=0 last_cause=nil
    context_subcost_diagnostics.go:225: SUBCOST stage=fixture.setup.FixtureOther.Commit count=4 success=4 failure=0 total=6.236797ms max=1.783749ms success_total=6.236797ms success_max=1.783749ms failure_total=0s failure_max=0s returned_or_encoded_bytes=0 last_cause=nil
    context_subcost_diagnostics.go:225: SUBCOST stage=fixture.setup.FixtureOther.FirstClock count=4 success=4 failure=0 total=1.682558ms max=611.684µs success_total=1.682558ms success_max=611.684µs failure_total=0s failure_max=0s returned_or_encoded_bytes=0 last_cause=nil
    context_subcost_diagnostics.go:225: SUBCOST stage=fixture.setup.FixtureOther.RollbackAlreadyDone count=4 success=0 failure=4 total=11.114µs max=3.293µs success_total=0s success_max=0s failure_total=11.114µs failure_max=3.293µs returned_or_encoded_bytes=0 last_cause=*errors.errorString
    context_subcost_diagnostics.go:225: SUBCOST stage=fixture.setup.FixtureOther.SessionSettings count=4 success=4 failure=0 total=1.981982ms max=685.961µs success_total=1.981982ms success_max=685.961µs failure_total=0s failure_max=0s returned_or_encoded_bytes=0 last_cause=nil
    context_subcost_diagnostics.go:225: SUBCOST stage=fixture.setup.FixtureOther.TrustedClock count=6 success=6 failure=0 total=1.766905ms max=365.017µs success_total=1.766905ms success_max=365.017µs failure_total=0s failure_max=0s returned_or_encoded_bytes=0 last_cause=nil
    context_subcost_diagnostics.go:225: SUBCOST stage=fixture.setup.FixtureOther.WithinFinal count=4 success=4 failure=0 total=28.424841ms max=11.044252ms success_total=28.424841ms success_max=11.044252ms failure_total=0s failure_max=0s returned_or_encoded_bytes=0 last_cause=nil
    context_subcost_diagnostics.go:225: SUBCOST stage=fixture.worker.Authorize.BeginTx count=2 success=2 failure=0 total=1.350897ms max=854.827µs success_total=1.350897ms success_max=854.827µs failure_total=0s failure_max=0s returned_or_encoded_bytes=0 last_cause=nil
    context_subcost_diagnostics.go:225: SUBCOST stage=fixture.worker.Authorize.Binding.ClosedAll count=2 success=2 failure=0 total=113.372918ms max=74.810467ms success_total=113.372918ms success_max=74.810467ms failure_total=0s failure_max=0s returned_or_encoded_bytes=194660 last_cause=nil
    context_subcost_diagnostics.go:225: SUBCOST stage=fixture.worker.Authorize.Binding.StrictParse count=2 success=2 failure=0 total=41.530038ms max=23.228751ms success_total=41.530038ms success_max=23.228751ms failure_total=0s failure_max=0s returned_or_encoded_bytes=194660 last_cause=nil
    context_subcost_diagnostics.go:225: SUBCOST stage=fixture.worker.Authorize.Binding.TrailingEOF count=2 success=2 failure=0 total=14.091µs max=7.607µs success_total=14.091µs success_max=7.607µs failure_total=0s failure_max=0s returned_or_encoded_bytes=0 last_cause=nil
    context_subcost_diagnostics.go:225: SUBCOST stage=fixture.worker.Authorize.Binding.TypedDecode count=2 success=2 failure=0 total=71.797769ms max=51.561245ms success_total=71.797769ms success_max=51.561245ms failure_total=0s failure_max=0s returned_or_encoded_bytes=194660 last_cause=nil
    context_subcost_diagnostics.go:225: SUBCOST stage=fixture.worker.Authorize.BindingRowScan count=2 success=2 failure=0 total=3.106344ms max=1.575933ms success_total=3.106344ms success_max=1.575933ms failure_total=0s failure_max=0s returned_or_encoded_bytes=194660 last_cause=nil
    context_subcost_diagnostics.go:225: SUBCOST stage=fixture.worker.Authorize.Callback count=2 success=2 failure=0 total=139.810152ms max=87.725442ms success_total=139.810152ms success_max=87.725442ms failure_total=0s failure_max=0s returned_or_encoded_bytes=0 last_cause=nil
    context_subcost_diagnostics.go:225: SUBCOST stage=fixture.worker.Authorize.Commit count=2 success=2 failure=0 total=3.213671ms max=1.797271ms success_total=3.213671ms success_max=1.797271ms failure_total=0s failure_max=0s returned_or_encoded_bytes=0 last_cause=nil
    context_subcost_diagnostics.go:225: SUBCOST stage=fixture.worker.Authorize.FirstClock count=2 success=2 failure=0 total=676.097µs max=459.83µs success_total=676.097µs success_max=459.83µs failure_total=0s failure_max=0s returned_or_encoded_bytes=0 last_cause=nil
    context_subcost_diagnostics.go:225: SUBCOST stage=fixture.worker.Authorize.FullInputCompare count=2 success=2 failure=0 total=763.64µs max=426.432µs success_total=763.64µs success_max=426.432µs failure_total=0s failure_max=0s returned_or_encoded_bytes=0 last_cause=nil
    context_subcost_diagnostics.go:225: SUBCOST stage=fixture.worker.Authorize.Input.ClosedAll count=2 success=2 failure=0 total=16.001349ms max=8.345656ms success_total=16.001349ms success_max=8.345656ms failure_total=0s failure_max=0s returned_or_encoded_bytes=41450 last_cause=nil
    context_subcost_diagnostics.go:225: SUBCOST stage=fixture.worker.Authorize.Input.StrictParse count=2 success=2 failure=0 total=7.058932ms max=3.622441ms success_total=7.058932ms success_max=3.622441ms failure_total=0s failure_max=0s returned_or_encoded_bytes=41450 last_cause=nil
    context_subcost_diagnostics.go:225: SUBCOST stage=fixture.worker.Authorize.Input.TrailingEOF count=2 success=2 failure=0 total=13.246µs max=7.525µs success_total=13.246µs success_max=7.525µs failure_total=0s failure_max=0s returned_or_encoded_bytes=0 last_cause=nil
    context_subcost_diagnostics.go:225: SUBCOST stage=fixture.worker.Authorize.Input.TypedDecode count=2 success=2 failure=0 total=8.899274ms max=4.885203ms success_total=8.899274ms success_max=4.885203ms failure_total=0s failure_max=0s returned_or_encoded_bytes=41450 last_cause=nil
    context_subcost_diagnostics.go:225: SUBCOST stage=fixture.worker.Authorize.InputRowScan count=2 success=2 failure=0 total=3.230415ms max=2.339485ms success_total=3.230415ms success_max=2.339485ms failure_total=0s failure_max=0s returned_or_encoded_bytes=41450 last_cause=nil
    context_subcost_diagnostics.go:225: SUBCOST stage=fixture.worker.Authorize.RollbackAlreadyDone count=2 success=0 failure=2 total=7.215µs max=4.505µs success_total=0s success_max=0s failure_total=7.215µs failure_max=4.505µs returned_or_encoded_bytes=0 last_cause=*errors.errorString
    context_subcost_diagnostics.go:225: SUBCOST stage=fixture.worker.Authorize.SessionSettings count=2 success=2 failure=0 total=692.234µs max=488.65µs success_total=692.234µs success_max=488.65µs failure_total=0s failure_max=0s returned_or_encoded_bytes=0 last_cause=nil
    context_subcost_diagnostics.go:225: SUBCOST stage=fixture.worker.Authorize.TrustedClock count=6 success=6 failure=0 total=3.148162ms max=838.781µs success_total=3.148162ms success_max=838.781µs failure_total=0s failure_max=0s returned_or_encoded_bytes=0 last_cause=nil
    context_subcost_diagnostics.go:225: SUBCOST stage=fixture.worker.Authorize.WithinFinal count=2 success=2 failure=0 total=145.995369ms max=90.560599ms success_total=145.995369ms success_max=90.560599ms failure_total=0s failure_max=0s returned_or_encoded_bytes=0 last_cause=nil
    context_subcost_diagnostics.go:225: SUBCOST stage=fixture.worker.Binding.BeginTx count=1 success=1 failure=0 total=460.293µs max=460.293µs success_total=460.293µs success_max=460.293µs failure_total=0s failure_max=0s returned_or_encoded_bytes=0 last_cause=nil
    context_subcost_diagnostics.go:225: SUBCOST stage=fixture.worker.Binding.Binding.ClosedAll count=1 success=1 failure=0 total=34.774557ms max=34.774557ms success_total=34.774557ms success_max=34.774557ms failure_total=0s failure_max=0s returned_or_encoded_bytes=97330 last_cause=nil
    context_subcost_diagnostics.go:225: SUBCOST stage=fixture.worker.Binding.Binding.StrictParse count=1 success=1 failure=0 total=14.921268ms max=14.921268ms success_total=14.921268ms success_max=14.921268ms failure_total=0s failure_max=0s returned_or_encoded_bytes=97330 last_cause=nil
    context_subcost_diagnostics.go:225: SUBCOST stage=fixture.worker.Binding.Binding.TrailingEOF count=1 success=1 failure=0 total=8.696µs max=8.696µs success_total=8.696µs success_max=8.696µs failure_total=0s failure_max=0s returned_or_encoded_bytes=0 last_cause=nil
    context_subcost_diagnostics.go:225: SUBCOST stage=fixture.worker.Binding.Binding.TypedDecode count=1 success=1 failure=0 total=19.810269ms max=19.810269ms success_total=19.810269ms success_max=19.810269ms failure_total=0s failure_max=0s returned_or_encoded_bytes=97330 last_cause=nil
    context_subcost_diagnostics.go:225: SUBCOST stage=fixture.worker.Binding.BindingRowScan count=1 success=1 failure=0 total=2.300402ms max=2.300402ms success_total=2.300402ms success_max=2.300402ms failure_total=0s failure_max=0s returned_or_encoded_bytes=97330 last_cause=nil
    context_subcost_diagnostics.go:225: SUBCOST stage=fixture.worker.Binding.Callback count=1 success=1 failure=0 total=46.955253ms max=46.955253ms success_total=46.955253ms success_max=46.955253ms failure_total=0s failure_max=0s returned_or_encoded_bytes=0 last_cause=nil
    context_subcost_diagnostics.go:225: SUBCOST stage=fixture.worker.Binding.Commit count=1 success=1 failure=0 total=1.474182ms max=1.474182ms success_total=1.474182ms success_max=1.474182ms failure_total=0s failure_max=0s returned_or_encoded_bytes=0 last_cause=nil
    context_subcost_diagnostics.go:225: SUBCOST stage=fixture.worker.Binding.FirstClock count=1 success=1 failure=0 total=321.553µs max=321.553µs success_total=321.553µs success_max=321.553µs failure_total=0s failure_max=0s returned_or_encoded_bytes=0 last_cause=nil
    context_subcost_diagnostics.go:225: SUBCOST stage=fixture.worker.Binding.FullInputCompare count=1 success=1 failure=0 total=275.636µs max=275.636µs success_total=275.636µs success_max=275.636µs failure_total=0s failure_max=0s returned_or_encoded_bytes=0 last_cause=nil
    context_subcost_diagnostics.go:225: SUBCOST stage=fixture.worker.Binding.FullPermissionCompare count=1 success=1 failure=0 total=115.806µs max=115.806µs success_total=115.806µs success_max=115.806µs failure_total=0s failure_max=0s returned_or_encoded_bytes=0 last_cause=nil
    context_subcost_diagnostics.go:225: SUBCOST stage=fixture.worker.Binding.Input.ClosedAll count=1 success=1 failure=0 total=7.560401ms max=7.560401ms success_total=7.560401ms success_max=7.560401ms failure_total=0s failure_max=0s returned_or_encoded_bytes=20725 last_cause=nil
    context_subcost_diagnostics.go:225: SUBCOST stage=fixture.worker.Binding.Input.StrictParse count=1 success=1 failure=0 total=3.373742ms max=3.373742ms success_total=3.373742ms success_max=3.373742ms failure_total=0s failure_max=0s returned_or_encoded_bytes=20725 last_cause=nil
    context_subcost_diagnostics.go:225: SUBCOST stage=fixture.worker.Binding.Input.TrailingEOF count=1 success=1 failure=0 total=5.948µs max=5.948µs success_total=5.948µs success_max=5.948µs failure_total=0s failure_max=0s returned_or_encoded_bytes=0 last_cause=nil
    context_subcost_diagnostics.go:225: SUBCOST stage=fixture.worker.Binding.Input.TypedDecode count=1 success=1 failure=0 total=4.168036ms max=4.168036ms success_total=4.168036ms success_max=4.168036ms failure_total=0s failure_max=0s returned_or_encoded_bytes=20725 last_cause=nil
    context_subcost_diagnostics.go:225: SUBCOST stage=fixture.worker.Binding.InputRowScan count=1 success=1 failure=0 total=760.719µs max=760.719µs success_total=760.719µs success_max=760.719µs failure_total=0s failure_max=0s returned_or_encoded_bytes=20725 last_cause=nil
    context_subcost_diagnostics.go:225: SUBCOST stage=fixture.worker.Binding.RollbackAlreadyDone count=1 success=0 failure=1 total=2.604µs max=2.604µs success_total=0s success_max=0s failure_total=2.604µs failure_max=2.604µs returned_or_encoded_bytes=0 last_cause=*errors.errorString
    context_subcost_diagnostics.go:225: SUBCOST stage=fixture.worker.Binding.SessionSettings count=1 success=1 failure=0 total=310.787µs max=310.787µs success_total=310.787µs success_max=310.787µs failure_total=0s failure_max=0s returned_or_encoded_bytes=0 last_cause=nil
    context_subcost_diagnostics.go:225: SUBCOST stage=fixture.worker.Binding.TrustedClock count=3 success=3 failure=0 total=1.093708ms max=444.507µs success_total=1.093708ms success_max=444.507µs failure_total=0s failure_max=0s returned_or_encoded_bytes=0 last_cause=nil
    context_subcost_diagnostics.go:225: SUBCOST stage=fixture.worker.Binding.WithinFinal count=1 success=1 failure=0 total=49.608588ms max=49.608588ms success_total=49.608588ms success_max=49.608588ms failure_total=0s failure_max=0s returned_or_encoded_bytes=0 last_cause=nil
    context_subcost_diagnostics.go:225: SUBCOST stage=fixture.worker.Current.BeginTx count=36 success=36 failure=0 total=15.035058ms max=1.412446ms success_total=15.035058ms success_max=1.412446ms failure_total=0s failure_max=0s returned_or_encoded_bytes=0 last_cause=nil
    context_subcost_diagnostics.go:225: SUBCOST stage=fixture.worker.Current.Binding.ClosedAll count=36 success=36 failure=0 total=1.325343142s max=47.565929ms success_total=1.325343142s success_max=47.565929ms failure_total=0s failure_max=0s returned_or_encoded_bytes=3503880 last_cause=nil
    context_subcost_diagnostics.go:225: SUBCOST stage=fixture.worker.Current.Binding.StrictParse count=36 success=36 failure=0 total=626.601854ms max=28.907705ms success_total=626.601854ms success_max=28.907705ms failure_total=0s failure_max=0s returned_or_encoded_bytes=3503880 last_cause=nil
    context_subcost_diagnostics.go:225: SUBCOST stage=fixture.worker.Current.Binding.TrailingEOF count=36 success=36 failure=0 total=285.286µs max=33.817µs success_total=285.286µs success_max=33.817µs failure_total=0s failure_max=0s returned_or_encoded_bytes=0 last_cause=nil
    context_subcost_diagnostics.go:225: SUBCOST stage=fixture.worker.Current.Binding.TypedDecode count=36 success=36 failure=0 total=697.68542ms max=24.366981ms success_total=697.68542ms success_max=24.366981ms failure_total=0s failure_max=0s returned_or_encoded_bytes=3503880 last_cause=nil
    context_subcost_diagnostics.go:225: SUBCOST stage=fixture.worker.Current.BindingRowScan count=36 success=36 failure=0 total=60.333627ms max=3.991768ms success_total=60.333627ms success_max=3.991768ms failure_total=0s failure_max=0s returned_or_encoded_bytes=3503880 last_cause=nil
    context_subcost_diagnostics.go:225: SUBCOST stage=fixture.worker.Current.Callback count=36 success=35 failure=1 total=1.789579049s max=61.815086ms success_total=1.749582167s success_max=61.815086ms failure_total=39.996882ms failure_max=39.996882ms returned_or_encoded_bytes=0 last_cause=*pgconn.errTimeout:context_deadline
    context_subcost_diagnostics.go:225: SUBCOST stage=fixture.worker.Current.Commit count=35 success=35 failure=0 total=65.97476ms max=4.187986ms success_total=65.97476ms success_max=4.187986ms failure_total=0s failure_max=0s returned_or_encoded_bytes=0 last_cause=nil
    context_subcost_diagnostics.go:225: SUBCOST stage=fixture.worker.Current.FirstClock count=36 success=36 failure=0 total=12.035877ms max=1.184532ms success_total=12.035877ms success_max=1.184532ms failure_total=0s failure_max=0s returned_or_encoded_bytes=0 last_cause=nil
    context_subcost_diagnostics.go:225: SUBCOST stage=fixture.worker.Current.FullInputCompare count=35 success=35 failure=0 total=12.316113ms max=901.286µs success_total=12.316113ms success_max=901.286µs failure_total=0s failure_max=0s returned_or_encoded_bytes=0 last_cause=nil
    context_subcost_diagnostics.go:225: SUBCOST stage=fixture.worker.Current.FullPermissionCompare count=35 success=35 failure=0 total=1.697603ms max=124.2µs success_total=1.697603ms success_max=124.2µs failure_total=0s failure_max=0s returned_or_encoded_bytes=0 last_cause=nil
    context_subcost_diagnostics.go:225: SUBCOST stage=fixture.worker.Current.Input.ClosedAll count=35 success=35 failure=0 total=292.612708ms max=13.320294ms success_total=292.612708ms success_max=13.320294ms failure_total=0s failure_max=0s returned_or_encoded_bytes=725375 last_cause=nil
    context_subcost_diagnostics.go:225: SUBCOST stage=fixture.worker.Current.Input.StrictParse count=35 success=35 failure=0 total=132.677544ms max=6.451021ms success_total=132.677544ms success_max=6.451021ms failure_total=0s failure_max=0s returned_or_encoded_bytes=725375 last_cause=nil
    context_subcost_diagnostics.go:225: SUBCOST stage=fixture.worker.Current.Input.TrailingEOF count=35 success=35 failure=0 total=493.571µs max=291.3µs success_total=493.571µs success_max=291.3µs failure_total=0s failure_max=0s returned_or_encoded_bytes=0 last_cause=nil
    context_subcost_diagnostics.go:225: SUBCOST stage=fixture.worker.Current.Input.TypedDecode count=35 success=35 failure=0 total=158.569206ms max=8.119689ms success_total=158.569206ms success_max=8.119689ms failure_total=0s failure_max=0s returned_or_encoded_bytes=725375 last_cause=nil
    context_subcost_diagnostics.go:225: SUBCOST stage=fixture.worker.Current.InputRowScan count=36 success=35 failure=1 total=38.03629ms max=3.544385ms success_total=37.586963ms success_max=3.544385ms failure_total=449.327µs failure_max=449.327µs returned_or_encoded_bytes=725375 last_cause=*pgconn.errTimeout:context_deadline
    context_subcost_diagnostics.go:225: SUBCOST stage=fixture.worker.Current.RollbackAlreadyDone count=36 success=0 failure=36 total=125.985µs max=7.842µs success_total=0s success_max=0s failure_total=125.985µs failure_max=7.842µs returned_or_encoded_bytes=0 last_cause=*errors.errorString
    context_subcost_diagnostics.go:225: SUBCOST stage=fixture.worker.Current.SessionSettings count=36 success=36 failure=0 total=10.866563ms max=813.867µs success_total=10.866563ms success_max=813.867µs failure_total=0s failure_max=0s returned_or_encoded_bytes=0 last_cause=nil
    context_subcost_diagnostics.go:225: SUBCOST stage=fixture.worker.Current.TrustedClock count=106 success=106 failure=0 total=57.433071ms max=2.507791ms success_total=57.433071ms success_max=2.507791ms failure_total=0s failure_max=0s returned_or_encoded_bytes=0 last_cause=nil
    context_subcost_diagnostics.go:225: SUBCOST stage=fixture.worker.Current.WithinFinal count=36 success=35 failure=1 total=1.895625801s max=65.867871ms success_total=1.854876014s success_max=65.867871ms failure_total=40.749787ms failure_max=40.749787ms returned_or_encoded_bytes=0 last_cause=*pgconn.errTimeout:context_deadline
    context_subcost_diagnostics.go:225: SUBCOST stage=objects.compiler.Read count=65 success=65 failure=0 total=7.160408ms max=545.506µs success_total=7.160408ms success_max=545.506µs failure_total=0s failure_max=0s returned_or_encoded_bytes=94752 last_cause=nil
    context_subcost_diagnostics.go:225: SUBCOST stage=objects.independent.Read count=1 success=1 failure=0 total=137.007µs max=137.007µs success_total=137.007µs success_max=137.007µs failure_total=0s failure_max=0s returned_or_encoded_bytes=850 last_cause=nil
    context_subcost_diagnostics.go:225: SUBCOST stage=objects.setup.outside_processing_read.Read count=60 success=60 failure=0 total=5.794376ms max=267.292µs success_total=5.794376ms success_max=267.292µs failure_total=0s failure_max=0s returned_or_encoded_bytes=360 last_cause=nil
    context_subcost_diagnostics.go:225: SUBCOST stage=objects.worker.Read count=38 success=38 failure=0 total=5.381774ms max=411.788µs success_total=5.381774ms success_max=411.788µs failure_total=0s failure_max=0s returned_or_encoded_bytes=155688 last_cause=nil
    context_subcost_diagnostics.go:225: SUBCOST stage=outer.compiler.access.PrepareContent count=4 success=4 failure=0 total=51.84729ms max=13.729637ms success_total=51.84729ms success_max=13.729637ms failure_total=0s failure_max=0s returned_or_encoded_bytes=0 last_cause=nil
    context_subcost_diagnostics.go:225: SUBCOST stage=outer.compiler.access.StagePublication count=4 success=4 failure=0 total=255.523039ms max=131.81786ms success_total=255.523039ms success_max=131.81786ms failure_total=0s failure_max=0s returned_or_encoded_bytes=0 last_cause=nil
    context_subcost_diagnostics.go:225: SUBCOST stage=outer.compiler.content.GetCommand count=8 success=8 failure=0 total=134.969799ms max=19.03202ms success_total=134.969799ms success_max=19.03202ms failure_total=0s failure_max=0s returned_or_encoded_bytes=0 last_cause=nil
    context_subcost_diagnostics.go:225: SUBCOST stage=outer.compiler.content.Put count=4 success=4 failure=0 total=3.717973384s max=1.081255005s success_total=3.717973384s success_max=1.081255005s failure_total=0s failure_max=0s returned_or_encoded_bytes=0 last_cause=nil
    context_subcost_diagnostics.go:225: SUBCOST stage=outer.compiler.content.Step count=4 success=4 failure=0 total=2.016116396s max=551.022295ms success_total=2.016116396s success_max=551.022295ms failure_total=0s failure_max=0s returned_or_encoded_bytes=0 last_cause=nil
    context_subcost_diagnostics.go:225: SUBCOST stage=outer.dispatch.store.Now count=4 success=4 failure=0 total=1.551966ms max=701.434µs success_total=1.551966ms success_max=701.434µs failure_total=0s failure_max=0s returned_or_encoded_bytes=0 last_cause=nil
    context_subcost_diagnostics.go:225: SUBCOST stage=outer.dispatch.store.SaveDecision count=1 success=1 failure=0 total=3.486143ms max=3.486143ms success_total=3.486143ms success_max=3.486143ms failure_total=0s failure_max=0s returned_or_encoded_bytes=0 last_cause=nil
    context_subcost_diagnostics.go:225: SUBCOST stage=outer.dispatch.store.Within count=1 success=1 failure=0 total=26.004332ms max=26.004332ms success_total=26.004332ms success_max=26.004332ms failure_total=0s failure_max=0s returned_or_encoded_bytes=0 last_cause=nil
    context_subcost_diagnostics.go:225: SUBCOST stage=outer.dispatch.store.WithinSave count=1 success=1 failure=0 total=26.027393ms max=26.027393ms success_total=26.027393ms success_max=26.027393ms failure_total=0s failure_max=0s returned_or_encoded_bytes=0 last_cause=nil
    context_subcost_diagnostics.go:225: SUBCOST stage=outer.worker.access.Binding count=1 success=1 failure=0 total=49.64767ms max=49.64767ms success_total=49.64767ms success_max=49.64767ms failure_total=0s failure_max=0s returned_or_encoded_bytes=0 last_cause=nil
    context_subcost_diagnostics.go:225: SUBCOST stage=outer.worker.access.Current count=36 success=35 failure=1 total=1.90165309s max=66.072105ms success_total=1.860734172s success_max=66.072105ms failure_total=40.918918ms failure_max=40.918918ms returned_or_encoded_bytes=0 last_cause=*pgconn.errTimeout:context_deadline
    context_subcost_diagnostics.go:225: SUBCOST stage=outer.worker.content.ReadForProcessing count=38 success=38 failure=0 total=2.785695864s max=559.621201ms success_total=2.785695864s success_max=559.621201ms failure_total=0s failure_max=0s returned_or_encoded_bytes=0 last_cause=nil
    context_subcost_diagnostics.go:225: SUBCOST stage=outer.worker.source.Lock count=1 success=1 failure=0 total=1.178779932s max=1.178779932s success_total=1.178779932s success_max=1.178779932s failure_total=0s failure_max=0s returned_or_encoded_bytes=0 last_cause=nil
    context_subcost_diagnostics.go:225: SUBCOST stage=outer.worker.source.Material count=35 success=34 failure=1 total=2.710540423s max=423.152404ms success_total=2.669602912s success_max=423.152404ms failure_total=40.937511ms failure_max=40.937511ms returned_or_encoded_bytes=0 last_cause=*pgconn.errTimeout:context_deadline
    context_subcost_diagnostics.go:225: SUBCOST stage=outer.worker.source.Snapshot count=1 success=1 failure=0 total=982.210883ms max=982.210883ms success_total=982.210883ms success_max=982.210883ms failure_total=0s failure_max=0s returned_or_encoded_bytes=0 last_cause=nil
    context_subcost_diagnostics.go:225: SUBCOST stage=outer.worker.store.Claim count=1 success=1 failure=0 total=1.951768ms max=1.951768ms success_total=1.951768ms success_max=1.951768ms failure_total=0s failure_max=0s returned_or_encoded_bytes=0 last_cause=nil
    context_subcost_diagnostics.go:225: SUBCOST stage=outer.worker.store.Now count=10 success=10 failure=0 total=4.117878ms max=818.761µs success_total=4.117878ms success_max=818.761µs failure_total=0s failure_max=0s returned_or_encoded_bytes=0 last_cause=nil
    context_subcost_diagnostics.go:225: SUBCOST stage=outer.worker.store.SaveDecision count=1 success=1 failure=0 total=3.045072ms max=3.045072ms success_total=3.045072ms success_max=3.045072ms failure_total=0s failure_max=0s returned_or_encoded_bytes=0 last_cause=nil
    context_subcost_diagnostics.go:225: SUBCOST stage=outer.worker.store.ValidateClaim count=4 success=3 failure=1 total=5.361889ms max=2.85093ms success_total=4.049166ms success_max=2.85093ms failure_total=1.312723ms failure_max=1.312723ms returned_or_encoded_bytes=0 last_cause=*errors.errorString:claim
    context_subcost_diagnostics.go:225: SUBCOST stage=outer.worker.store.ValidatePoolClaim count=2 success=2 failure=0 total=3.024017ms max=1.553976ms success_total=3.024017ms success_max=1.553976ms failure_total=0s failure_max=0s returned_or_encoded_bytes=0 last_cause=nil
    context_subcost_diagnostics.go:225: SUBCOST stage=outer.worker.store.Within count=9 success=8 failure=1 total=73.326383ms max=22.283174ms success_total=63.053023ms success_max=22.283174ms failure_total=10.27336ms failure_max=10.27336ms returned_or_encoded_bytes=0 last_cause=*errors.errorString:claim
    context_subcost_diagnostics.go:225: SUBCOST stage=outer.worker.store.WithinSave count=1 success=1 failure=0 total=15.736349ms max=15.736349ms success_total=15.736349ms success_max=15.736349ms failure_total=0s failure_max=0s returned_or_encoded_bytes=0 last_cause=nil
    context_subcost_diagnostics.go:234: SUBCOST reads mode=compiler attempts=65 successes=65 exactly_two_actual_callbacks=65 actual_object_reads=65 exactly_two_Within_calls=65 absent_later_stage_is_not_zero_cost=true
    context_subcost_diagnostics.go:234: SUBCOST reads mode=independent attempts=1 successes=1 exactly_two_actual_callbacks=1 actual_object_reads=1 exactly_two_Within_calls=1 absent_later_stage_is_not_zero_cost=true
    context_subcost_diagnostics.go:234: SUBCOST reads mode=worker attempts=38 successes=38 exactly_two_actual_callbacks=38 actual_object_reads=38 exactly_two_Within_calls=38 absent_later_stage_is_not_zero_cost=true
--- FAIL: TestContentContextStaticModeMaximumReachable62Materials (21.98s)
=== RUN   TestContentContextSingleContentBoundHasHonestLayerAndNoDispatch
=== RUN   TestContentContextSingleContentBoundHasHonestLayerAndNoDispatch/200000
=== RUN   TestContentContextSingleContentBoundHasHonestLayerAndNoDispatch/262144
--- PASS: TestContentContextSingleContentBoundHasHonestLayerAndNoDispatch (10.29s)
    --- PASS: TestContentContextSingleContentBoundHasHonestLayerAndNoDispatch/200000 (9.02s)
    --- PASS: TestContentContextSingleContentBoundHasHonestLayerAndNoDispatch/262144 (1.27s)
=== RUN   TestContentContextDuplicateSelectorRoleRefusesBeforeOriginalInputReplacement
--- PASS: TestContentContextDuplicateSelectorRoleRefusesBeforeOriginalInputReplacement (0.61s)
FAIL
NATIVE_EXIT status=1 group_absent=True
