File: component-profile-race.test
Build ID: 806ee56983405ac712e9bc3da0d9c152c518a73f
Type: cpu
Time: 2026-10-05 03:06:19 UTC
Duration: 78.40s, Total samples = 62180000000ns (79.31%)
-----------+-------------------------------------------------------
      case:  closure64
     phase:  decision_step
10000000ns   runtime.mallocgcTiny
             runtime.mallocgc
             runtime.slicebytetostring
             encoding/json.(*Decoder).Token
             github.com/ruipengliu/lerna/contract/v1_1.parseValue
             github.com/ruipengliu/lerna/contract/v1_1.parseValue
             github.com/ruipengliu/lerna/contract/v1_1.parseValue
             github.com/ruipengliu/lerna/contract/v1_1.parseValue
             github.com/ruipengliu/lerna/contract/v1_1.parseValue
             github.com/ruipengliu/lerna/contract/v1_1.parseJSON
             github.com/ruipengliu/lerna/conformance/internal/decisionfixture.closedJSON
             github.com/ruipengliu/lerna/conformance/internal/decisionfixture.(*bindingDecodeMemo).decode
             github.com/ruipengliu/lerna/conformance/internal/decisionfixture.(*ContextDispatcher).binding
             github.com/ruipengliu/lerna/conformance/internal/decisionfixture.(*ContextDispatcher).Binding.func1
             github.com/ruipengliu/lerna/conformance/internal/decisionfixture.(*Store).within
             github.com/ruipengliu/lerna/conformance/internal/decisionfixture.(*ContextDispatcher).Binding
             github.com/ruipengliu/lerna/conformance/internal/decisionfixture.claimDiagnosticAccess.Binding
             github.com/ruipengliu/lerna/adapters/content/decision.(*Adapter).ReadSnapshot
             github.com/ruipengliu/lerna/conformance/internal/decisionfixture.claimDiagnosticSource.ReadSnapshot
             github.com/ruipengliu/lerna/components/decision_engine.(*Service).calculate
             github.com/ruipengliu/lerna/components/decision_engine.(*Service).RunClaim
             github.com/ruipengliu/lerna/components/decision_engine.(*Service).Step
             github.com/ruipengliu/lerna/conformance/component_test.completeContextDecision.func1
             runtime/pprof.Do
             github.com/ruipengliu/lerna/conformance/component_test.completeContextDecision
             github.com/ruipengliu/lerna/conformance/component_test.TestContentContextReachableClosure64And65IncludesIntermediateVersions.func1
             testing.tRunner
-----------+-------------------------------------------------------
      case:  closure64
     phase:  decision_step
10000000ns   github.com/ruipengliu/lerna/contract/v1_1.validateEscapedSurrogates
             github.com/ruipengliu/lerna/contract/v1_1.parseJSON
             github.com/ruipengliu/lerna/conformance/internal/decisionfixture.closedJSON
             github.com/ruipengliu/lerna/conformance/internal/decisionfixture.(*ContextDispatcher).input
             github.com/ruipengliu/lerna/conformance/internal/decisionfixture.(*ContextDispatcher).binding
             github.com/ruipengliu/lerna/conformance/internal/decisionfixture.(*ContextDispatcher).Binding.func1
             github.com/ruipengliu/lerna/conformance/internal/decisionfixture.(*Store).within
             github.com/ruipengliu/lerna/conformance/internal/decisionfixture.(*ContextDispatcher).Binding
             github.com/ruipengliu/lerna/conformance/internal/decisionfixture.claimDiagnosticAccess.Binding
             github.com/ruipengliu/lerna/adapters/content/decision.(*Adapter).ReadSnapshot
             github.com/ruipengliu/lerna/conformance/internal/decisionfixture.claimDiagnosticSource.ReadSnapshot
             github.com/ruipengliu/lerna/components/decision_engine.(*Service).calculate
             github.com/ruipengliu/lerna/components/decision_engine.(*Service).RunClaim
             github.com/ruipengliu/lerna/components/decision_engine.(*Service).Step
             github.com/ruipengliu/lerna/conformance/component_test.completeContextDecision.func1
             runtime/pprof.Do
             github.com/ruipengliu/lerna/conformance/component_test.completeContextDecision
             github.com/ruipengliu/lerna/conformance/component_test.TestContentContextReachableClosure64And65IncludesIntermediateVersions.func1
             testing.tRunner
-----------+-------------------------------------------------------
      case:  closure64
     phase:  decision_step
10000000ns   runtime.(*mcentral).cacheSpan
             runtime.(*mcache).refill
             runtime.(*mcache).nextFree
             runtime.mallocgcSmallScanNoHeader
             runtime.mallocgc
             runtime.newobject
             github.com/santhosh-tekuri/jsonschema/v6.(*validator).validateVal
             github.com/santhosh-tekuri/jsonschema/v6.(*validator).objValidate
             github.com/santhosh-tekuri/jsonschema/v6.(*validator).validate
             github.com/santhosh-tekuri/jsonschema/v6.(*validator).validateSelf
             github.com/santhosh-tekuri/jsonschema/v6.(*validator).validateRef
             github.com/santhosh-tekuri/jsonschema/v6.(*validator).validate
             github.com/santhosh-tekuri/jsonschema/v6.(*validator).validateVal
             github.com/santhosh-tekuri/jsonschema/v6.(*validator).objValidate
             github.com/santhosh-tekuri/jsonschema/v6.(*validator).validate
             github.com/santhosh-tekuri/jsonschema/v6.(*Schema).validate
             github.com/ruipengliu/lerna/contract/v1_2.Validate
             github.com/ruipengliu/lerna/contract/v1_2.Encode[go.shape.struct { Owner github.com/ruipengliu/lerna/contract/gen/go/v1_2.OwnerRef "json:\"owner\""; ContentID github.com/ruipengliu/lerna/contract/gen/go/v1_2.ID "json:\"content_id\""; Version string "json:\"version\""; Hash string "json:\"hash\""; MediaType string "json:\"media_type\""; ByteLength github.com/ruipengliu/lerna/contract/gen/go/v1_2.Revision "json:\"byte_length\"" }]
             github.com/ruipengliu/lerna/domain/content.VersionIdentity
             github.com/ruipengliu/lerna/adapters/postgres/content.(*Store).LockVersion
             github.com/ruipengliu/lerna/domain/content.(*Service).ReadForProcessing.func1
             github.com/ruipengliu/lerna/adapters/postgres/internal/pgstore.(*Core).Within
             github.com/ruipengliu/lerna/adapters/postgres/content.(*Store).Within
             github.com/ruipengliu/lerna/domain/content.(*Service).ReadForProcessing
             github.com/ruipengliu/lerna/conformance/internal/decisionfixture.claimDiagnosticContent.ReadForProcessing
             github.com/ruipengliu/lerna/adapters/content/decision.(*Adapter).read
             github.com/ruipengliu/lerna/adapters/content/decision.(*Adapter).ReadSnapshot
             github.com/ruipengliu/lerna/conformance/internal/decisionfixture.claimDiagnosticSource.ReadSnapshot
             github.com/ruipengliu/lerna/components/decision_engine.(*Service).calculate
             github.com/ruipengliu/lerna/components/decision_engine.(*Service).RunClaim
             github.com/ruipengliu/lerna/components/decision_engine.(*Service).Step
             github.com/ruipengliu/lerna/conformance/component_test.completeContextDecision.func1
             runtime/pprof.Do
             github.com/ruipengliu/lerna/conformance/component_test.completeContextDecision
             github.com/ruipengliu/lerna/conformance/component_test.TestContentContextReachableClosure64And65IncludesIntermediateVersions.func1
             testing.tRunner
-----------+-------------------------------------------------------
      case:  closure64
     phase:  decision_step
10000000ns   runtime.mallocgc
             runtime.slicebytetostring
             encoding/json.(*Decoder).Token
             github.com/ruipengliu/lerna/contract/v1_2.parseValue
             github.com/ruipengliu/lerna/contract/v1_2.parseJSON
             github.com/ruipengliu/lerna/contract/v1_2.Encode[go.shape.struct { Owner github.com/ruipengliu/lerna/contract/gen/go/v1_2.OwnerRef "json:\"owner\""; ContentID github.com/ruipengliu/lerna/contract/gen/go/v1_2.ID "json:\"content_id\""; Version string "json:\"version\""; Hash string "json:\"hash\""; MediaType string "json:\"media_type\""; ByteLength github.com/ruipengliu/lerna/contract/gen/go/v1_2.Revision "json:\"byte_length\"" }]
             github.com/ruipengliu/lerna/domain/content.VersionIdentity
             github.com/ruipengliu/lerna/domain/content.sortRefs
             github.com/ruipengliu/lerna/domain/content.(*Service).registeredClosure
             github.com/ruipengliu/lerna/domain/content.(*Service).ReadForProcessing.func1
             github.com/ruipengliu/lerna/adapters/postgres/internal/pgstore.(*Core).Within
             github.com/ruipengliu/lerna/adapters/postgres/content.(*Store).Within
             github.com/ruipengliu/lerna/domain/content.(*Service).ReadForProcessing
             github.com/ruipengliu/lerna/conformance/internal/decisionfixture.claimDiagnosticContent.ReadForProcessing
             github.com/ruipengliu/lerna/adapters/content/decision.(*Adapter).read
             github.com/ruipengliu/lerna/adapters/content/decision.(*Adapter).ReadSnapshot
             github.com/ruipengliu/lerna/conformance/internal/decisionfixture.claimDiagnosticSource.ReadSnapshot
             github.com/ruipengliu/lerna/components/decision_engine.(*Service).calculate
             github.com/ruipengliu/lerna/components/decision_engine.(*Service).RunClaim
             github.com/ruipengliu/lerna/components/decision_engine.(*Service).Step
             github.com/ruipengliu/lerna/conformance/component_test.completeContextDecision.func1
             runtime/pprof.Do
             github.com/ruipengliu/lerna/conformance/component_test.completeContextDecision
             github.com/ruipengliu/lerna/conformance/component_test.TestContentContextReachableClosure64And65IncludesIntermediateVersions.func1
             testing.tRunner
-----------+-------------------------------------------------------
      case:  closure64
     phase:  decision_step
10000000ns   encoding/json/jsontext.(*decoderState).ReadValue
             encoding/json/v2.makeStringArshaler.func2
             encoding/json/v2.makeStructArshaler.func3
             encoding/json/v2.makeStructArshaler.func3
             encoding/json/v2.makeSliceArshaler.func3
             encoding/json/v2.makeStructArshaler.func3
             encoding/json/v2.unmarshalDecode
             encoding/json/v2.Unmarshal
             github.com/ruipengliu/lerna/adapters/postgres/content.(*Store).LockVersion
             github.com/ruipengliu/lerna/domain/content.(*Service).registeredClosure.func1
             github.com/ruipengliu/lerna/domain/content.(*Service).registeredClosure
             github.com/ruipengliu/lerna/domain/content.(*Service).ReadForProcessing.func1
             github.com/ruipengliu/lerna/adapters/postgres/internal/pgstore.(*Core).Within
             github.com/ruipengliu/lerna/adapters/postgres/content.(*Store).Within
             github.com/ruipengliu/lerna/domain/content.(*Service).ReadForProcessing
             github.com/ruipengliu/lerna/conformance/internal/decisionfixture.claimDiagnosticContent.ReadForProcessing
             github.com/ruipengliu/lerna/adapters/content/decision.(*Adapter).read
             github.com/ruipengliu/lerna/adapters/content/decision.(*Adapter).ReadSnapshot
             github.com/ruipengliu/lerna/conformance/internal/decisionfixture.claimDiagnosticSource.ReadSnapshot
             github.com/ruipengliu/lerna/components/decision_engine.(*Service).calculate
             github.com/ruipengliu/lerna/components/decision_engine.(*Service).RunClaim
             github.com/ruipengliu/lerna/components/decision_engine.(*Service).Step
             github.com/ruipengliu/lerna/conformance/component_test.completeContextDecision.func1
             runtime/pprof.Do
             github.com/ruipengliu/lerna/conformance/component_test.completeContextDecision
             github.com/ruipengliu/lerna/conformance/component_test.TestContentContextReachableClosure64And65IncludesIntermediateVersions.func1
             testing.tRunner
-----------+-------------------------------------------------------
      case:  closure64
     phase:  decision_step
10000000ns   runtime.makemap_small
             github.com/ruipengliu/lerna/contract/v1_2.parseValue
             github.com/ruipengliu/lerna/contract/v1_2.parseJSON
             github.com/ruipengliu/lerna/contract/v1_2.Encode[go.shape.struct { TenantID github.com/ruipengliu/lerna/contract/gen/go/v1_2.ID "json:\"tenant_id\""; SubjectID github.com/ruipengliu/lerna/contract/gen/go/v1_2.ID "json:\"subject_id\""; DelegationChain []github.com/ruipengliu/lerna/contract/gen/go/v1_2.DelegatedSubject "json:\"delegation_chain\"" }]
             github.com/ruipengliu/lerna/adapters/postgres/content.subjectKey
             github.com/ruipengliu/lerna/adapters/postgres/content.(*Store).CheckPolicy
             github.com/ruipengliu/lerna/domain/content.(*Service).registeredClosure.func1
             github.com/ruipengliu/lerna/domain/content.(*Service).registeredClosure
             github.com/ruipengliu/lerna/domain/content.(*Service).ReadForProcessing.func1
             github.com/ruipengliu/lerna/adapters/postgres/internal/pgstore.(*Core).Within
             github.com/ruipengliu/lerna/adapters/postgres/content.(*Store).Within
             github.com/ruipengliu/lerna/domain/content.(*Service).ReadForProcessing
             github.com/ruipengliu/lerna/conformance/internal/decisionfixture.claimDiagnosticContent.ReadForProcessing
             github.com/ruipengliu/lerna/adapters/content/decision.(*Adapter).read
             github.com/ruipengliu/lerna/adapters/content/decision.(*Adapter).ReadSnapshot
             github.com/ruipengliu/lerna/conformance/internal/decisionfixture.claimDiagnosticSource.ReadSnapshot
             github.com/ruipengliu/lerna/components/decision_engine.(*Service).calculate
             github.com/ruipengliu/lerna/components/decision_engine.(*Service).RunClaim
             github.com/ruipengliu/lerna/components/decision_engine.(*Service).Step
             github.com/ruipengliu/lerna/conformance/component_test.completeContextDecision.func1
             runtime/pprof.Do
             github.com/ruipengliu/lerna/conformance/component_test.completeContextDecision
             github.com/ruipengliu/lerna/conformance/component_test.TestContentContextReachableClosure64And65IncludesIntermediateVersions.func1
             testing.tRunner
-----------+-------------------------------------------------------
      case:  closure64
     phase:  decision_step
10000000ns   runtime.write1
             runtime.write
             runtime.netpollBreak
             runtime.wakeNetPoller
             runtime.(*timer).maybeAdd
             runtime.(*timer).modify
             time.resetTimer
             time.(*Timer).Reset
             github.com/jackc/pgx/v5/pgconn.(*PgConn).flushWithPotentialWriteReadDeadlock
             github.com/jackc/pgx/v5/pgconn.(*PgConn).execExtendedSuffix
             github.com/jackc/pgx/v5/pgconn.(*PgConn).ExecStatement
             github.com/jackc/pgx/v5.(*Conn).execPrepared
             github.com/jackc/pgx/v5.(*Conn).exec
             github.com/jackc/pgx/v5.(*Conn).Exec
             github.com/jackc/pgx/v5/stdlib.(*Conn).ExecContext
             database/sql.ctxDriverExec
             database/sql.(*DB).execDC.func2
             database/sql.withLock
             database/sql.(*DB).execDC
             database/sql.(*Tx).ExecContext
             github.com/ruipengliu/lerna/adapters/postgres/content.(*Store).LockVersion
             github.com/ruipengliu/lerna/domain/content.(*Service).registeredClosure.func1
             github.com/ruipengliu/lerna/domain/content.(*Service).registeredClosure
             github.com/ruipengliu/lerna/domain/content.(*Service).ReadForProcessing.func1
             github.com/ruipengliu/lerna/adapters/postgres/internal/pgstore.(*Core).Within
             github.com/ruipengliu/lerna/adapters/postgres/content.(*Store).Within
             github.com/ruipengliu/lerna/domain/content.(*Service).ReadForProcessing
             github.com/ruipengliu/lerna/conformance/internal/decisionfixture.claimDiagnosticContent.ReadForProcessing
             github.com/ruipengliu/lerna/adapters/content/decision.(*Adapter).read
             github.com/ruipengliu/lerna/adapters/content/decision.(*Adapter).ReadSnapshot
             github.com/ruipengliu/lerna/conformance/internal/decisionfixture.claimDiagnosticSource.ReadSnapshot
             github.com/ruipengliu/lerna/components/decision_engine.(*Service).calculate
             github.com/ruipengliu/lerna/components/decision_engine.(*Service).RunClaim
             github.com/ruipengliu/lerna/components/decision_engine.(*Service).Step
             github.com/ruipengliu/lerna/conformance/component_test.completeContextDecision.func1
             runtime/pprof.Do
             github.com/ruipengliu/lerna/conformance/component_test.completeContextDecision
             github.com/ruipengliu/lerna/conformance/component_test.TestContentContextReachableClosure64And65IncludesIntermediateVersions.func1
             testing.tRunner
-----------+-------------------------------------------------------
      case:  closure64
     phase:  decision_step
10000000ns   internal/runtime/syscall/linux.Syscall6
             syscall.RawSyscall6
             syscall.Syscall
             syscall.write
             syscall.Write
             internal/poll.(*FD).Write
             net.(*netFD).Write
             net.(*conn).Write
             github.com/jackc/pgx/v5/pgproto3.(*Frontend).Flush
             github.com/jackc/pgx/v5/pgconn.(*PgConn).flushWithPotentialWriteReadDeadlock
             github.com/jackc/pgx/v5/pgconn.(*PgConn).execExtendedSuffix
             github.com/jackc/pgx/v5/pgconn.(*PgConn).ExecStatement
             github.com/jackc/pgx/v5.(*Conn).Query
             github.com/jackc/pgx/v5/stdlib.(*Conn).QueryContext
             database/sql.ctxDriverQuery
             database/sql.(*DB).queryDC.func1
             database/sql.withLock
             database/sql.(*DB).queryDC
             database/sql.(*Tx).QueryContext
             github.com/ruipengliu/lerna/adapters/postgres/content.(*Store).CheckPolicy
             github.com/ruipengliu/lerna/domain/content.(*Service).registeredClosure.func1
             github.com/ruipengliu/lerna/domain/content.(*Service).registeredClosure
             github.com/ruipengliu/lerna/domain/content.(*Service).ReadForProcessing.func1
             github.com/ruipengliu/lerna/adapters/postgres/internal/pgstore.(*Core).Within
             github.com/ruipengliu/lerna/adapters/postgres/content.(*Store).Within
             github.com/ruipengliu/lerna/domain/content.(*Service).ReadForProcessing
             github.com/ruipengliu/lerna/conformance/internal/decisionfixture.claimDiagnosticContent.ReadForProcessing
             github.com/ruipengliu/lerna/adapters/content/decision.(*Adapter).read
             github.com/ruipengliu/lerna/adapters/content/decision.(*Adapter).ReadSnapshot
             github.com/ruipengliu/lerna/conformance/internal/decisionfixture.claimDiagnosticSource.ReadSnapshot
             github.com/ruipengliu/lerna/components/decision_engine.(*Service).calculate
             github.com/ruipengliu/lerna/components/decision_engine.(*Service).RunClaim
             github.com/ruipengliu/lerna/components/decision_engine.(*Service).Step
             github.com/ruipengliu/lerna/conformance/component_test.completeContextDecision.func1
             runtime/pprof.Do
             github.com/ruipengliu/lerna/conformance/component_test.completeContextDecision
             github.com/ruipengliu/lerna/conformance/component_test.TestContentContextReachableClosure64And65IncludesIntermediateVersions.func1
             testing.tRunner
-----------+-------------------------------------------------------
      case:  closure64
     phase:  decision_step
10000000ns   runtime.memequal
             reflect.implements
             reflect.(*rtype).Implements
             github.com/jackc/pgx/v5/stdlib.isSQLScanDestination
             github.com/jackc/pgx/v5/stdlib.(*Rows).ScanColumn
             database/sql.(*Rows).scanLocked
             database/sql.(*Rows).Scan
             database/sql.(*Row).Scan
             github.com/ruipengliu/lerna/adapters/postgres/content.(*Store).CheckPolicy
             github.com/ruipengliu/lerna/domain/content.(*Service).registeredClosure.func1
             github.com/ruipengliu/lerna/domain/content.(*Service).registeredClosure
             github.com/ruipengliu/lerna/domain/content.(*Service).ReadForProcessing.func1
             github.com/ruipengliu/lerna/adapters/postgres/internal/pgstore.(*Core).Within
             github.com/ruipengliu/lerna/adapters/postgres/content.(*Store).Within
             github.com/ruipengliu/lerna/domain/content.(*Service).ReadForProcessing
             github.com/ruipengliu/lerna/conformance/internal/decisionfixture.claimDiagnosticContent.ReadForProcessing
             github.com/ruipengliu/lerna/adapters/content/decision.(*Adapter).read
             github.com/ruipengliu/lerna/adapters/content/decision.(*Adapter).ReadSnapshot
             github.com/ruipengliu/lerna/conformance/internal/decisionfixture.claimDiagnosticSource.ReadSnapshot
             github.com/ruipengliu/lerna/components/decision_engine.(*Service).calculate
             github.com/ruipengliu/lerna/components/decision_engine.(*Service).RunClaim
             github.com/ruipengliu/lerna/components/decision_engine.(*Service).Step
             github.com/ruipengliu/lerna/conformance/component_test.completeContextDecision.func1
             runtime/pprof.Do
             github.com/ruipengliu/lerna/conformance/component_test.completeContextDecision
             github.com/ruipengliu/lerna/conformance/component_test.TestContentContextReachableClosure64And65IncludesIntermediateVersions.func1
             testing.tRunner
-----------+-------------------------------------------------------
      case:  closure64
     phase:  decision_step
10000000ns   reflect.Value.Set
             encoding/json/v2.marshalEncode
             encoding/json/v2.Marshal
             github.com/ruipengliu/lerna/domain/content.VersionIdentity
             github.com/ruipengliu/lerna/domain/content.(*Service).registeredClosure.func1
             github.com/ruipengliu/lerna/domain/content.(*Service).registeredClosure.func1
             github.com/ruipengliu/lerna/domain/content.(*Service).registeredClosure
             github.com/ruipengliu/lerna/domain/content.(*Service).ReadForProcessing.func1
             github.com/ruipengliu/lerna/adapters/postgres/internal/pgstore.(*Core).Within
             github.com/ruipengliu/lerna/adapters/postgres/content.(*Store).Within
             github.com/ruipengliu/lerna/domain/content.(*Service).ReadForProcessing
             github.com/ruipengliu/lerna/conformance/internal/decisionfixture.claimDiagnosticContent.ReadForProcessing
             github.com/ruipengliu/lerna/adapters/content/decision.(*Adapter).read
             github.com/ruipengliu/lerna/adapters/content/decision.(*Adapter).ReadSnapshot
             github.com/ruipengliu/lerna/conformance/internal/decisionfixture.claimDiagnosticSource.ReadSnapshot
             github.com/ruipengliu/lerna/components/decision_engine.(*Service).calculate
             github.com/ruipengliu/lerna/components/decision_engine.(*Service).RunClaim
             github.com/ruipengliu/lerna/components/decision_engine.(*Service).Step
             github.com/ruipengliu/lerna/conformance/component_test.completeContextDecision.func1
             runtime/pprof.Do
             github.com/ruipengliu/lerna/conformance/component_test.completeContextDecision
             github.com/ruipengliu/lerna/conformance/component_test.TestContentContextReachableClosure64And65IncludesIntermediateVersions.func1
             testing.tRunner
-----------+-------------------------------------------------------
      case:  closure64
     phase:  decision_step
10000000ns   github.com/ruipengliu/lerna/adapters/postgres/internal/pgstore.(*Core).SQL
             github.com/ruipengliu/lerna/adapters/postgres/internal/pgstore.(*Core).LocalSQL
             github.com/ruipengliu/lerna/adapters/postgres/internal/pgstore.(*Core).Now
             github.com/ruipengliu/lerna/adapters/postgres/content.(*Store).Now
             github.com/ruipengliu/lerna/domain/content.(*Service).registeredClosure.func1
             github.com/ruipengliu/lerna/domain/content.(*Service).registeredClosure
             github.com/ruipengliu/lerna/domain/content.(*Service).ReadForProcessing.func1
             github.com/ruipengliu/lerna/adapters/postgres/internal/pgstore.(*Core).Within
             github.com/ruipengliu/lerna/adapters/postgres/content.(*Store).Within
             github.com/ruipengliu/lerna/domain/content.(*Service).ReadForProcessing
             github.com/ruipengliu/lerna/conformance/internal/decisionfixture.claimDiagnosticContent.ReadForProcessing
             github.com/ruipengliu/lerna/adapters/content/decision.(*Adapter).read
             github.com/ruipengliu/lerna/adapters/content/decision.(*Adapter).ReadSnapshot
             github.com/ruipengliu/lerna/conformance/internal/decisionfixture.claimDiagnosticSource.ReadSnapshot
             github.com/ruipengliu/lerna/components/decision_engine.(*Service).calculate
             github.com/ruipengliu/lerna/components/decision_engine.(*Service).RunClaim
             github.com/ruipengliu/lerna/components/decision_engine.(*Service).Step
             github.com/ruipengliu/lerna/conformance/component_test.completeContextDecision.func1
             runtime/pprof.Do
             github.com/ruipengliu/lerna/conformance/component_test.completeContextDecision
             github.com/ruipengliu/lerna/conformance/component_test.TestContentContextReachableClosure64And65IncludesIntermediateVersions.func1
             testing.tRunner
-----------+-------------------------------------------------------
      case:  closure64
     phase:  decision_step
10000000ns   runtime.checkptrBase
             runtime.checkptrStraddles
             runtime.checkptrAlignment
             github.com/jackc/pgx/v5/stdlib.isSQLScanDestination
             github.com/jackc/pgx/v5/stdlib.(*Rows).ScanColumn
             database/sql.(*Rows).scanLocked
             database/sql.(*Rows).Scan
             database/sql.(*Row).Scan
             github.com/ruipengliu/lerna/adapters/postgres/content.(*Store).LockVersion
             github.com/ruipengliu/lerna/domain/content.(*Service).registeredClosure.func1
             github.com/ruipengliu/lerna/domain/content.(*Service).registeredClosure
             github.com/ruipengliu/lerna/domain/content.(*Service).ReadForProcessing.func1
             github.com/ruipengliu/lerna/adapters/postgres/internal/pgstore.(*Core).Within
             github.com/ruipengliu/lerna/adapters/postgres/content.(*Store).Within
             github.com/ruipengliu/lerna/domain/content.(*Service).ReadForProcessing
             github.com/ruipengliu/lerna/conformance/internal/decisionfixture.claimDiagnosticContent.ReadForProcessing
             github.com/ruipengliu/lerna/adapters/content/decision.(*Adapter).read
             github.com/ruipengliu/lerna/adapters/content/decision.(*Adapter).ReadSnapshot
             github.com/ruipengliu/lerna/conformance/internal/decisionfixture.claimDiagnosticSource.ReadSnapshot
             github.com/ruipengliu/lerna/components/decision_engine.(*Service).calculate
             github.com/ruipengliu/lerna/components/decision_engine.(*Service).RunClaim
             github.com/ruipengliu/lerna/components/decision_engine.(*Service).Step
             github.com/ruipengliu/lerna/conformance/component_test.completeContextDecision.func1
             runtime/pprof.Do
             github.com/ruipengliu/lerna/conformance/component_test.completeContextDecision
             github.com/ruipengliu/lerna/conformance/component_test.TestContentContextReachableClosure64And65IncludesIntermediateVersions.func1
             testing.tRunner
-----------+-------------------------------------------------------
      case:  closure64
     phase:  decision_step
10000000ns   runtime.newobject
             github.com/jackc/pgx/v5/pgconn/ctxwatch.(*ContextWatcher).Watch
             github.com/jackc/pgx/v5/pgconn.(*PgConn).execExtendedPrefix
             github.com/jackc/pgx/v5/pgconn.(*PgConn).ExecStatement
             github.com/jackc/pgx/v5.(*Conn).Query
             github.com/jackc/pgx/v5/stdlib.(*Conn).QueryContext
             database/sql.ctxDriverQuery
             database/sql.(*DB).queryDC.func1
             database/sql.withLock
             database/sql.(*DB).queryDC
             database/sql.(*Tx).QueryContext
             github.com/ruipengliu/lerna/adapters/postgres/content.(*Store).LockVersion
             github.com/ruipengliu/lerna/domain/content.(*Service).registeredClosure.func1
             github.com/ruipengliu/lerna/domain/content.(*Service).registeredClosure
             github.com/ruipengliu/lerna/domain/content.(*Service).ReadForProcessing.func1
             github.com/ruipengliu/lerna/adapters/postgres/internal/pgstore.(*Core).Within
             github.com/ruipengliu/lerna/adapters/postgres/content.(*Store).Within
             github.com/ruipengliu/lerna/domain/content.(*Service).ReadForProcessing
             github.com/ruipengliu/lerna/conformance/internal/decisionfixture.claimDiagnosticContent.ReadForProcessing
             github.com/ruipengliu/lerna/adapters/content/decision.(*Adapter).read
             github.com/ruipengliu/lerna/adapters/content/decision.(*Adapter).ReadSnapshot
             github.com/ruipengliu/lerna/conformance/internal/decisionfixture.claimDiagnosticSource.ReadSnapshot
             github.com/ruipengliu/lerna/components/decision_engine.(*Service).calculate
             github.com/ruipengliu/lerna/components/decision_engine.(*Service).RunClaim
             github.com/ruipengliu/lerna/components/decision_engine.(*Service).Step
             github.com/ruipengliu/lerna/conformance/component_test.completeContextDecision.func1
             runtime/pprof.Do
             github.com/ruipengliu/lerna/conformance/component_test.completeContextDecision
             github.com/ruipengliu/lerna/conformance/component_test.TestContentContextReachableClosure64And65IncludesIntermediateVersions.func1
             testing.tRunner
-----------+-------------------------------------------------------
      case:  closure64
     phase:  decision_step
10000000ns   crypto/internal/fips140/sha256.(*Digest).Reset
             crypto/sha256.Sum256
             github.com/ruipengliu/lerna/domain/content.VersionIdentity
             github.com/ruipengliu/lerna/domain/content.(*Service).registeredClosure.func1
             github.com/ruipengliu/lerna/domain/content.(*Service).registeredClosure
             github.com/ruipengliu/lerna/domain/content.(*Service).ReadForProcessing.func1
             github.com/ruipengliu/lerna/adapters/postgres/internal/pgstore.(*Core).Within
             github.com/ruipengliu/lerna/adapters/postgres/content.(*Store).Within
             github.com/ruipengliu/lerna/domain/content.(*Service).ReadForProcessing
             github.com/ruipengliu/lerna/conformance/internal/decisionfixture.claimDiagnosticContent.ReadForProcessing
             github.com/ruipengliu/lerna/adapters/content/decision.(*Adapter).read
             github.com/ruipengliu/lerna/adapters/content/decision.(*Adapter).ReadSnapshot
             github.com/ruipengliu/lerna/conformance/internal/decisionfixture.claimDiagnosticSource.ReadSnapshot
             github.com/ruipengliu/lerna/components/decision_engine.(*Service).calculate
             github.com/ruipengliu/lerna/components/decision_engine.(*Service).RunClaim
             github.com/ruipengliu/lerna/components/decision_engine.(*Service).Step
             github.com/ruipengliu/lerna/conformance/component_test.completeContextDecision.func1
             runtime/pprof.Do
             github.com/ruipengliu/lerna/conformance/component_test.completeContextDecision
             github.com/ruipengliu/lerna/conformance/component_test.TestContentContextReachableClosure64And65IncludesIntermediateVersions.func1
             testing.tRunner
-----------+-------------------------------------------------------
      case:  closure64
     phase:  decision_step
10000000ns   runtime.checkptrBase
             runtime.checkptrStraddles
             runtime.checkptrAlignment
             github.com/ruipengliu/lerna/contract/v1_2.wireValue
             github.com/ruipengliu/lerna/contract/v1_2.wireValue
             github.com/ruipengliu/lerna/contract/v1_2.wireValue
             github.com/ruipengliu/lerna/contract/v1_2.Validate
             github.com/ruipengliu/lerna/contract/v1_2.Encode[go.shape.struct { Owner github.com/ruipengliu/lerna/contract/gen/go/v1_2.OwnerRef "json:\"owner\""; ContentID github.com/ruipengliu/lerna/contract/gen/go/v1_2.ID "json:\"content_id\""; Version string "json:\"version\""; Hash string "json:\"hash\""; MediaType string "json:\"media_type\""; ByteLength github.com/ruipengliu/lerna/contract/gen/go/v1_2.Revision "json:\"byte_length\"" }]
             github.com/ruipengliu/lerna/domain/content.VersionIdentity
             github.com/ruipengliu/lerna/domain/content.(*Service).registeredClosure.func1
             github.com/ruipengliu/lerna/domain/content.(*Service).registeredClosure.func1
             github.com/ruipengliu/lerna/domain/content.(*Service).registeredClosure
             github.com/ruipengliu/lerna/domain/content.(*Service).ReadForProcessing.func1
             github.com/ruipengliu/lerna/adapters/postgres/internal/pgstore.(*Core).Within
             github.com/ruipengliu/lerna/adapters/postgres/content.(*Store).Within
             github.com/ruipengliu/lerna/domain/content.(*Service).ReadForProcessing
             github.com/ruipengliu/lerna/conformance/internal/decisionfixture.claimDiagnosticContent.ReadForProcessing
             github.com/ruipengliu/lerna/adapters/content/decision.(*Adapter).read
             github.com/ruipengliu/lerna/adapters/content/decision.(*Adapter).ReadSnapshot
             github.com/ruipengliu/lerna/conformance/internal/decisionfixture.claimDiagnosticSource.ReadSnapshot
             github.com/ruipengliu/lerna/components/decision_engine.(*Service).calculate
             github.com/ruipengliu/lerna/components/decision_engine.(*Service).RunClaim
             github.com/ruipengliu/lerna/components/decision_engine.(*Service).Step
             github.com/ruipengliu/lerna/conformance/component_test.completeContextDecision.func1
             runtime/pprof.Do
             github.com/ruipengliu/lerna/conformance/component_test.completeContextDecision
             github.com/ruipengliu/lerna/conformance/component_test.TestContentContextReachableClosure64And65IncludesIntermediateVersions.func1
             testing.tRunner
-----------+-------------------------------------------------------
      case:  closure64
     phase:  decision_step
10000000ns   runtime.findObject
             runtime.checkptrBase
             runtime.checkptrStraddles
             runtime.checkptrAlignment
             reflect.implements
             reflect.(*rtype).Implements
             github.com/jackc/pgx/v5/stdlib.isSQLScanDestination
             github.com/jackc/pgx/v5/stdlib.(*Rows).ScanColumn
             database/sql.(*Rows).scanLocked
             database/sql.(*Rows).Scan
             database/sql.(*Row).Scan
             github.com/ruipengliu/lerna/adapters/postgres/content.(*Store).CheckPolicy
             github.com/ruipengliu/lerna/domain/content.(*Service).registeredClosure.func1
             github.com/ruipengliu/lerna/domain/content.(*Service).registeredClosure
             github.com/ruipengliu/lerna/domain/content.(*Service).ReadForProcessing.func1
             github.com/ruipengliu/lerna/adapters/postgres/internal/pgstore.(*Core).Within
             github.com/ruipengliu/lerna/adapters/postgres/content.(*Store).Within
             github.com/ruipengliu/lerna/domain/content.(*Service).ReadForProcessing
             github.com/ruipengliu/lerna/conformance/internal/decisionfixture.claimDiagnosticContent.ReadForProcessing
             github.com/ruipengliu/lerna/adapters/content/decision.(*Adapter).read
             github.com/ruipengliu/lerna/adapters/content/decision.(*Adapter).ReadSnapshot
             github.com/ruipengliu/lerna/conformance/internal/decisionfixture.claimDiagnosticSource.ReadSnapshot
             github.com/ruipengliu/lerna/components/decision_engine.(*Service).calculate
             github.com/ruipengliu/lerna/components/decision_engine.(*Service).RunClaim
             github.com/ruipengliu/lerna/components/decision_engine.(*Service).Step
             github.com/ruipengliu/lerna/conformance/component_test.completeContextDecision.func1
             runtime/pprof.Do
             github.com/ruipengliu/lerna/conformance/component_test.completeContextDecision
             github.com/ruipengliu/lerna/conformance/component_test.TestContentContextReachableClosure64And65IncludesIntermediateVersions.func1
             testing.tRunner
-----------+-------------------------------------------------------
      case:  closure64
     phase:  decision_step
10000000ns   runtime.raceread
             regexp/syntax.(*Inst).MatchRunePos
             regexp.(*Regexp).doOnePass
             regexp.(*Regexp).find
             regexp.(*Regexp).MatchString
             github.com/santhosh-tekuri/jsonschema/v6.(*validator).strValidate
             github.com/santhosh-tekuri/jsonschema/v6.(*validator).validate
             github.com/santhosh-tekuri/jsonschema/v6.(*validator).validateSelf
             github.com/santhosh-tekuri/jsonschema/v6.(*validator).validateRef
             github.com/santhosh-tekuri/jsonschema/v6.(*validator).validate
             github.com/santhosh-tekuri/jsonschema/v6.(*validator).validateVal
             github.com/santhosh-tekuri/jsonschema/v6.(*validator).objValidate
             github.com/santhosh-tekuri/jsonschema/v6.(*validator).validate
             github.com/santhosh-tekuri/jsonschema/v6.(*validator).validateSelf
             github.com/santhosh-tekuri/jsonschema/v6.(*validator).validateRef
             github.com/santhosh-tekuri/jsonschema/v6.(*validator).validate
             github.com/santhosh-tekuri/jsonschema/v6.(*validator).validateVal
             github.com/santhosh-tekuri/jsonschema/v6.(*validator).objValidate
             github.com/santhosh-tekuri/jsonschema/v6.(*validator).validate
             github.com/santhosh-tekuri/jsonschema/v6.(*Schema).validate
             github.com/ruipengliu/lerna/contract/v1_2.Validate
             github.com/ruipengliu/lerna/contract/v1_2.Encode[go.shape.struct { Owner github.com/ruipengliu/lerna/contract/gen/go/v1_2.OwnerRef "json:\"owner\""; ContentID github.com/ruipengliu/lerna/contract/gen/go/v1_2.ID "json:\"content_id\""; Version string "json:\"version\""; Hash string "json:\"hash\""; MediaType string "json:\"media_type\""; ByteLength github.com/ruipengliu/lerna/contract/gen/go/v1_2.Revision "json:\"byte_length\"" }]
             github.com/ruipengliu/lerna/domain/content.VersionIdentity
             github.com/ruipengliu/lerna/domain/content.sortRefs
             github.com/ruipengliu/lerna/domain/content.(*Service).registeredClosure
             github.com/ruipengliu/lerna/domain/content.(*Service).ReadForProcessing.func1
             github.com/ruipengliu/lerna/adapters/postgres/internal/pgstore.(*Core).Within
             github.com/ruipengliu/lerna/adapters/postgres/content.(*Store).Within
             github.com/ruipengliu/lerna/domain/content.(*Service).ReadForProcessing
             github.com/ruipengliu/lerna/conformance/internal/decisionfixture.claimDiagnosticContent.ReadForProcessing
             github.com/ruipengliu/lerna/adapters/content/decision.(*Adapter).read
             github.com/ruipengliu/lerna/adapters/content/decision.(*Adapter).ReadSnapshot
             github.com/ruipengliu/lerna/conformance/internal/decisionfixture.claimDiagnosticSource.ReadSnapshot
             github.com/ruipengliu/lerna/components/decision_engine.(*Service).calculate
             github.com/ruipengliu/lerna/components/decision_engine.(*Service).RunClaim
             github.com/ruipengliu/lerna/components/decision_engine.(*Service).Step
             github.com/ruipengliu/lerna/conformance/component_test.completeContextDecision.func1
             runtime/pprof.Do
             github.com/ruipengliu/lerna/conformance/component_test.completeContextDecision
             github.com/ruipengliu/lerna/conformance/component_test.TestContentContextReachableClosure64And65IncludesIntermediateVersions.func1
             testing.tRunner
-----------+-------------------------------------------------------
      case:  closure64
     phase:  decision_step
10000000ns   runtime.checkptrBase
             runtime.checkptrStraddles
             runtime.checkptrAlignment
             reflect.implements
             reflect.(*rtype).Implements
             github.com/jackc/pgx/v5/stdlib.isSQLScanDestination
             github.com/jackc/pgx/v5/stdlib.(*Rows).ScanColumn
             database/sql.(*Rows).scanLocked
             database/sql.(*Rows).Scan
             database/sql.(*Row).Scan
             github.com/ruipengliu/lerna/adapters/postgres/internal/pgstore.(*Core).Now
             github.com/ruipengliu/lerna/adapters/postgres/content.(*Store).Now
             github.com/ruipengliu/lerna/domain/content.(*Service).registeredClosure.func1
             github.com/ruipengliu/lerna/domain/content.(*Service).registeredClosure.func1
             github.com/ruipengliu/lerna/domain/content.(*Service).registeredClosure.func1
             github.com/ruipengliu/lerna/domain/content.(*Service).registeredClosure
             github.com/ruipengliu/lerna/domain/content.(*Service).ReadForProcessing.func1
             github.com/ruipengliu/lerna/adapters/postgres/internal/pgstore.(*Core).Within
             github.com/ruipengliu/lerna/adapters/postgres/content.(*Store).Within
             github.com/ruipengliu/lerna/domain/content.(*Service).ReadForProcessing
             github.com/ruipengliu/lerna/conformance/internal/decisionfixture.claimDiagnosticContent.ReadForProcessing
             github.com/ruipengliu/lerna/adapters/content/decision.(*Adapter).read
             github.com/ruipengliu/lerna/adapters/content/decision.(*Adapter).ReadSnapshot
             github.com/ruipengliu/lerna/conformance/internal/decisionfixture.claimDiagnosticSource.ReadSnapshot
             github.com/ruipengliu/lerna/components/decision_engine.(*Service).calculate
             github.com/ruipengliu/lerna/components/decision_engine.(*Service).RunClaim
             github.com/ruipengliu/lerna/components/decision_engine.(*Service).Step
             github.com/ruipengliu/lerna/conformance/component_test.completeContextDecision.func1
             runtime/pprof.Do
             github.com/ruipengliu/lerna/conformance/component_test.completeContextDecision
             github.com/ruipengliu/lerna/conformance/component_test.TestContentContextReachableClosure64And65IncludesIntermediateVersions.func1
             testing.tRunner
-----------+-------------------------------------------------------
      case:  closure64
     phase:  decision_step
10000000ns   racecalladdr
             reflect.(*rtype).ptrTo
             reflect.Value.Addr
             encoding/json/v2.makeTimeArshaler.func4
             encoding/json/v2.makeStructArshaler.func3
             encoding/json/v2.unmarshalDecode
             encoding/json/v2.Unmarshal
             github.com/ruipengliu/lerna/adapters/postgres/content.(*Store).CheckPolicy
             github.com/ruipengliu/lerna/domain/content.(*Service).registeredClosure.func1
             github.com/ruipengliu/lerna/domain/content.(*Service).registeredClosure
             github.com/ruipengliu/lerna/domain/content.(*Service).ReadForProcessing.func1
             github.com/ruipengliu/lerna/adapters/postgres/internal/pgstore.(*Core).Within
             github.com/ruipengliu/lerna/adapters/postgres/content.(*Store).Within
             github.com/ruipengliu/lerna/domain/content.(*Service).ReadForProcessing
             github.com/ruipengliu/lerna/conformance/internal/decisionfixture.claimDiagnosticContent.ReadForProcessing
             github.com/ruipengliu/lerna/adapters/content/decision.(*Adapter).read
             github.com/ruipengliu/lerna/adapters/content/decision.(*Adapter).ReadSnapshot
             github.com/ruipengliu/lerna/conformance/internal/decisionfixture.claimDiagnosticSource.ReadSnapshot
             github.com/ruipengliu/lerna/components/decision_engine.(*Service).calculate
             github.com/ruipengliu/lerna/components/decision_engine.(*Service).RunClaim
             github.com/ruipengliu/lerna/components/decision_engine.(*Service).Step
             github.com/ruipengliu/lerna/conformance/component_test.completeContextDecision.func1
             runtime/pprof.Do
             github.com/ruipengliu/lerna/conformance/component_test.completeContextDecision
             github.com/ruipengliu/lerna/conformance/component_test.TestContentContextReachableClosure64And65IncludesIntermediateVersions.func1
             testing.tRunner
-----------+-------------------------------------------------------
      case:  closure64
     phase:  decision_step
10000000ns   runtime.newobject
             github.com/jackc/pgx/v5/pgconn/ctxwatch.(*ContextWatcher).Watch
             github.com/jackc/pgx/v5/pgconn.(*PgConn).execExtendedPrefix
             github.com/jackc/pgx/v5/pgconn.(*PgConn).ExecStatement
             github.com/jackc/pgx/v5.(*Conn).Query
             github.com/jackc/pgx/v5/stdlib.(*Conn).QueryContext
             database/sql.ctxDriverQuery
             database/sql.(*DB).queryDC.func1
             database/sql.withLock
             database/sql.(*DB).queryDC
             database/sql.(*Tx).QueryContext
             github.com/ruipengliu/lerna/adapters/postgres/internal/pgstore.(*Core).Now
             github.com/ruipengliu/lerna/adapters/postgres/content.(*Store).Now
             github.com/ruipengliu/lerna/domain/content.(*Service).registeredClosure.func1
             github.com/ruipengliu/lerna/domain/content.(*Service).registeredClosure
             github.com/ruipengliu/lerna/domain/content.(*Service).ReadForProcessing.func1
             github.com/ruipengliu/lerna/adapters/postgres/internal/pgstore.(*Core).Within
             github.com/ruipengliu/lerna/adapters/postgres/content.(*Store).Within
             github.com/ruipengliu/lerna/domain/content.(*Service).ReadForProcessing
             github.com/ruipengliu/lerna/conformance/internal/decisionfixture.claimDiagnosticContent.ReadForProcessing
             github.com/ruipengliu/lerna/adapters/content/decision.(*Adapter).read
             github.com/ruipengliu/lerna/adapters/content/decision.(*Adapter).ReadSnapshot
             github.com/ruipengliu/lerna/conformance/internal/decisionfixture.claimDiagnosticSource.ReadSnapshot
             github.com/ruipengliu/lerna/components/decision_engine.(*Service).calculate
             github.com/ruipengliu/lerna/components/decision_engine.(*Service).RunClaim
             github.com/ruipengliu/lerna/components/decision_engine.(*Service).Step
             github.com/ruipengliu/lerna/conformance/component_test.completeContextDecision.func1
             runtime/pprof.Do
             github.com/ruipengliu/lerna/conformance/component_test.completeContextDecision
             github.com/ruipengliu/lerna/conformance/component_test.TestContentContextReachableClosure64And65IncludesIntermediateVersions.func1
             testing.tRunner
-----------+-------------------------------------------------------
      case:  closure64
     phase:  decision_step
10000000ns   runtime.checkptrBase
             runtime.checkptrStraddles
             runtime.checkptrAlignment
             reflect.Value.Field
             encoding/json/v2.makeStructArshaler.func2
             encoding/json/v2.makeStructArshaler.func2
             encoding/json/v2.marshalEncode
             encoding/json/v2.Marshal
             github.com/ruipengliu/lerna/contract/v1_2.Encode[go.shape.struct { Owner github.com/ruipengliu/lerna/contract/gen/go/v1_2.OwnerRef "json:\"owner\""; ContentID github.com/ruipengliu/lerna/contract/gen/go/v1_2.ID "json:\"content_id\""; Version string "json:\"version\""; Hash string "json:\"hash\""; MediaType string "json:\"media_type\""; ByteLength github.com/ruipengliu/lerna/contract/gen/go/v1_2.Revision "json:\"byte_length\"" }]
             github.com/ruipengliu/lerna/domain/content.VersionIdentity
             github.com/ruipengliu/lerna/domain/content.sortRefs
             github.com/ruipengliu/lerna/domain/content.(*Service).registeredClosure.func1
             github.com/ruipengliu/lerna/domain/content.(*Service).registeredClosure
             github.com/ruipengliu/lerna/domain/content.(*Service).ReadForProcessing.func1
             github.com/ruipengliu/lerna/adapters/postgres/internal/pgstore.(*Core).Within
             github.com/ruipengliu/lerna/adapters/postgres/content.(*Store).Within
             github.com/ruipengliu/lerna/domain/content.(*Service).ReadForProcessing
             github.com/ruipengliu/lerna/conformance/internal/decisionfixture.claimDiagnosticContent.ReadForProcessing
             github.com/ruipengliu/lerna/adapters/content/decision.(*Adapter).read
             github.com/ruipengliu/lerna/adapters/content/decision.(*Adapter).ReadSnapshot
             github.com/ruipengliu/lerna/conformance/internal/decisionfixture.claimDiagnosticSource.ReadSnapshot
             github.com/ruipengliu/lerna/components/decision_engine.(*Service).calculate
             github.com/ruipengliu/lerna/components/decision_engine.(*Service).RunClaim
             github.com/ruipengliu/lerna/components/decision_engine.(*Service).Step
             github.com/ruipengliu/lerna/conformance/component_test.completeContextDecision.func1
             runtime/pprof.Do
             github.com/ruipengliu/lerna/conformance/component_test.completeContextDecision
             github.com/ruipengliu/lerna/conformance/component_test.TestContentContextReachableClosure64And65IncludesIntermediateVersions.func1
             testing.tRunner
-----------+-------------------------------------------------------
      case:  closure64
     phase:  decision_step
10000000ns   runtime.raceread
             github.com/ruipengliu/lerna/contract/v1_2.writeCanonicalString
             github.com/ruipengliu/lerna/contract/v1_2.writeCanonical
             github.com/ruipengliu/lerna/contract/v1_2.Encode[go.shape.struct { Owner github.com/ruipengliu/lerna/contract/gen/go/v1_2.OwnerRef "json:\"owner\""; ContentID github.com/ruipengliu/lerna/contract/gen/go/v1_2.ID "json:\"content_id\""; Version string "json:\"version\""; Hash string "json:\"hash\""; MediaType string "json:\"media_type\""; ByteLength github.com/ruipengliu/lerna/contract/gen/go/v1_2.Revision "json:\"byte_length\"" }]
             github.com/ruipengliu/lerna/domain/content.VersionIdentity
             github.com/ruipengliu/lerna/domain/content.(*Service).registeredClosure.func1
             github.com/ruipengliu/lerna/domain/content.(*Service).registeredClosure.func1
             github.com/ruipengliu/lerna/domain/content.(*Service).registeredClosure
             github.com/ruipengliu/lerna/domain/content.(*Service).ReadForProcessing.func1
             github.com/ruipengliu/lerna/adapters/postgres/internal/pgstore.(*Core).Within
             github.com/ruipengliu/lerna/adapters/postgres/content.(*Store).Within
             github.com/ruipengliu/lerna/domain/content.(*Service).ReadForProcessing
             github.com/ruipengliu/lerna/conformance/internal/decisionfixture.claimDiagnosticContent.ReadForProcessing
             github.com/ruipengliu/lerna/adapters/content/decision.(*Adapter).read
             github.com/ruipengliu/lerna/adapters/content/decision.(*Adapter).ReadSnapshot
             github.com/ruipengliu/lerna/conformance/internal/decisionfixture.claimDiagnosticSource.ReadSnapshot
             github.com/ruipengliu/lerna/components/decision_engine.(*Service).calculate
             github.com/ruipengliu/lerna/components/decision_engine.(*Service).RunClaim
             github.com/ruipengliu/lerna/components/decision_engine.(*Service).Step
             github.com/ruipengliu/lerna/conformance/component_test.completeContextDecision.func1
             runtime/pprof.Do
             github.com/ruipengliu/lerna/conformance/component_test.completeContextDecision
             github.com/ruipengliu/lerna/conformance/component_test.TestContentContextReachableClosure64And65IncludesIntermediateVersions.func1
             testing.tRunner
-----------+-------------------------------------------------------
      case:  closure64
     phase:  decision_step
10000000ns   internal/runtime/syscall/linux.Syscall6
             syscall.RawSyscall6
             syscall.Syscall
             syscall.write
             syscall.Write
             internal/poll.(*FD).Write
             net.(*netFD).Write
             net.(*conn).Write
             github.com/jackc/pgx/v5/pgproto3.(*Frontend).Flush
             github.com/jackc/pgx/v5/pgconn.(*PgConn).flushWithPotentialWriteReadDeadlock
             github.com/jackc/pgx/v5/pgconn.(*PgConn).execExtendedSuffix
             github.com/jackc/pgx/v5/pgconn.(*PgConn).ExecStatement
             github.com/jackc/pgx/v5.(*Conn).Query
             github.com/jackc/pgx/v5/stdlib.(*Conn).QueryContext
             database/sql.ctxDriverQuery
             database/sql.(*DB).queryDC.func1
             database/sql.withLock
             database/sql.(*DB).queryDC
             database/sql.(*Tx).QueryContext
             github.com/ruipengliu/lerna/adapters/postgres/content.(*Store).LockVersion
             github.com/ruipengliu/lerna/domain/content.(*Service).registeredClosure.func1
             github.com/ruipengliu/lerna/domain/content.(*Service).registeredClosure
             github.com/ruipengliu/lerna/domain/content.(*Service).ReadForProcessing.func1
             github.com/ruipengliu/lerna/adapters/postgres/internal/pgstore.(*Core).Within
             github.com/ruipengliu/lerna/adapters/postgres/content.(*Store).Within
             github.com/ruipengliu/lerna/domain/content.(*Service).ReadForProcessing
             github.com/ruipengliu/lerna/conformance/internal/decisionfixture.claimDiagnosticContent.ReadForProcessing
             github.com/ruipengliu/lerna/adapters/content/decision.(*Adapter).read
             github.com/ruipengliu/lerna/adapters/content/decision.(*Adapter).ReadSnapshot
             github.com/ruipengliu/lerna/conformance/internal/decisionfixture.claimDiagnosticSource.ReadSnapshot
             github.com/ruipengliu/lerna/components/decision_engine.(*Service).calculate
             github.com/ruipengliu/lerna/components/decision_engine.(*Service).RunClaim
             github.com/ruipengliu/lerna/components/decision_engine.(*Service).Step
             github.com/ruipengliu/lerna/conformance/component_test.completeContextDecision.func1
             runtime/pprof.Do
             github.com/ruipengliu/lerna/conformance/component_test.completeContextDecision
             github.com/ruipengliu/lerna/conformance/component_test.TestContentContextReachableClosure64And65IncludesIntermediateVersions.func1
             testing.tRunner
-----------+-------------------------------------------------------
      case:  closure64
     phase:  decision_step
10000000ns   racecalladdr
             encoding/json/jsontext.Token.string
             encoding/json.(*Decoder).Token
             github.com/ruipengliu/lerna/contract/v1_2.parseValue
             github.com/ruipengliu/lerna/contract/v1_2.parseValue
             github.com/ruipengliu/lerna/contract/v1_2.parseJSON
             github.com/ruipengliu/lerna/contract/v1_2.Encode[go.shape.struct { Owner github.com/ruipengliu/lerna/contract/gen/go/v1_2.OwnerRef "json:\"owner\""; ContentID github.com/ruipengliu/lerna/contract/gen/go/v1_2.ID "json:\"content_id\""; Version string "json:\"version\""; Hash string "json:\"hash\""; MediaType string "json:\"media_type\""; ByteLength github.com/ruipengliu/lerna/contract/gen/go/v1_2.Revision "json:\"byte_length\"" }]
             github.com/ruipengliu/lerna/domain/content.VersionIdentity
             github.com/ruipengliu/lerna/domain/content.(*Service).registeredClosure.func1
             github.com/ruipengliu/lerna/domain/content.(*Service).registeredClosure
             github.com/ruipengliu/lerna/domain/content.(*Service).ReadForProcessing.func1
             github.com/ruipengliu/lerna/adapters/postgres/internal/pgstore.(*Core).Within
             github.com/ruipengliu/lerna/adapters/postgres/content.(*Store).Within
             github.com/ruipengliu/lerna/domain/content.(*Service).ReadForProcessing
             github.com/ruipengliu/lerna/conformance/internal/decisionfixture.claimDiagnosticContent.ReadForProcessing
             github.com/ruipengliu/lerna/adapters/content/decision.(*Adapter).read
             github.com/ruipengliu/lerna/adapters/content/decision.(*Adapter).ReadSnapshot
             github.com/ruipengliu/lerna/conformance/internal/decisionfixture.claimDiagnosticSource.ReadSnapshot
             github.com/ruipengliu/lerna/components/decision_engine.(*Service).calculate
             github.com/ruipengliu/lerna/components/decision_engine.(*Service).RunClaim
             github.com/ruipengliu/lerna/components/decision_engine.(*Service).Step
             github.com/ruipengliu/lerna/conformance/component_test.completeContextDecision.func1
             runtime/pprof.Do
             github.com/ruipengliu/lerna/conformance/component_test.completeContextDecision
             github.com/ruipengliu/lerna/conformance/component_test.TestContentContextReachableClosure64And65IncludesIntermediateVersions.func1
             testing.tRunner
-----------+-------------------------------------------------------
      case:  closure64
     phase:  decision_step
10000000ns   runtime.gcAssistAlloc
             runtime.deductAssistCredit
             runtime.mallocgc
             runtime.rawbyteslice
             runtime.stringtoslicebyte
             github.com/santhosh-tekuri/jsonschema/v6.(*validator).strValidate
             github.com/santhosh-tekuri/jsonschema/v6.(*validator).validate
             github.com/santhosh-tekuri/jsonschema/v6.(*validator).validateSelf
             github.com/santhosh-tekuri/jsonschema/v6.(*validator).validateRef
             github.com/santhosh-tekuri/jsonschema/v6.(*validator).validate
             github.com/santhosh-tekuri/jsonschema/v6.(*validator).validateVal
             github.com/santhosh-tekuri/jsonschema/v6.(*validator).objValidate
             github.com/santhosh-tekuri/jsonschema/v6.(*validator).validate
             github.com/santhosh-tekuri/jsonschema/v6.(*Schema).validate
             github.com/ruipengliu/lerna/contract/v1_2.Validate
             github.com/ruipengliu/lerna/contract/v1_2.Encode[go.shape.struct { Owner github.com/ruipengliu/lerna/contract/gen/go/v1_2.OwnerRef "json:\"owner\""; ContentID github.com/ruipengliu/lerna/contract/gen/go/v1_2.ID "json:\"content_id\""; Version string "json:\"version\""; Hash string "json:\"hash\""; MediaType string "json:\"media_type\""; ByteLength github.com/ruipengliu/lerna/contract/gen/go/v1_2.Revision "json:\"byte_length\"" }]
             github.com/ruipengliu/lerna/domain/content.VersionIdentity
             github.com/ruipengliu/lerna/domain/content.(*Service).registeredClosure.func1
             github.com/ruipengliu/lerna/domain/content.(*Service).registeredClosure.func1
             github.com/ruipengliu/lerna/domain/content.(*Service).registeredClosure
             github.com/ruipengliu/lerna/domain/content.(*Service).ReadForProcessing.func1
             github.com/ruipengliu/lerna/adapters/postgres/internal/pgstore.(*Core).Within
             github.com/ruipengliu/lerna/adapters/postgres/content.(*Store).Within
             github.com/ruipengliu/lerna/domain/content.(*Service).ReadForProcessing
             github.com/ruipengliu/lerna/conformance/internal/decisionfixture.claimDiagnosticContent.ReadForProcessing
             github.com/ruipengliu/lerna/adapters/content/decision.(*Adapter).read
             github.com/ruipengliu/lerna/adapters/content/decision.(*Adapter).ReadSnapshot
             github.com/ruipengliu/lerna/conformance/internal/decisionfixture.claimDiagnosticSource.ReadSnapshot
             github.com/ruipengliu/lerna/components/decision_engine.(*Service).calculate
             github.com/ruipengliu/lerna/components/decision_engine.(*Service).RunClaim
             github.com/ruipengliu/lerna/components/decision_engine.(*Service).Step
             github.com/ruipengliu/lerna/conformance/component_test.completeContextDecision.func1
             runtime/pprof.Do
             github.com/ruipengliu/lerna/conformance/component_test.completeContextDecision
             github.com/ruipengliu/lerna/conformance/component_test.TestContentContextReachableClosure64And65IncludesIntermediateVersions.func1
             testing.tRunner
-----------+-------------------------------------------------------
      case:  closure64
     phase:  decision_step
10000000ns   runtime.memequal
             internal/runtime/maps.(*Map).getWithoutKeySmallFastStr
             runtime.mapaccess2_faststr
             github.com/santhosh-tekuri/jsonschema/v6.(*validator).objValidate
             github.com/santhosh-tekuri/jsonschema/v6.(*validator).validate
             github.com/santhosh-tekuri/jsonschema/v6.(*validator).validateSelf
             github.com/santhosh-tekuri/jsonschema/v6.(*validator).validateRef
             github.com/santhosh-tekuri/jsonschema/v6.(*validator).validate
             github.com/santhosh-tekuri/jsonschema/v6.(*validator).validateVal
             github.com/santhosh-tekuri/jsonschema/v6.(*validator).objValidate
             github.com/santhosh-tekuri/jsonschema/v6.(*validator).validate
             github.com/santhosh-tekuri/jsonschema/v6.(*Schema).validate
             github.com/ruipengliu/lerna/contract/v1_2.Validate
             github.com/ruipengliu/lerna/contract/v1_2.Encode[go.shape.struct { Owner github.com/ruipengliu/lerna/contract/gen/go/v1_2.OwnerRef "json:\"owner\""; ContentID github.com/ruipengliu/lerna/contract/gen/go/v1_2.ID "json:\"content_id\""; Version string "json:\"version\""; Hash string "json:\"hash\""; MediaType string "json:\"media_type\""; ByteLength github.com/ruipengliu/lerna/contract/gen/go/v1_2.Revision "json:\"byte_length\"" }]
             github.com/ruipengliu/lerna/domain/content.VersionIdentity
             github.com/ruipengliu/lerna/domain/content.(*Service).registeredClosure.func1
             github.com/ruipengliu/lerna/domain/content.(*Service).registeredClosure.func1
             github.com/ruipengliu/lerna/domain/content.(*Service).registeredClosure
             github.com/ruipengliu/lerna/domain/content.(*Service).ReadForProcessing.func1
             github.com/ruipengliu/lerna/adapters/postgres/internal/pgstore.(*Core).Within
             github.com/ruipengliu/lerna/adapters/postgres/content.(*Store).Within
             github.com/ruipengliu/lerna/domain/content.(*Service).ReadForProcessing
             github.com/ruipengliu/lerna/conformance/internal/decisionfixture.claimDiagnosticContent.ReadForProcessing
             github.com/ruipengliu/lerna/adapters/content/decision.(*Adapter).read
             github.com/ruipengliu/lerna/adapters/content/decision.(*Adapter).ReadSnapshot
             github.com/ruipengliu/lerna/conformance/internal/decisionfixture.claimDiagnosticSource.ReadSnapshot
             github.com/ruipengliu/lerna/components/decision_engine.(*Service).calculate
             github.com/ruipengliu/lerna/components/decision_engine.(*Service).RunClaim
             github.com/ruipengliu/lerna/components/decision_engine.(*Service).Step
             github.com/ruipengliu/lerna/conformance/component_test.completeContextDecision.func1
             runtime/pprof.Do
             github.com/ruipengliu/lerna/conformance/component_test.completeContextDecision
             github.com/ruipengliu/lerna/conformance/component_test.TestContentContextReachableClosure64And65IncludesIntermediateVersions.func1
             testing.tRunner
-----------+-------------------------------------------------------
      case:  closure64
     phase:  decision_step
10000000ns   github.com/santhosh-tekuri/jsonschema/v6.(*validator).validate
             github.com/santhosh-tekuri/jsonschema/v6.(*Schema).validate
             github.com/ruipengliu/lerna/contract/v1_2.Validate
             github.com/ruipengliu/lerna/contract/v1_2.Encode[go.shape.struct { Owner github.com/ruipengliu/lerna/contract/gen/go/v1_2.OwnerRef "json:\"owner\""; ContentID github.com/ruipengliu/lerna/contract/gen/go/v1_2.ID "json:\"content_id\""; Version string "json:\"version\""; Hash string "json:\"hash\""; MediaType string "json:\"media_type\""; ByteLength github.com/ruipengliu/lerna/contract/gen/go/v1_2.Revision "json:\"byte_length\"" }]
             github.com/ruipengliu/lerna/domain/content.VersionIdentity
             github.com/ruipengliu/lerna/domain/content.sortRefs
             github.com/ruipengliu/lerna/domain/content.(*Service).registeredClosure.func1
             github.com/ruipengliu/lerna/domain/content.(*Service).registeredClosure.func1
             github.com/ruipengliu/lerna/domain/content.(*Service).registeredClosure
             github.com/ruipengliu/lerna/domain/content.(*Service).ReadForProcessing.func1
             github.com/ruipengliu/lerna/adapters/postgres/internal/pgstore.(*Core).Within
             github.com/ruipengliu/lerna/adapters/postgres/content.(*Store).Within
             github.com/ruipengliu/lerna/domain/content.(*Service).ReadForProcessing
             github.com/ruipengliu/lerna/conformance/internal/decisionfixture.claimDiagnosticContent.ReadForProcessing
             github.com/ruipengliu/lerna/adapters/content/decision.(*Adapter).read
             github.com/ruipengliu/lerna/adapters/content/decision.(*Adapter).ReadSnapshot
             github.com/ruipengliu/lerna/conformance/internal/decisionfixture.claimDiagnosticSource.ReadSnapshot
             github.com/ruipengliu/lerna/components/decision_engine.(*Service).calculate
             github.com/ruipengliu/lerna/components/decision_engine.(*Service).RunClaim
             github.com/ruipengliu/lerna/components/decision_engine.(*Service).Step
             github.com/ruipengliu/lerna/conformance/component_test.completeContextDecision.func1
             runtime/pprof.Do
             github.com/ruipengliu/lerna/conformance/component_test.completeContextDecision
             github.com/ruipengliu/lerna/conformance/component_test.TestContentContextReachableClosure64And65IncludesIntermediateVersions.func1
             testing.tRunner
-----------+-------------------------------------------------------
      case:  closure64
     phase:  decision_step
10000000ns   runtime.checkptrBase
             runtime.checkptrStraddles
             runtime.checkptrAlignment
             internal/abi.TypeFor[go.shape.[]uint8]
             github.com/ruipengliu/lerna/contract/v1_2.wireValue
             github.com/ruipengliu/lerna/contract/v1_2.Validate
             github.com/ruipengliu/lerna/contract/v1_2.Encode[go.shape.struct { Owner github.com/ruipengliu/lerna/contract/gen/go/v1_2.OwnerRef "json:\"owner\""; ContentID github.com/ruipengliu/lerna/contract/gen/go/v1_2.ID "json:\"content_id\""; Version string "json:\"version\""; Hash string "json:\"hash\""; MediaType string "json:\"media_type\""; ByteLength github.com/ruipengliu/lerna/contract/gen/go/v1_2.Revision "json:\"byte_length\"" }]
             github.com/ruipengliu/lerna/domain/content.VersionIdentity
             github.com/ruipengliu/lerna/domain/content.sortRefs
             github.com/ruipengliu/lerna/domain/content.(*Service).registeredClosure
             github.com/ruipengliu/lerna/domain/content.(*Service).ReadForProcessing.func1
             github.com/ruipengliu/lerna/adapters/postgres/internal/pgstore.(*Core).Within
             github.com/ruipengliu/lerna/adapters/postgres/content.(*Store).Within
             github.com/ruipengliu/lerna/domain/content.(*Service).ReadForProcessing
             github.com/ruipengliu/lerna/conformance/internal/decisionfixture.claimDiagnosticContent.ReadForProcessing
             github.com/ruipengliu/lerna/adapters/content/decision.(*Adapter).read
             github.com/ruipengliu/lerna/adapters/content/decision.(*Adapter).ReadSnapshot
             github.com/ruipengliu/lerna/conformance/internal/decisionfixture.claimDiagnosticSource.ReadSnapshot
             github.com/ruipengliu/lerna/components/decision_engine.(*Service).calculate
             github.com/ruipengliu/lerna/components/decision_engine.(*Service).RunClaim
             github.com/ruipengliu/lerna/components/decision_engine.(*Service).Step
             github.com/ruipengliu/lerna/conformance/component_test.completeContextDecision.func1
             runtime/pprof.Do
             github.com/ruipengliu/lerna/conformance/component_test.completeContextDecision
             github.com/ruipengliu/lerna/conformance/component_test.TestContentContextReachableClosure64And65IncludesIntermediateVersions.func1
             testing.tRunner
-----------+-------------------------------------------------------
      case:  closure64
     phase:  decision_step
10000000ns   github.com/santhosh-tekuri/jsonschema/v6.(*validator).validate
             github.com/santhosh-tekuri/jsonschema/v6.(*validator).validateVal
             github.com/santhosh-tekuri/jsonschema/v6.(*validator).objValidate
             github.com/santhosh-tekuri/jsonschema/v6.(*validator).validate
             github.com/santhosh-tekuri/jsonschema/v6.(*Schema).validate
             github.com/ruipengliu/lerna/contract/v1_2.Validate
             github.com/ruipengliu/lerna/contract/v1_2.Encode[go.shape.struct { TenantID github.com/ruipengliu/lerna/contract/gen/go/v1_2.ID "json:\"tenant_id\""; SubjectID github.com/ruipengliu/lerna/contract/gen/go/v1_2.ID "json:\"subject_id\""; DelegationChain []github.com/ruipengliu/lerna/contract/gen/go/v1_2.DelegatedSubject "json:\"delegation_chain\"" }]
             github.com/ruipengliu/lerna/adapters/postgres/content.subjectKey
             github.com/ruipengliu/lerna/adapters/postgres/content.(*Store).CheckPolicy
             github.com/ruipengliu/lerna/domain/content.(*Service).registeredClosure.func1
             github.com/ruipengliu/lerna/domain/content.(*Service).registeredClosure
             github.com/ruipengliu/lerna/domain/content.(*Service).ReadForProcessing.func1
             github.com/ruipengliu/lerna/adapters/postgres/internal/pgstore.(*Core).Within
             github.com/ruipengliu/lerna/adapters/postgres/content.(*Store).Within
             github.com/ruipengliu/lerna/domain/content.(*Service).ReadForProcessing
             github.com/ruipengliu/lerna/conformance/internal/decisionfixture.claimDiagnosticContent.ReadForProcessing
             github.com/ruipengliu/lerna/adapters/content/decision.(*Adapter).read
             github.com/ruipengliu/lerna/adapters/content/decision.(*Adapter).ReadSnapshot
             github.com/ruipengliu/lerna/conformance/internal/decisionfixture.claimDiagnosticSource.ReadSnapshot
             github.com/ruipengliu/lerna/components/decision_engine.(*Service).calculate
             github.com/ruipengliu/lerna/components/decision_engine.(*Service).RunClaim
             github.com/ruipengliu/lerna/components/decision_engine.(*Service).Step
             github.com/ruipengliu/lerna/conformance/component_test.completeContextDecision.func1
             runtime/pprof.Do
             github.com/ruipengliu/lerna/conformance/component_test.completeContextDecision
             github.com/ruipengliu/lerna/conformance/component_test.TestContentContextReachableClosure64And65IncludesIntermediateVersions.func1
             testing.tRunner
-----------+-------------------------------------------------------
      case:  closure64
     phase:  decision_step
10000000ns   runtime.racefuncenter
             encoding/json/jsontext.(*decoderState).ReadToken
             encoding/json.(*Decoder).Token
             github.com/ruipengliu/lerna/contract/v1_2.parseValue
             github.com/ruipengliu/lerna/contract/v1_2.parseJSON
             github.com/ruipengliu/lerna/contract/v1_2.Encode[go.shape.struct { Owner github.com/ruipengliu/lerna/contract/gen/go/v1_2.OwnerRef "json:\"owner\""; ContentID github.com/ruipengliu/lerna/contract/gen/go/v1_2.ID "json:\"content_id\""; Version string "json:\"version\""; Hash string "json:\"hash\""; MediaType string "json:\"media_type\""; ByteLength github.com/ruipengliu/lerna/contract/gen/go/v1_2.Revision "json:\"byte_length\"" }]
             github.com/ruipengliu/lerna/domain/content.VersionIdentity
             github.com/ruipengliu/lerna/domain/content.(*Service).registeredClosure.func1
             github.com/ruipengliu/lerna/domain/content.(*Service).registeredClosure
             github.com/ruipengliu/lerna/domain/content.(*Service).ReadForProcessing.func1
             github.com/ruipengliu/lerna/adapters/postgres/internal/pgstore.(*Core).Within
             github.com/ruipengliu/lerna/adapters/postgres/content.(*Store).Within
             github.com/ruipengliu/lerna/domain/content.(*Service).ReadForProcessing
             github.com/ruipengliu/lerna/conformance/internal/decisionfixture.claimDiagnosticContent.ReadForProcessing
             github.com/ruipengliu/lerna/adapters/content/decision.(*Adapter).read
             github.com/ruipengliu/lerna/adapters/content/decision.(*Adapter).ReadSnapshot
             github.com/ruipengliu/lerna/conformance/internal/decisionfixture.claimDiagnosticSource.ReadSnapshot
             github.com/ruipengliu/lerna/components/decision_engine.(*Service).calculate
             github.com/ruipengliu/lerna/components/decision_engine.(*Service).RunClaim
             github.com/ruipengliu/lerna/components/decision_engine.(*Service).Step
             github.com/ruipengliu/lerna/conformance/component_test.completeContextDecision.func1
             runtime/pprof.Do
             github.com/ruipengliu/lerna/conformance/component_test.completeContextDecision
             github.com/ruipengliu/lerna/conformance/component_test.TestContentContextReachableClosure64And65IncludesIntermediateVersions.func1
             testing.tRunner
-----------+-------------------------------------------------------
      case:  closure64
     phase:  decision_step
10000000ns   encoding/json/jsontext.(*decoderState).PeekKind
             encoding/json/jsontext.(*decoderState).CheckNextValue
             encoding/json/v2.unmarshalDecode
             encoding/json/v2.Unmarshal
             github.com/ruipengliu/lerna/adapters/postgres/content.(*Store).CheckPolicy
             github.com/ruipengliu/lerna/domain/content.(*Service).registeredClosure.func1
             github.com/ruipengliu/lerna/domain/content.(*Service).registeredClosure
             github.com/ruipengliu/lerna/domain/content.(*Service).ReadForProcessing.func1
             github.com/ruipengliu/lerna/adapters/postgres/internal/pgstore.(*Core).Within
             github.com/ruipengliu/lerna/adapters/postgres/content.(*Store).Within
             github.com/ruipengliu/lerna/domain/content.(*Service).ReadForProcessing
             github.com/ruipengliu/lerna/conformance/internal/decisionfixture.claimDiagnosticContent.ReadForProcessing
             github.com/ruipengliu/lerna/adapters/content/decision.(*Adapter).read
             github.com/ruipengliu/lerna/adapters/content/decision.(*Adapter).ReadSnapshot
             github.com/ruipengliu/lerna/conformance/internal/decisionfixture.claimDiagnosticSource.ReadSnapshot
             github.com/ruipengliu/lerna/components/decision_engine.(*Service).calculate
             github.com/ruipengliu/lerna/components/decision_engine.(*Service).RunClaim
             github.com/ruipengliu/lerna/components/decision_engine.(*Service).Step
             github.com/ruipengliu/lerna/conformance/component_test.completeContextDecision.func1
             runtime/pprof.Do
             github.com/ruipengliu/lerna/conformance/component_test.completeContextDecision
             github.com/ruipengliu/lerna/conformance/component_test.TestContentContextReachableClosure64And65IncludesIntermediateVersions.func1
             testing.tRunner
-----------+-------------------------------------------------------
      case:  closure64
     phase:  decision_step
10000000ns   encoding/json/jsontext.Token.string
             encoding/json.(*Decoder).Token
             github.com/ruipengliu/lerna/contract/v1_2.parseValue
             github.com/ruipengliu/lerna/contract/v1_2.parseValue
             github.com/ruipengliu/lerna/contract/v1_2.parseValue
             github.com/ruipengliu/lerna/contract/v1_2.parseJSON
             github.com/ruipengliu/lerna/contract/v1_2.Encode[go.shape.struct { Owner github.com/ruipengliu/lerna/contract/gen/go/v1_2.OwnerRef "json:\"owner\""; ContentID github.com/ruipengliu/lerna/contract/gen/go/v1_2.ID "json:\"content_id\""; Version string "json:\"version\""; Hash string "json:\"hash\""; MediaType string "json:\"media_type\""; ByteLength github.com/ruipengliu/lerna/contract/gen/go/v1_2.Revision "json:\"byte_length\"" }]
             github.com/ruipengliu/lerna/domain/content.VersionIdentity
             github.com/ruipengliu/lerna/domain/content.(*Service).registeredClosure.func1
             github.com/ruipengliu/lerna/domain/content.(*Service).registeredClosure.func1
             github.com/ruipengliu/lerna/domain/content.(*Service).registeredClosure
             github.com/ruipengliu/lerna/domain/content.(*Service).ReadForProcessing.func1
             github.com/ruipengliu/lerna/adapters/postgres/internal/pgstore.(*Core).Within
             github.com/ruipengliu/lerna/adapters/postgres/content.(*Store).Within
             github.com/ruipengliu/lerna/domain/content.(*Service).ReadForProcessing
             github.com/ruipengliu/lerna/conformance/internal/decisionfixture.claimDiagnosticContent.ReadForProcessing
             github.com/ruipengliu/lerna/adapters/content/decision.(*Adapter).read
             github.com/ruipengliu/lerna/adapters/content/decision.(*Adapter).ReadSnapshot
             github.com/ruipengliu/lerna/conformance/internal/decisionfixture.claimDiagnosticSource.ReadSnapshot
             github.com/ruipengliu/lerna/components/decision_engine.(*Service).calculate
             github.com/ruipengliu/lerna/components/decision_engine.(*Service).RunClaim
             github.com/ruipengliu/lerna/components/decision_engine.(*Service).Step
             github.com/ruipengliu/lerna/conformance/component_test.completeContextDecision.func1
             runtime/pprof.Do
             github.com/ruipengliu/lerna/conformance/component_test.completeContextDecision
             github.com/ruipengliu/lerna/conformance/component_test.TestContentContextReachableClosure64And65IncludesIntermediateVersions.func1
             testing.tRunner
-----------+-------------------------------------------------------
      case:  closure64
     phase:  decision_step
10000000ns   runtime.mallocgcSmallNoscan
             runtime.mallocgc
             runtime.growslice
             encoding/json/internal/jsonwire.AppendQuote
             encoding/json/v2.makeStringArshaler.func1
             encoding/json/v2.makeStructArshaler.func2
             encoding/json/v2.marshalEncode
             encoding/json/v2.Marshal
             github.com/ruipengliu/lerna/contract/v1_2.Encode[go.shape.struct { Owner github.com/ruipengliu/lerna/contract/gen/go/v1_2.OwnerRef "json:\"owner\""; ContentID github.com/ruipengliu/lerna/contract/gen/go/v1_2.ID "json:\"content_id\""; Version string "json:\"version\""; Hash string "json:\"hash\""; MediaType string "json:\"media_type\""; ByteLength github.com/ruipengliu/lerna/contract/gen/go/v1_2.Revision "json:\"byte_length\"" }]
             github.com/ruipengliu/lerna/domain/content.VersionIdentity
             github.com/ruipengliu/lerna/domain/content.sortRefs
             github.com/ruipengliu/lerna/domain/content.(*Service).registeredClosure.func1
             github.com/ruipengliu/lerna/domain/content.(*Service).registeredClosure
             github.com/ruipengliu/lerna/domain/content.(*Service).ReadForProcessing.func1
             github.com/ruipengliu/lerna/adapters/postgres/internal/pgstore.(*Core).Within
             github.com/ruipengliu/lerna/adapters/postgres/content.(*Store).Within
             github.com/ruipengliu/lerna/domain/content.(*Service).ReadForProcessing
             github.com/ruipengliu/lerna/conformance/internal/decisionfixture.claimDiagnosticContent.ReadForProcessing
             github.com/ruipengliu/lerna/adapters/content/decision.(*Adapter).read
             github.com/ruipengliu/lerna/adapters/content/decision.(*Adapter).ReadSnapshot
             github.com/ruipengliu/lerna/conformance/internal/decisionfixture.claimDiagnosticSource.ReadSnapshot
             github.com/ruipengliu/lerna/components/decision_engine.(*Service).calculate
             github.com/ruipengliu/lerna/components/decision_engine.(*Service).RunClaim
             github.com/ruipengliu/lerna/components/decision_engine.(*Service).Step
             github.com/ruipengliu/lerna/conformance/component_test.completeContextDecision.func1
             runtime/pprof.Do
             github.com/ruipengliu/lerna/conformance/component_test.completeContextDecision
             github.com/ruipengliu/lerna/conformance/component_test.TestContentContextReachableClosure64And65IncludesIntermediateVersions.func1
             testing.tRunner
-----------+-------------------------------------------------------
      case:  closure64
     phase:  decision_step
10000000ns   racecalladdr
             reflect.implements
             reflect.(*rtype).Implements
             github.com/jackc/pgx/v5/stdlib.isSQLScanDestination
             github.com/jackc/pgx/v5/stdlib.(*Rows).ScanColumn
             database/sql.(*Rows).scanLocked
             database/sql.(*Rows).Scan
             database/sql.(*Row).Scan
             github.com/ruipengliu/lerna/adapters/postgres/internal/pgstore.(*Core).Now
             github.com/ruipengliu/lerna/adapters/postgres/content.(*Store).Now
             github.com/ruipengliu/lerna/domain/content.(*Service).registeredClosure.func1
             github.com/ruipengliu/lerna/domain/content.(*Service).registeredClosure
             github.com/ruipengliu/lerna/domain/content.(*Service).ReadForProcessing.func1
             github.com/ruipengliu/lerna/adapters/postgres/internal/pgstore.(*Core).Within
             github.com/ruipengliu/lerna/adapters/postgres/content.(*Store).Within
             github.com/ruipengliu/lerna/domain/content.(*Service).ReadForProcessing
             github.com/ruipengliu/lerna/conformance/internal/decisionfixture.claimDiagnosticContent.ReadForProcessing
             github.com/ruipengliu/lerna/adapters/content/decision.(*Adapter).read
             github.com/ruipengliu/lerna/adapters/content/decision.(*Adapter).ReadSnapshot
             github.com/ruipengliu/lerna/conformance/internal/decisionfixture.claimDiagnosticSource.ReadSnapshot
             github.com/ruipengliu/lerna/components/decision_engine.(*Service).calculate
             github.com/ruipengliu/lerna/components/decision_engine.(*Service).RunClaim
             github.com/ruipengliu/lerna/components/decision_engine.(*Service).Step
             github.com/ruipengliu/lerna/conformance/component_test.completeContextDecision.func1
             runtime/pprof.Do
             github.com/ruipengliu/lerna/conformance/component_test.completeContextDecision
             github.com/ruipengliu/lerna/conformance/component_test.TestContentContextReachableClosure64And65IncludesIntermediateVersions.func1
             testing.tRunner
-----------+-------------------------------------------------------
      case:  closure64
     phase:  decision_step
10000000ns   github.com/jackc/pgx/v5/pgconn.(*PgConn).exitPotentialWriteReadDeadlock
             github.com/jackc/pgx/v5/pgconn.(*PgConn).flushWithPotentialWriteReadDeadlock
             github.com/jackc/pgx/v5/pgconn.(*PgConn).execExtendedSuffix
             github.com/jackc/pgx/v5/pgconn.(*PgConn).ExecStatement
             github.com/jackc/pgx/v5.(*Conn).Query
             github.com/jackc/pgx/v5/stdlib.(*Conn).QueryContext
             database/sql.ctxDriverQuery
             database/sql.(*DB).queryDC.func1
             database/sql.withLock
             database/sql.(*DB).queryDC
             database/sql.(*Tx).QueryContext
             github.com/ruipengliu/lerna/adapters/postgres/content.(*Store).CheckPolicy
             github.com/ruipengliu/lerna/domain/content.(*Service).registeredClosure.func1
             github.com/ruipengliu/lerna/domain/content.(*Service).registeredClosure
             github.com/ruipengliu/lerna/domain/content.(*Service).ReadForProcessing.func1
             github.com/ruipengliu/lerna/adapters/postgres/internal/pgstore.(*Core).Within
             github.com/ruipengliu/lerna/adapters/postgres/content.(*Store).Within
             github.com/ruipengliu/lerna/domain/content.(*Service).ReadForProcessing
             github.com/ruipengliu/lerna/conformance/internal/decisionfixture.claimDiagnosticContent.ReadForProcessing
             github.com/ruipengliu/lerna/adapters/content/decision.(*Adapter).read
             github.com/ruipengliu/lerna/adapters/content/decision.(*Adapter).ReadSnapshot
             github.com/ruipengliu/lerna/conformance/internal/decisionfixture.claimDiagnosticSource.ReadSnapshot
             github.com/ruipengliu/lerna/components/decision_engine.(*Service).calculate
             github.com/ruipengliu/lerna/components/decision_engine.(*Service).RunClaim
             github.com/ruipengliu/lerna/components/decision_engine.(*Service).Step
             github.com/ruipengliu/lerna/conformance/component_test.completeContextDecision.func1
             runtime/pprof.Do
             github.com/ruipengliu/lerna/conformance/component_test.completeContextDecision
             github.com/ruipengliu/lerna/conformance/component_test.TestContentContextReachableClosure64And65IncludesIntermediateVersions.func1
             testing.tRunner
-----------+-------------------------------------------------------
      case:  closure64
     phase:  decision_step
10000000ns   runtime.checkptrArithmetic
             reflect.Value.Field
             encoding/json/v2.makeStructArshaler.func3
             encoding/json/v2.makeStructArshaler.func3
             encoding/json/v2.unmarshalDecode
             encoding/json/v2.Unmarshal
             github.com/ruipengliu/lerna/adapters/postgres/content.(*Store).LockVersion
             github.com/ruipengliu/lerna/domain/content.(*Service).registeredClosure.func1
             github.com/ruipengliu/lerna/domain/content.(*Service).registeredClosure
             github.com/ruipengliu/lerna/domain/content.(*Service).ReadForProcessing.func1
             github.com/ruipengliu/lerna/adapters/postgres/internal/pgstore.(*Core).Within
             github.com/ruipengliu/lerna/adapters/postgres/content.(*Store).Within
             github.com/ruipengliu/lerna/domain/content.(*Service).ReadForProcessing
             github.com/ruipengliu/lerna/conformance/internal/decisionfixture.claimDiagnosticContent.ReadForProcessing
             github.com/ruipengliu/lerna/adapters/content/decision.(*Adapter).read
             github.com/ruipengliu/lerna/adapters/content/decision.(*Adapter).ReadSnapshot
             github.com/ruipengliu/lerna/conformance/internal/decisionfixture.claimDiagnosticSource.ReadSnapshot
             github.com/ruipengliu/lerna/components/decision_engine.(*Service).calculate
             github.com/ruipengliu/lerna/components/decision_engine.(*Service).RunClaim
             github.com/ruipengliu/lerna/components/decision_engine.(*Service).Step
             github.com/ruipengliu/lerna/conformance/component_test.completeContextDecision.func1
             runtime/pprof.Do
             github.com/ruipengliu/lerna/conformance/component_test.completeContextDecision
             github.com/ruipengliu/lerna/conformance/component_test.TestContentContextReachableClosure64And65IncludesIntermediateVersions.func1
             testing.tRunner
-----------+-------------------------------------------------------
      case:  closure64
     phase:  decision_step
10000000ns   internal/runtime/maps.(*Iter).Next
             reflect.mapIterStart
             reflect.Value.MapKeys
             github.com/ruipengliu/lerna/contract/v1_2.wireValue
             github.com/ruipengliu/lerna/contract/v1_2.wireValue
             github.com/ruipengliu/lerna/contract/v1_2.wireValue
             github.com/ruipengliu/lerna/contract/v1_2.Validate
             github.com/ruipengliu/lerna/contract/v1_2.Encode[go.shape.struct { Owner github.com/ruipengliu/lerna/contract/gen/go/v1_2.OwnerRef "json:\"owner\""; ContentID github.com/ruipengliu/lerna/contract/gen/go/v1_2.ID "json:\"content_id\""; Version string "json:\"version\""; Hash string "json:\"hash\""; MediaType string "json:\"media_type\""; ByteLength github.com/ruipengliu/lerna/contract/gen/go/v1_2.Revision "json:\"byte_length\"" }]
             github.com/ruipengliu/lerna/domain/content.VersionIdentity
             github.com/ruipengliu/lerna/domain/content.(*Service).registeredClosure.func1
             github.com/ruipengliu/lerna/domain/content.(*Service).registeredClosure.func1
             github.com/ruipengliu/lerna/domain/content.(*Service).registeredClosure
             github.com/ruipengliu/lerna/domain/content.(*Service).ReadForProcessing.func1
             github.com/ruipengliu/lerna/adapters/postgres/internal/pgstore.(*Core).Within
             github.com/ruipengliu/lerna/adapters/postgres/content.(*Store).Within
             github.com/ruipengliu/lerna/domain/content.(*Service).ReadForProcessing
             github.com/ruipengliu/lerna/conformance/internal/decisionfixture.claimDiagnosticContent.ReadForProcessing
             github.com/ruipengliu/lerna/adapters/content/decision.(*Adapter).read
             github.com/ruipengliu/lerna/adapters/content/decision.(*Adapter).ReadSnapshot
             github.com/ruipengliu/lerna/conformance/internal/decisionfixture.claimDiagnosticSource.ReadSnapshot
             github.com/ruipengliu/lerna/components/decision_engine.(*Service).calculate
             github.com/ruipengliu/lerna/components/decision_engine.(*Service).RunClaim
             github.com/ruipengliu/lerna/components/decision_engine.(*Service).Step
             github.com/ruipengliu/lerna/conformance/component_test.completeContextDecision.func1
             runtime/pprof.Do
             github.com/ruipengliu/lerna/conformance/component_test.completeContextDecision
             github.com/ruipengliu/lerna/conformance/component_test.TestContentContextReachableClosure64And65IncludesIntermediateVersions.func1
             testing.tRunner
-----------+-------------------------------------------------------
      case:  closure64
     phase:  decision_step
10000000ns   reflect.(*rtype).Elem
             github.com/jackc/pgx/v5/stdlib.isSQLScanDestination
             github.com/jackc/pgx/v5/stdlib.(*Rows).ScanColumn
             database/sql.(*Rows).scanLocked
             database/sql.(*Rows).Scan
             database/sql.(*Row).Scan
             github.com/ruipengliu/lerna/adapters/postgres/content.(*Store).LockVersion
             github.com/ruipengliu/lerna/domain/content.(*Service).registeredClosure.func1
             github.com/ruipengliu/lerna/domain/content.(*Service).registeredClosure
             github.com/ruipengliu/lerna/domain/content.(*Service).ReadForProcessing.func1
             github.com/ruipengliu/lerna/adapters/postgres/internal/pgstore.(*Core).Within
             github.com/ruipengliu/lerna/adapters/postgres/content.(*Store).Within
             github.com/ruipengliu/lerna/domain/content.(*Service).ReadForProcessing
             github.com/ruipengliu/lerna/conformance/internal/decisionfixture.claimDiagnosticContent.ReadForProcessing
             github.com/ruipengliu/lerna/adapters/content/decision.(*Adapter).read
             github.com/ruipengliu/lerna/adapters/content/decision.(*Adapter).ReadSnapshot
             github.com/ruipengliu/lerna/conformance/internal/decisionfixture.claimDiagnosticSource.ReadSnapshot
             github.com/ruipengliu/lerna/components/decision_engine.(*Service).calculate
             github.com/ruipengliu/lerna/components/decision_engine.(*Service).RunClaim
             github.com/ruipengliu/lerna/components/decision_engine.(*Service).Step
             github.com/ruipengliu/lerna/conformance/component_test.completeContextDecision.func1
             runtime/pprof.Do
             github.com/ruipengliu/lerna/conformance/component_test.completeContextDecision
             github.com/ruipengliu/lerna/conformance/component_test.TestContentContextReachableClosure64And65IncludesIntermediateVersions.func1
             testing.tRunner
-----------+-------------------------------------------------------
      case:  closure64
     phase:  decision_step
10000000ns   github.com/jackc/pgx/v5/pgproto3.(*Frontend).SendBind
             github.com/jackc/pgx/v5/pgconn.(*PgConn).ExecStatement
             github.com/jackc/pgx/v5.(*Conn).execPrepared
             github.com/jackc/pgx/v5.(*Conn).exec
             github.com/jackc/pgx/v5.(*Conn).Exec
             github.com/jackc/pgx/v5/stdlib.(*Conn).ExecContext
             database/sql.ctxDriverExec
             database/sql.(*DB).execDC.func2
             database/sql.withLock
             database/sql.(*DB).execDC
             database/sql.(*Tx).ExecContext
             github.com/ruipengliu/lerna/adapters/postgres/content.(*Store).LockVersion
             github.com/ruipengliu/lerna/domain/content.(*Service).registeredClosure.func1
             github.com/ruipengliu/lerna/domain/content.(*Service).registeredClosure
             github.com/ruipengliu/lerna/domain/content.(*Service).ReadForProcessing.func1
             github.com/ruipengliu/lerna/adapters/postgres/internal/pgstore.(*Core).Within
             github.com/ruipengliu/lerna/adapters/postgres/content.(*Store).Within
             github.com/ruipengliu/lerna/domain/content.(*Service).ReadForProcessing
             github.com/ruipengliu/lerna/conformance/internal/decisionfixture.claimDiagnosticContent.ReadForProcessing
             github.com/ruipengliu/lerna/adapters/content/decision.(*Adapter).read
             github.com/ruipengliu/lerna/adapters/content/decision.(*Adapter).ReadSnapshot
             github.com/ruipengliu/lerna/conformance/internal/decisionfixture.claimDiagnosticSource.ReadSnapshot
             github.com/ruipengliu/lerna/components/decision_engine.(*Service).calculate
             github.com/ruipengliu/lerna/components/decision_engine.(*Service).RunClaim
             github.com/ruipengliu/lerna/components/decision_engine.(*Service).Step
             github.com/ruipengliu/lerna/conformance/component_test.completeContextDecision.func1
             runtime/pprof.Do
             github.com/ruipengliu/lerna/conformance/component_test.completeContextDecision
             github.com/ruipengliu/lerna/conformance/component_test.TestContentContextReachableClosure64And65IncludesIntermediateVersions.func1
             testing.tRunner
-----------+-------------------------------------------------------
      case:  closure64
     phase:  decision_step
10000000ns   internal/runtime/syscall/linux.Syscall6
             syscall.RawSyscall6
             syscall.Syscall
             syscall.write
             syscall.Write
             internal/poll.(*FD).Write
             net.(*netFD).Write
             net.(*conn).Write
             github.com/jackc/pgx/v5/pgproto3.(*Frontend).Flush
             github.com/jackc/pgx/v5/pgconn.(*PgConn).flushWithPotentialWriteReadDeadlock
             github.com/jackc/pgx/v5/pgconn.(*PgConn).execExtendedSuffix
             github.com/jackc/pgx/v5/pgconn.(*PgConn).ExecStatement
             github.com/jackc/pgx/v5.(*Conn).execPrepared
             github.com/jackc/pgx/v5.(*Conn).exec
             github.com/jackc/pgx/v5.(*Conn).Exec
             github.com/jackc/pgx/v5/stdlib.(*Conn).ExecContext
             database/sql.ctxDriverExec
             database/sql.(*DB).execDC.func2
             database/sql.withLock
             database/sql.(*DB).execDC
             database/sql.(*Tx).ExecContext
             github.com/ruipengliu/lerna/adapters/postgres/content.(*Store).LockVersion
             github.com/ruipengliu/lerna/domain/content.(*Service).registeredClosure.func1
             github.com/ruipengliu/lerna/domain/content.(*Service).registeredClosure
             github.com/ruipengliu/lerna/domain/content.(*Service).ReadForProcessing.func1
             github.com/ruipengliu/lerna/adapters/postgres/internal/pgstore.(*Core).Within
             github.com/ruipengliu/lerna/adapters/postgres/content.(*Store).Within
             github.com/ruipengliu/lerna/domain/content.(*Service).ReadForProcessing
             github.com/ruipengliu/lerna/conformance/internal/decisionfixture.claimDiagnosticContent.ReadForProcessing
             github.com/ruipengliu/lerna/adapters/content/decision.(*Adapter).read
             github.com/ruipengliu/lerna/adapters/content/decision.(*Adapter).ReadSnapshot
             github.com/ruipengliu/lerna/conformance/internal/decisionfixture.claimDiagnosticSource.ReadSnapshot
             github.com/ruipengliu/lerna/components/decision_engine.(*Service).calculate
             github.com/ruipengliu/lerna/components/decision_engine.(*Service).RunClaim
             github.com/ruipengliu/lerna/components/decision_engine.(*Service).Step
             github.com/ruipengliu/lerna/conformance/component_test.completeContextDecision.func1
             runtime/pprof.Do
             github.com/ruipengliu/lerna/conformance/component_test.completeContextDecision
             github.com/ruipengliu/lerna/conformance/component_test.TestContentContextReachableClosure64And65IncludesIntermediateVersions.func1
             testing.tRunner
-----------+-------------------------------------------------------
      case:  closure64
     phase:  decision_step
10000000ns   runtime.memclrNoHeapPointers
             runtime.mallocgcSmallScanNoHeader
             runtime.mallocgc
             runtime.newobject
             github.com/ruipengliu/lerna/contract/v1_2.parseJSON
             github.com/ruipengliu/lerna/contract/v1_2.Encode[go.shape.struct { Owner github.com/ruipengliu/lerna/contract/gen/go/v1_2.OwnerRef "json:\"owner\""; ContentID github.com/ruipengliu/lerna/contract/gen/go/v1_2.ID "json:\"content_id\""; Version string "json:\"version\""; Hash string "json:\"hash\""; MediaType string "json:\"media_type\""; ByteLength github.com/ruipengliu/lerna/contract/gen/go/v1_2.Revision "json:\"byte_length\"" }]
             github.com/ruipengliu/lerna/domain/content.VersionIdentity
             github.com/ruipengliu/lerna/adapters/postgres/content.(*Store).LockVersion
             github.com/ruipengliu/lerna/domain/content.(*Service).registeredClosure.func1
             github.com/ruipengliu/lerna/domain/content.(*Service).registeredClosure
             github.com/ruipengliu/lerna/domain/content.(*Service).ReadForProcessing.func1
             github.com/ruipengliu/lerna/adapters/postgres/internal/pgstore.(*Core).Within
             github.com/ruipengliu/lerna/adapters/postgres/content.(*Store).Within
             github.com/ruipengliu/lerna/domain/content.(*Service).ReadForProcessing
             github.com/ruipengliu/lerna/conformance/internal/decisionfixture.claimDiagnosticContent.ReadForProcessing
             github.com/ruipengliu/lerna/adapters/content/decision.(*Adapter).read
             github.com/ruipengliu/lerna/adapters/content/decision.(*Adapter).ReadSnapshot
             github.com/ruipengliu/lerna/conformance/internal/decisionfixture.claimDiagnosticSource.ReadSnapshot
             github.com/ruipengliu/lerna/components/decision_engine.(*Service).calculate
             github.com/ruipengliu/lerna/components/decision_engine.(*Service).RunClaim
             github.com/ruipengliu/lerna/components/decision_engine.(*Service).Step
             github.com/ruipengliu/lerna/conformance/component_test.completeContextDecision.func1
             runtime/pprof.Do
             github.com/ruipengliu/lerna/conformance/component_test.completeContextDecision
             github.com/ruipengliu/lerna/conformance/component_test.TestContentContextReachableClosure64And65IncludesIntermediateVersions.func1
             testing.tRunner
-----------+-------------------------------------------------------
      case:  closure64
     phase:  decision_step
10000000ns   encoding/json/v2.makeString
             encoding/json/v2.makeStringArshaler.func2
             encoding/json/v2.makeStructArshaler.func3
             encoding/json/v2.makeStructArshaler.func3
             encoding/json/v2.makeSliceArshaler.func3
             encoding/json/v2.makeStructArshaler.func3
             encoding/json/v2.unmarshalDecode
             encoding/json/v2.Unmarshal
             github.com/ruipengliu/lerna/adapters/postgres/content.(*Store).LockVersion
             github.com/ruipengliu/lerna/domain/content.(*Service).registeredClosure.func1
             github.com/ruipengliu/lerna/domain/content.(*Service).registeredClosure
             github.com/ruipengliu/lerna/domain/content.(*Service).ReadForProcessing.func1
             github.com/ruipengliu/lerna/adapters/postgres/internal/pgstore.(*Core).Within
             github.com/ruipengliu/lerna/adapters/postgres/content.(*Store).Within
             github.com/ruipengliu/lerna/domain/content.(*Service).ReadForProcessing
             github.com/ruipengliu/lerna/conformance/internal/decisionfixture.claimDiagnosticContent.ReadForProcessing
             github.com/ruipengliu/lerna/adapters/content/decision.(*Adapter).read
             github.com/ruipengliu/lerna/adapters/content/decision.(*Adapter).ReadSnapshot
             github.com/ruipengliu/lerna/conformance/internal/decisionfixture.claimDiagnosticSource.ReadSnapshot
             github.com/ruipengliu/lerna/components/decision_engine.(*Service).calculate
             github.com/ruipengliu/lerna/components/decision_engine.(*Service).RunClaim
             github.com/ruipengliu/lerna/components/decision_engine.(*Service).Step
             github.com/ruipengliu/lerna/conformance/component_test.completeContextDecision.func1
             runtime/pprof.Do
             github.com/ruipengliu/lerna/conformance/component_test.completeContextDecision
             github.com/ruipengliu/lerna/conformance/component_test.TestContentContextReachableClosure64And65IncludesIntermediateVersions.func1
             testing.tRunner
-----------+-------------------------------------------------------
      case:  closure64
     phase:  decision_step
10000000ns   encoding/json/jsontext.(*decoderState).consumeObject
             encoding/json/jsontext.(*decoderState).consumeValue
             encoding/json/jsontext.(*decoderState).CheckNextValue
             encoding/json/v2.unmarshalDecode
             encoding/json/v2.Unmarshal
             github.com/ruipengliu/lerna/adapters/postgres/content.(*Store).CheckPolicy
             github.com/ruipengliu/lerna/domain/content.(*Service).registeredClosure.func1
             github.com/ruipengliu/lerna/domain/content.(*Service).registeredClosure
             github.com/ruipengliu/lerna/domain/content.(*Service).ReadForProcessing.func1
             github.com/ruipengliu/lerna/adapters/postgres/internal/pgstore.(*Core).Within
             github.com/ruipengliu/lerna/adapters/postgres/content.(*Store).Within
             github.com/ruipengliu/lerna/domain/content.(*Service).ReadForProcessing
             github.com/ruipengliu/lerna/conformance/internal/decisionfixture.claimDiagnosticContent.ReadForProcessing
             github.com/ruipengliu/lerna/adapters/content/decision.(*Adapter).read
             github.com/ruipengliu/lerna/adapters/content/decision.(*Adapter).ReadSnapshot
             github.com/ruipengliu/lerna/conformance/internal/decisionfixture.claimDiagnosticSource.ReadSnapshot
             github.com/ruipengliu/lerna/components/decision_engine.(*Service).calculate
             github.com/ruipengliu/lerna/components/decision_engine.(*Service).RunClaim
             github.com/ruipengliu/lerna/components/decision_engine.(*Service).Step
             github.com/ruipengliu/lerna/conformance/component_test.completeContextDecision.func1
             runtime/pprof.Do
             github.com/ruipengliu/lerna/conformance/component_test.completeContextDecision
             github.com/ruipengliu/lerna/conformance/component_test.TestContentContextReachableClosure64And65IncludesIntermediateVersions.func1
             testing.tRunner
-----------+-------------------------------------------------------
      case:  closure64
     phase:  decision_step
10000000ns   runtime.growslice
             encoding/json/jsontext.(*decoderState).ReadToken
             encoding/json/jsontext.(*Decoder).ReadToken
             encoding/json/v2.makeStructArshaler.func3
             encoding/json/v2.makeStructArshaler.func3
             encoding/json/v2.unmarshalDecode
             encoding/json/v2.Unmarshal
             github.com/ruipengliu/lerna/adapters/postgres/content.(*Store).LockVersion
             github.com/ruipengliu/lerna/domain/content.(*Service).registeredClosure.func1
             github.com/ruipengliu/lerna/domain/content.(*Service).registeredClosure
             github.com/ruipengliu/lerna/domain/content.(*Service).ReadForProcessing.func1
             github.com/ruipengliu/lerna/adapters/postgres/internal/pgstore.(*Core).Within
             github.com/ruipengliu/lerna/adapters/postgres/content.(*Store).Within
             github.com/ruipengliu/lerna/domain/content.(*Service).ReadForProcessing
             github.com/ruipengliu/lerna/conformance/internal/decisionfixture.claimDiagnosticContent.ReadForProcessing
             github.com/ruipengliu/lerna/adapters/content/decision.(*Adapter).read
             github.com/ruipengliu/lerna/adapters/content/decision.(*Adapter).ReadSnapshot
             github.com/ruipengliu/lerna/conformance/internal/decisionfixture.claimDiagnosticSource.ReadSnapshot
             github.com/ruipengliu/lerna/components/decision_engine.(*Service).calculate
             github.com/ruipengliu/lerna/components/decision_engine.(*Service).RunClaim
             github.com/ruipengliu/lerna/components/decision_engine.(*Service).Step
             github.com/ruipengliu/lerna/conformance/component_test.completeContextDecision.func1
             runtime/pprof.Do
             github.com/ruipengliu/lerna/conformance/component_test.completeContextDecision
             github.com/ruipengliu/lerna/conformance/component_test.TestContentContextReachableClosure64And65IncludesIntermediateVersions.func1
             testing.tRunner
-----------+-------------------------------------------------------
      case:  closure64
     phase:  decision_step
10000000ns   runtime.checkptrStraddles
             runtime.checkptrAlignment
             github.com/ruipengliu/lerna/contract/v1_2.wireValue
             github.com/ruipengliu/lerna/contract/v1_2.wireValue
             github.com/ruipengliu/lerna/contract/v1_2.Validate
             github.com/ruipengliu/lerna/contract/v1_2.Encode[go.shape.struct { Owner github.com/ruipengliu/lerna/contract/gen/go/v1_2.OwnerRef "json:\"owner\""; ContentID github.com/ruipengliu/lerna/contract/gen/go/v1_2.ID "json:\"content_id\""; Version string "json:\"version\""; Hash string "json:\"hash\""; MediaType string "json:\"media_type\""; ByteLength github.com/ruipengliu/lerna/contract/gen/go/v1_2.Revision "json:\"byte_length\"" }]
             github.com/ruipengliu/lerna/domain/content.VersionIdentity
             github.com/ruipengliu/lerna/domain/content.sortRefs
             github.com/ruipengliu/lerna/domain/content.(*Service).registeredClosure.func1
             github.com/ruipengliu/lerna/domain/content.(*Service).registeredClosure
             github.com/ruipengliu/lerna/domain/content.(*Service).ReadForProcessing.func1
             github.com/ruipengliu/lerna/adapters/postgres/internal/pgstore.(*Core).Within
             github.com/ruipengliu/lerna/adapters/postgres/content.(*Store).Within
             github.com/ruipengliu/lerna/domain/content.(*Service).ReadForProcessing
             github.com/ruipengliu/lerna/conformance/internal/decisionfixture.claimDiagnosticContent.ReadForProcessing
             github.com/ruipengliu/lerna/adapters/content/decision.(*Adapter).read
             github.com/ruipengliu/lerna/adapters/content/decision.(*Adapter).ReadSnapshot
             github.com/ruipengliu/lerna/conformance/internal/decisionfixture.claimDiagnosticSource.ReadSnapshot
             github.com/ruipengliu/lerna/components/decision_engine.(*Service).calculate
             github.com/ruipengliu/lerna/components/decision_engine.(*Service).RunClaim
             github.com/ruipengliu/lerna/components/decision_engine.(*Service).Step
             github.com/ruipengliu/lerna/conformance/component_test.completeContextDecision.func1
             runtime/pprof.Do
             github.com/ruipengliu/lerna/conformance/component_test.completeContextDecision
             github.com/ruipengliu/lerna/conformance/component_test.TestContentContextReachableClosure64And65IncludesIntermediateVersions.func1
             testing.tRunner
-----------+-------------------------------------------------------
      case:  closure64
     phase:  decision_step
10000000ns   runtime.racefuncenter
             reflect.Value.SetString
             encoding/json/v2.makeStringArshaler.func2
             encoding/json/v2.makeStructArshaler.func3
             encoding/json/v2.makeStructArshaler.func3
             encoding/json/v2.unmarshalDecode
             encoding/json/v2.Unmarshal
             github.com/ruipengliu/lerna/adapters/postgres/content.(*Store).LockVersion
             github.com/ruipengliu/lerna/domain/content.(*Service).registeredClosure.func1
             github.com/ruipengliu/lerna/domain/content.(*Service).registeredClosure
             github.com/ruipengliu/lerna/domain/content.(*Service).ReadForProcessing.func1
             github.com/ruipengliu/lerna/adapters/postgres/internal/pgstore.(*Core).Within
             github.com/ruipengliu/lerna/adapters/postgres/content.(*Store).Within
             github.com/ruipengliu/lerna/domain/content.(*Service).ReadForProcessing
             github.com/ruipengliu/lerna/conformance/internal/decisionfixture.claimDiagnosticContent.ReadForProcessing
             github.com/ruipengliu/lerna/adapters/content/decision.(*Adapter).read
             github.com/ruipengliu/lerna/adapters/content/decision.(*Adapter).ReadSnapshot
             github.com/ruipengliu/lerna/conformance/internal/decisionfixture.claimDiagnosticSource.ReadSnapshot
             github.com/ruipengliu/lerna/components/decision_engine.(*Service).calculate
             github.com/ruipengliu/lerna/components/decision_engine.(*Service).RunClaim
             github.com/ruipengliu/lerna/components/decision_engine.(*Service).Step
             github.com/ruipengliu/lerna/conformance/component_test.completeContextDecision.func1
             runtime/pprof.Do
             github.com/ruipengliu/lerna/conformance/component_test.completeContextDecision
             github.com/ruipengliu/lerna/conformance/component_test.TestContentContextReachableClosure64And65IncludesIntermediateVersions.func1
             testing.tRunner
-----------+-------------------------------------------------------
      case:  closure64
     phase:  decision_step
10000000ns   runtime.raceread
             encoding/json/jsontext.(*decoderState).consumeObject
             encoding/json/jsontext.(*decoderState).consumeValue
             encoding/json/jsontext.(*decoderState).consumeObject
             encoding/json/jsontext.(*decoderState).consumeValue
             encoding/json/jsontext.(*decoderState).consumeObject
             encoding/json/jsontext.(*decoderState).consumeValue
             encoding/json/jsontext.(*decoderState).consumeArray
             encoding/json/jsontext.(*decoderState).consumeValue
             encoding/json/jsontext.(*decoderState).consumeObject
             encoding/json/jsontext.(*decoderState).consumeValue
             encoding/json/jsontext.(*decoderState).consumeObject
             encoding/json/jsontext.(*decoderState).consumeValue
             encoding/json/jsontext.(*decoderState).CheckNextValue
             encoding/json/v2.unmarshalDecode
             encoding/json/v2.Unmarshal
             encoding/json.(*Decoder).Decode
             github.com/ruipengliu/lerna/domain/task/context.DecodeMandatory
             github.com/ruipengliu/lerna/adapters/content/decision.(*Adapter).ReadSnapshot
             github.com/ruipengliu/lerna/conformance/internal/decisionfixture.claimDiagnosticSource.ReadSnapshot
             github.com/ruipengliu/lerna/components/decision_engine.(*Service).calculate
             github.com/ruipengliu/lerna/components/decision_engine.(*Service).RunClaim
             github.com/ruipengliu/lerna/components/decision_engine.(*Service).Step
             github.com/ruipengliu/lerna/conformance/component_test.completeContextDecision.func1
             runtime/pprof.Do
             github.com/ruipengliu/lerna/conformance/component_test.completeContextDecision
             github.com/ruipengliu/lerna/conformance/component_test.TestContentContextReachableClosure64And65IncludesIntermediateVersions.func1
             testing.tRunner
-----------+-------------------------------------------------------
      case:  closure64
     phase:  decision_step
10000000ns   runtime.mallocgc
             runtime.slicebytetostring
             encoding/json.(*Decoder).Token
             github.com/ruipengliu/lerna/contract/v1_1.parseValue
             github.com/ruipengliu/lerna/contract/v1_1.parseValue
             github.com/ruipengliu/lerna/contract/v1_1.parseValue
             github.com/ruipengliu/lerna/contract/v1_1.parseValue
             github.com/ruipengliu/lerna/contract/v1_1.parseJSON
             github.com/ruipengliu/lerna/domain/task/context.EncodeMandatory
             github.com/ruipengliu/lerna/domain/task/context.DecodeMandatory
             github.com/ruipengliu/lerna/adapters/content/decision.(*Adapter).ReadSnapshot
             github.com/ruipengliu/lerna/conformance/internal/decisionfixture.claimDiagnosticSource.ReadSnapshot
             github.com/ruipengliu/lerna/components/decision_engine.(*Service).calculate
             github.com/ruipengliu/lerna/components/decision_engine.(*Service).RunClaim
             github.com/ruipengliu/lerna/components/decision_engine.(*Service).Step
             github.com/ruipengliu/lerna/conformance/component_test.completeContextDecision.func1
             runtime/pprof.Do
             github.com/ruipengliu/lerna/conformance/component_test.completeContextDecision
             github.com/ruipengliu/lerna/conformance/component_test.TestContentContextReachableClosure64And65IncludesIntermediateVersions.func1
             testing.tRunner
-----------+-------------------------------------------------------
      case:  closure64
     phase:  decision_step
10000000ns   github.com/santhosh-tekuri/jsonschema/v6.(*validator).validateVal
             github.com/santhosh-tekuri/jsonschema/v6.(*validator).objValidate
             github.com/santhosh-tekuri/jsonschema/v6.(*validator).validate
             github.com/santhosh-tekuri/jsonschema/v6.(*Schema).validate
             github.com/ruipengliu/lerna/contract/v1_1.Validate
             github.com/ruipengliu/lerna/contract/v1_1.Encode[go.shape.struct { Owner github.com/ruipengliu/lerna/contract/gen/go/v1_1.OwnerRef "json:\"owner\""; ContentID github.com/ruipengliu/lerna/contract/gen/go/v1_1.ID "json:\"content_id\""; Version github.com/ruipengliu/lerna/contract/gen/go/v1_1.Revision "json:\"version\""; Hash string "json:\"hash\""; MediaType string "json:\"media_type\""; ByteLength github.com/ruipengliu/lerna/contract/gen/go/v1_1.Revision "json:\"byte_length\"" }]
             github.com/ruipengliu/lerna/adapters/content/decision.ToRule
             github.com/ruipengliu/lerna/adapters/content/decision.(*Adapter).snapshot
             github.com/ruipengliu/lerna/adapters/content/decision.(*Adapter).ReadSnapshot
             github.com/ruipengliu/lerna/conformance/internal/decisionfixture.claimDiagnosticSource.ReadSnapshot
             github.com/ruipengliu/lerna/components/decision_engine.(*Service).calculate
             github.com/ruipengliu/lerna/components/decision_engine.(*Service).RunClaim
             github.com/ruipengliu/lerna/components/decision_engine.(*Service).Step
             github.com/ruipengliu/lerna/conformance/component_test.completeContextDecision.func1
             runtime/pprof.Do
             github.com/ruipengliu/lerna/conformance/component_test.completeContextDecision
             github.com/ruipengliu/lerna/conformance/component_test.TestContentContextReachableClosure64And65IncludesIntermediateVersions.func1
             testing.tRunner
-----------+-------------------------------------------------------
      case:  closure64
     phase:  decision_step
10000000ns   internal/runtime/maps.(*Iter).Next
             runtime.mapIterNext
             github.com/santhosh-tekuri/jsonschema/v6.(*validator).objValidate
             github.com/santhosh-tekuri/jsonschema/v6.(*validator).validate
             github.com/santhosh-tekuri/jsonschema/v6.(*validator).validateSelf
             github.com/santhosh-tekuri/jsonschema/v6.(*validator).validateRef
             github.com/santhosh-tekuri/jsonschema/v6.(*validator).validate
             github.com/santhosh-tekuri/jsonschema/v6.(*validator).validateVal
             github.com/santhosh-tekuri/jsonschema/v6.(*validator).objValidate
             github.com/santhosh-tekuri/jsonschema/v6.(*validator).validate
             github.com/santhosh-tekuri/jsonschema/v6.(*Schema).validate
             github.com/ruipengliu/lerna/contract/v1_1.Validate
             github.com/ruipengliu/lerna/contract/v1_1.Encode[go.shape.struct { Owner github.com/ruipengliu/lerna/contract/gen/go/v1_1.OwnerRef "json:\"owner\""; ContentID github.com/ruipengliu/lerna/contract/gen/go/v1_1.ID "json:\"content_id\""; Version github.com/ruipengliu/lerna/contract/gen/go/v1_1.Revision "json:\"version\""; Hash string "json:\"hash\""; MediaType string "json:\"media_type\""; ByteLength github.com/ruipengliu/lerna/contract/gen/go/v1_1.Revision "json:\"byte_length\"" }]
             github.com/ruipengliu/lerna/adapters/content/decision.ToRule
             github.com/ruipengliu/lerna/adapters/content/decision.(*Adapter).snapshot
             github.com/ruipengliu/lerna/adapters/content/decision.(*Adapter).ReadSnapshot
             github.com/ruipengliu/lerna/conformance/internal/decisionfixture.claimDiagnosticSource.ReadSnapshot
             github.com/ruipengliu/lerna/components/decision_engine.(*Service).calculate
             github.com/ruipengliu/lerna/components/decision_engine.(*Service).RunClaim
             github.com/ruipengliu/lerna/components/decision_engine.(*Service).Step
             github.com/ruipengliu/lerna/conformance/component_test.completeContextDecision.func1
             runtime/pprof.Do
             github.com/ruipengliu/lerna/conformance/component_test.completeContextDecision
             github.com/ruipengliu/lerna/conformance/component_test.TestContentContextReachableClosure64And65IncludesIntermediateVersions.func1
             testing.tRunner
-----------+-------------------------------------------------------
      case:  closure64
     phase:  decision_step
10000000ns   internal/sync.(*HashTrieMap[go.shape.interface {},go.shape.interface {}]).Load
             sync.(*Map).Load
             encoding/json/v2.lookupArshaler
             encoding/json/v2.unmarshalDecode
             encoding/json/v2.Unmarshal
             encoding/json.(*Decoder).Decode
             github.com/ruipengliu/lerna/conformance/internal/decisionfixture.closedJSON
             github.com/ruipengliu/lerna/conformance/internal/decisionfixture.(*bindingDecodeMemo).decode
             github.com/ruipengliu/lerna/conformance/internal/decisionfixture.(*ContextDispatcher).binding
             github.com/ruipengliu/lerna/conformance/internal/decisionfixture.(*ContextDispatcher).Current.func1
             github.com/ruipengliu/lerna/conformance/internal/decisionfixture.(*Store).within
             github.com/ruipengliu/lerna/conformance/internal/decisionfixture.(*ContextDispatcher).Current
             github.com/ruipengliu/lerna/conformance/internal/decisionfixture.claimDiagnosticAccess.Current
             github.com/ruipengliu/lerna/adapters/content/decision.(*Adapter).ReadFixtureLock
             github.com/ruipengliu/lerna/conformance/internal/decisionfixture.claimDiagnosticSource.ReadFixtureLock
             github.com/ruipengliu/lerna/components/decision_engine.(*Service).calculate
             github.com/ruipengliu/lerna/components/decision_engine.(*Service).RunClaim
             github.com/ruipengliu/lerna/components/decision_engine.(*Service).Step
             github.com/ruipengliu/lerna/conformance/component_test.completeContextDecision.func1
             runtime/pprof.Do
             github.com/ruipengliu/lerna/conformance/component_test.completeContextDecision
             github.com/ruipengliu/lerna/conformance/component_test.TestContentContextReachableClosure64And65IncludesIntermediateVersions.func1
             testing.tRunner
-----------+-------------------------------------------------------
      case:  closure64
     phase:  decision_step
10000000ns   encoding/json/jsontext.(*decoderState).consumeValue
             encoding/json/jsontext.(*decoderState).ReadValue
             encoding/json/v2.makeStringArshaler.func2
             encoding/json/v2.makeStructArshaler.func3
             encoding/json/v2.makeSliceArshaler.func3
             encoding/json/v2.makeStructArshaler.func3
             encoding/json/v2.makeStructArshaler.func3
             encoding/json/v2.makeStructArshaler.func3
             encoding/json/v2.unmarshalDecode
             encoding/json/v2.Unmarshal
             encoding/json.(*Decoder).Decode
             github.com/ruipengliu/lerna/conformance/internal/decisionfixture.closedJSON
             github.com/ruipengliu/lerna/conformance/internal/decisionfixture.(*bindingDecodeMemo).decode
             github.com/ruipengliu/lerna/conformance/internal/decisionfixture.(*ContextDispatcher).binding
             github.com/ruipengliu/lerna/conformance/internal/decisionfixture.(*ContextDispatcher).Current.func1
             github.com/ruipengliu/lerna/conformance/internal/decisionfixture.(*Store).within
             github.com/ruipengliu/lerna/conformance/internal/decisionfixture.(*ContextDispatcher).Current
             github.com/ruipengliu/lerna/conformance/internal/decisionfixture.claimDiagnosticAccess.Current
             github.com/ruipengliu/lerna/adapters/content/decision.(*Adapter).ReadFixtureLock
             github.com/ruipengliu/lerna/conformance/internal/decisionfixture.claimDiagnosticSource.ReadFixtureLock
             github.com/ruipengliu/lerna/components/decision_engine.(*Service).calculate
             github.com/ruipengliu/lerna/components/decision_engine.(*Service).RunClaim
             github.com/ruipengliu/lerna/components/decision_engine.(*Service).Step
             github.com/ruipengliu/lerna/conformance/component_test.completeContextDecision.func1
             runtime/pprof.Do
             github.com/ruipengliu/lerna/conformance/component_test.completeContextDecision
             github.com/ruipengliu/lerna/conformance/component_test.TestContentContextReachableClosure64And65IncludesIntermediateVersions.func1
             testing.tRunner
-----------+-------------------------------------------------------
      case:  closure64
     phase:  decision_step
10000000ns   runtime.write1
             runtime.write
             runtime.netpollBreak
             runtime.wakeNetPoller
             runtime.(*timer).maybeAdd
             runtime.(*timer).modify
             time.resetTimer
             time.(*Timer).Reset
             github.com/jackc/pgx/v5/pgconn.(*PgConn).flushWithPotentialWriteReadDeadlock
             github.com/jackc/pgx/v5/pgconn.(*PgConn).execExtendedSuffix
             github.com/jackc/pgx/v5/pgconn.(*PgConn).ExecStatement
             github.com/jackc/pgx/v5.(*Conn).execPrepared
             github.com/jackc/pgx/v5.(*Conn).exec
             github.com/jackc/pgx/v5.(*Conn).Exec
             github.com/jackc/pgx/v5/stdlib.(*Conn).ExecContext
             database/sql.ctxDriverExec
             database/sql.(*DB).execDC.func2
             database/sql.withLock
             database/sql.(*DB).execDC
             database/sql.(*Tx).ExecContext
             github.com/ruipengliu/lerna/adapters/postgres/content.(*Store).LockVersion
             github.com/ruipengliu/lerna/domain/content.(*Service).registeredClosure.func1
             github.com/ruipengliu/lerna/domain/content.(*Service).registeredClosure.func1
             github.com/ruipengliu/lerna/domain/content.(*Service).registeredClosure
             github.com/ruipengliu/lerna/domain/content.(*Service).ReadForProcessing.func1
             github.com/ruipengliu/lerna/adapters/postgres/internal/pgstore.(*Core).Within
             github.com/ruipengliu/lerna/adapters/postgres/content.(*Store).Within
             github.com/ruipengliu/lerna/domain/content.(*Service).ReadForProcessing
             github.com/ruipengliu/lerna/conformance/internal/decisionfixture.claimDiagnosticContent.ReadForProcessing
             github.com/ruipengliu/lerna/adapters/content/decision.(*Adapter).read
             github.com/ruipengliu/lerna/adapters/content/decision.(*Adapter).ReadFixtureLock
             github.com/ruipengliu/lerna/conformance/internal/decisionfixture.claimDiagnosticSource.ReadFixtureLock
             github.com/ruipengliu/lerna/components/decision_engine.(*Service).calculate
             github.com/ruipengliu/lerna/components/decision_engine.(*Service).RunClaim
             github.com/ruipengliu/lerna/components/decision_engine.(*Service).Step
             github.com/ruipengliu/lerna/conformance/component_test.completeContextDecision.func1
             runtime/pprof.Do
             github.com/ruipengliu/lerna/conformance/component_test.completeContextDecision
             github.com/ruipengliu/lerna/conformance/component_test.TestContentContextReachableClosure64And65IncludesIntermediateVersions.func1
             testing.tRunner
-----------+-------------------------------------------------------
      case:  closure64
     phase:  decision_step
10000000ns   runtime.racefuncexit
             encoding/json.(*Decoder).Token
             github.com/ruipengliu/lerna/contract/v1_2.parseValue
             github.com/ruipengliu/lerna/contract/v1_2.parseJSON
             github.com/ruipengliu/lerna/contract/v1_2.Encode[go.shape.struct { Owner github.com/ruipengliu/lerna/contract/gen/go/v1_2.OwnerRef "json:\"owner\""; ContentID github.com/ruipengliu/lerna/contract/gen/go/v1_2.ID "json:\"content_id\""; Version string "json:\"version\""; Hash string "json:\"hash\""; MediaType string "json:\"media_type\""; ByteLength github.com/ruipengliu/lerna/contract/gen/go/v1_2.Revision "json:\"byte_length\"" }]
             github.com/ruipengliu/lerna/domain/content.VersionIdentity
             github.com/ruipengliu/lerna/domain/content.(*Service).registeredClosure.func1
             github.com/ruipengliu/lerna/domain/content.(*Service).registeredClosure.func1
             github.com/ruipengliu/lerna/domain/content.(*Service).registeredClosure.func1
             github.com/ruipengliu/lerna/domain/content.(*Service).registeredClosure
             github.com/ruipengliu/lerna/domain/content.(*Service).ReadForProcessing.func1
             github.com/ruipengliu/lerna/adapters/postgres/internal/pgstore.(*Core).Within
             github.com/ruipengliu/lerna/adapters/postgres/content.(*Store).Within
             github.com/ruipengliu/lerna/domain/content.(*Service).ReadForProcessing
             github.com/ruipengliu/lerna/conformance/internal/decisionfixture.claimDiagnosticContent.ReadForProcessing
             github.com/ruipengliu/lerna/adapters/content/decision.(*Adapter).read
             github.com/ruipengliu/lerna/adapters/content/decision.(*Adapter).ReadFixtureLock
             github.com/ruipengliu/lerna/conformance/internal/decisionfixture.claimDiagnosticSource.ReadFixtureLock
             github.com/ruipengliu/lerna/components/decision_engine.(*Service).calculate
             github.com/ruipengliu/lerna/components/decision_engine.(*Service).RunClaim
             github.com/ruipengliu/lerna/components/decision_engine.(*Service).Step
             github.com/ruipengliu/lerna/conformance/component_test.completeContextDecision.func1
             runtime/pprof.Do
             github.com/ruipengliu/lerna/conformance/component_test.completeContextDecision
             github.com/ruipengliu/lerna/conformance/component_test.TestContentContextReachableClosure64And65IncludesIntermediateVersions.func1
             testing.tRunner
-----------+-------------------------------------------------------
      case:  closure64
     phase:  decision_step
10000000ns   internal/runtime/maps.(*Iter).Next
             runtime.mapIterNext
             github.com/ruipengliu/lerna/contract/v1_2.writeCanonical
             github.com/ruipengliu/lerna/contract/v1_2.Encode[go.shape.struct { Owner github.com/ruipengliu/lerna/contract/gen/go/v1_2.OwnerRef "json:\"owner\""; ContentID github.com/ruipengliu/lerna/contract/gen/go/v1_2.ID "json:\"content_id\""; Version string "json:\"version\""; Hash string "json:\"hash\""; MediaType string "json:\"media_type\""; ByteLength github.com/ruipengliu/lerna/contract/gen/go/v1_2.Revision "json:\"byte_length\"" }]
             github.com/ruipengliu/lerna/domain/content.VersionIdentity
             github.com/ruipengliu/lerna/domain/content.sortRefs
             github.com/ruipengliu/lerna/domain/content.(*Service).registeredClosure.func1
             github.com/ruipengliu/lerna/domain/content.(*Service).registeredClosure.func1
             github.com/ruipengliu/lerna/domain/content.(*Service).registeredClosure
             github.com/ruipengliu/lerna/domain/content.(*Service).ReadForProcessing.func1
             github.com/ruipengliu/lerna/adapters/postgres/internal/pgstore.(*Core).Within
             github.com/ruipengliu/lerna/adapters/postgres/content.(*Store).Within
             github.com/ruipengliu/lerna/domain/content.(*Service).ReadForProcessing
             github.com/ruipengliu/lerna/conformance/internal/decisionfixture.claimDiagnosticContent.ReadForProcessing
             github.com/ruipengliu/lerna/adapters/content/decision.(*Adapter).read
             github.com/ruipengliu/lerna/adapters/content/decision.(*Adapter).ReadFixtureLock
             github.com/ruipengliu/lerna/conformance/internal/decisionfixture.claimDiagnosticSource.ReadFixtureLock
             github.com/ruipengliu/lerna/components/decision_engine.(*Service).calculate
             github.com/ruipengliu/lerna/components/decision_engine.(*Service).RunClaim
             github.com/ruipengliu/lerna/components/decision_engine.(*Service).Step
             github.com/ruipengliu/lerna/conformance/component_test.completeContextDecision.func1
             runtime/pprof.Do
             github.com/ruipengliu/lerna/conformance/component_test.completeContextDecision
             github.com/ruipengliu/lerna/conformance/component_test.TestContentContextReachableClosure64And65IncludesIntermediateVersions.func1
             testing.tRunner
-----------+-------------------------------------------------------
      case:  closure64
     phase:  decision_step
10000000ns   runtime.stringtoslicerune
             github.com/ruipengliu/lerna/contract/v1_2.writeCanonical.func1
             sort.insertionSort_func
             sort.pdqsort_func
             sort.Slice
             github.com/ruipengliu/lerna/contract/v1_2.writeCanonical
             github.com/ruipengliu/lerna/contract/v1_2.writeCanonical
             github.com/ruipengliu/lerna/contract/v1_2.Encode[go.shape.struct { Owner github.com/ruipengliu/lerna/contract/gen/go/v1_2.OwnerRef "json:\"owner\""; ContentID github.com/ruipengliu/lerna/contract/gen/go/v1_2.ID "json:\"content_id\""; Version string "json:\"version\""; Hash string "json:\"hash\""; MediaType string "json:\"media_type\""; ByteLength github.com/ruipengliu/lerna/contract/gen/go/v1_2.Revision "json:\"byte_length\"" }]
             github.com/ruipengliu/lerna/domain/content.VersionIdentity
             github.com/ruipengliu/lerna/adapters/postgres/content.(*Store).LockVersion
             github.com/ruipengliu/lerna/domain/content.(*Service).registeredClosure.func1
             github.com/ruipengliu/lerna/domain/content.(*Service).registeredClosure.func1
             github.com/ruipengliu/lerna/domain/content.(*Service).registeredClosure
             github.com/ruipengliu/lerna/domain/content.(*Service).ReadForProcessing.func1
             github.com/ruipengliu/lerna/adapters/postgres/internal/pgstore.(*Core).Within
             github.com/ruipengliu/lerna/adapters/postgres/content.(*Store).Within
             github.com/ruipengliu/lerna/domain/content.(*Service).ReadForProcessing
             github.com/ruipengliu/lerna/conformance/internal/decisionfixture.claimDiagnosticContent.ReadForProcessing
             github.com/ruipengliu/lerna/adapters/content/decision.(*Adapter).read
             github.com/ruipengliu/lerna/adapters/content/decision.(*Adapter).ReadFixtureLock
             github.com/ruipengliu/lerna/conformance/internal/decisionfixture.claimDiagnosticSource.ReadFixtureLock
             github.com/ruipengliu/lerna/components/decision_engine.(*Service).calculate
             github.com/ruipengliu/lerna/components/decision_engine.(*Service).RunClaim
             github.com/ruipengliu/lerna/components/decision_engine.(*Service).Step
             github.com/ruipengliu/lerna/conformance/component_test.completeContextDecision.func1
             runtime/pprof.Do
             github.com/ruipengliu/lerna/conformance/component_test.completeContextDecision
             github.com/ruipengliu/lerna/conformance/component_test.TestContentContextReachableClosure64And65IncludesIntermediateVersions.func1
             testing.tRunner
-----------+-------------------------------------------------------
      case:  closure64
     phase:  decision_step
10000000ns   encoding/json.(*Decoder).Token
             github.com/ruipengliu/lerna/contract/v1_2.parseValue
             github.com/ruipengliu/lerna/contract/v1_2.parseJSON
             github.com/ruipengliu/lerna/contract/v1_2.Encode[go.shape.struct { Owner github.com/ruipengliu/lerna/contract/gen/go/v1_2.OwnerRef "json:\"owner\""; ContentID github.com/ruipengliu/lerna/contract/gen/go/v1_2.ID "json:\"content_id\""; Version string "json:\"version\""; Hash string "json:\"hash\""; MediaType string "json:\"media_type\""; ByteLength github.com/ruipengliu/lerna/contract/gen/go/v1_2.Revision "json:\"byte_length\"" }]
             github.com/ruipengliu/lerna/domain/content.VersionIdentity
             github.com/ruipengliu/lerna/adapters/postgres/content.(*Store).LockVersion
             github.com/ruipengliu/lerna/domain/content.(*Service).registeredClosure.func1
             github.com/ruipengliu/lerna/domain/content.(*Service).registeredClosure.func1
             github.com/ruipengliu/lerna/domain/content.(*Service).registeredClosure
             github.com/ruipengliu/lerna/domain/content.(*Service).ReadForProcessing.func1
             github.com/ruipengliu/lerna/adapters/postgres/internal/pgstore.(*Core).Within
             github.com/ruipengliu/lerna/adapters/postgres/content.(*Store).Within
             github.com/ruipengliu/lerna/domain/content.(*Service).ReadForProcessing
             github.com/ruipengliu/lerna/conformance/internal/decisionfixture.claimDiagnosticContent.ReadForProcessing
             github.com/ruipengliu/lerna/adapters/content/decision.(*Adapter).read
             github.com/ruipengliu/lerna/adapters/content/decision.(*Adapter).ReadFixtureLock
             github.com/ruipengliu/lerna/conformance/internal/decisionfixture.claimDiagnosticSource.ReadFixtureLock
             github.com/ruipengliu/lerna/components/decision_engine.(*Service).calculate
             github.com/ruipengliu/lerna/components/decision_engine.(*Service).RunClaim
             github.com/ruipengliu/lerna/components/decision_engine.(*Service).Step
             github.com/ruipengliu/lerna/conformance/component_test.completeContextDecision.func1
             runtime/pprof.Do
             github.com/ruipengliu/lerna/conformance/component_test.completeContextDecision
             github.com/ruipengliu/lerna/conformance/component_test.TestContentContextReachableClosure64And65IncludesIntermediateVersions.func1
             testing.tRunner
-----------+-------------------------------------------------------
      case:  closure64
     phase:  decision_step
10000000ns   internal/runtime/syscall/linux.Syscall6
             syscall.RawSyscall6
             syscall.Syscall
             syscall.write
             syscall.Write
             internal/poll.(*FD).Write
             net.(*netFD).Write
             net.(*conn).Write
             github.com/jackc/pgx/v5/pgproto3.(*Frontend).Flush
             github.com/jackc/pgx/v5/pgconn.(*PgConn).flushWithPotentialWriteReadDeadlock
             github.com/jackc/pgx/v5/pgconn.(*PgConn).execExtendedSuffix
             github.com/jackc/pgx/v5/pgconn.(*PgConn).ExecStatement
             github.com/jackc/pgx/v5.(*Conn).Query
             github.com/jackc/pgx/v5/stdlib.(*Conn).QueryContext
             database/sql.ctxDriverQuery
             database/sql.(*DB).queryDC.func1
             database/sql.withLock
             database/sql.(*DB).queryDC
             database/sql.(*Tx).QueryContext
             github.com/ruipengliu/lerna/adapters/postgres/internal/pgstore.(*Core).Now
             github.com/ruipengliu/lerna/adapters/postgres/content.(*Store).Now
             github.com/ruipengliu/lerna/domain/content.(*Service).registeredClosure.func1
             github.com/ruipengliu/lerna/domain/content.(*Service).registeredClosure.func1
             github.com/ruipengliu/lerna/domain/content.(*Service).registeredClosure.func1
             github.com/ruipengliu/lerna/domain/content.(*Service).registeredClosure
             github.com/ruipengliu/lerna/domain/content.(*Service).ReadForProcessing.func1
             github.com/ruipengliu/lerna/adapters/postgres/internal/pgstore.(*Core).Within
             github.com/ruipengliu/lerna/adapters/postgres/content.(*Store).Within
             github.com/ruipengliu/lerna/domain/content.(*Service).ReadForProcessing
             github.com/ruipengliu/lerna/conformance/internal/decisionfixture.claimDiagnosticContent.ReadForProcessing
             github.com/ruipengliu/lerna/adapters/content/decision.(*Adapter).read
             github.com/ruipengliu/lerna/adapters/content/decision.(*Adapter).ReadFixtureLock
             github.com/ruipengliu/lerna/conformance/internal/decisionfixture.claimDiagnosticSource.ReadFixtureLock
             github.com/ruipengliu/lerna/components/decision_engine.(*Service).calculate
             github.com/ruipengliu/lerna/components/decision_engine.(*Service).RunClaim
             github.com/ruipengliu/lerna/components/decision_engine.(*Service).Step
             github.com/ruipengliu/lerna/conformance/component_test.completeContextDecision.func1
             runtime/pprof.Do
             github.com/ruipengliu/lerna/conformance/component_test.completeContextDecision
             github.com/ruipengliu/lerna/conformance/component_test.TestContentContextReachableClosure64And65IncludesIntermediateVersions.func1
             testing.tRunner
-----------+-------------------------------------------------------
      case:  closure64
     phase:  decision_step
10000000ns   runtime.checkptrBase
             runtime.checkptrStraddles
             runtime.checkptrAlignment
             internal/abi.TypeFor[go.shape.*uint8]
             reflect.TypeAssert[go.shape.*uint8]
             encoding/json/v2.makeTimeArshaler.func4
             encoding/json/v2.makeStructArshaler.func3
             encoding/json/v2.unmarshalDecode
             encoding/json/v2.Unmarshal
             github.com/ruipengliu/lerna/adapters/postgres/content.(*Store).CheckPolicy
             github.com/ruipengliu/lerna/domain/content.(*Service).registeredClosure.func1
             github.com/ruipengliu/lerna/domain/content.(*Service).registeredClosure.func1
             github.com/ruipengliu/lerna/domain/content.(*Service).registeredClosure.func1
             github.com/ruipengliu/lerna/domain/content.(*Service).registeredClosure
             github.com/ruipengliu/lerna/domain/content.(*Service).ReadForProcessing.func1
             github.com/ruipengliu/lerna/adapters/postgres/internal/pgstore.(*Core).Within
             github.com/ruipengliu/lerna/adapters/postgres/content.(*Store).Within
             github.com/ruipengliu/lerna/domain/content.(*Service).ReadForProcessing
             github.com/ruipengliu/lerna/conformance/internal/decisionfixture.claimDiagnosticContent.ReadForProcessing
             github.com/ruipengliu/lerna/adapters/content/decision.(*Adapter).read
             github.com/ruipengliu/lerna/adapters/content/decision.(*Adapter).ReadFixtureLock
             github.com/ruipengliu/lerna/conformance/internal/decisionfixture.claimDiagnosticSource.ReadFixtureLock
             github.com/ruipengliu/lerna/components/decision_engine.(*Service).calculate
             github.com/ruipengliu/lerna/components/decision_engine.(*Service).RunClaim
             github.com/ruipengliu/lerna/components/decision_engine.(*Service).Step
             github.com/ruipengliu/lerna/conformance/component_test.completeContextDecision.func1
             runtime/pprof.Do
             github.com/ruipengliu/lerna/conformance/component_test.completeContextDecision
             github.com/ruipengliu/lerna/conformance/component_test.TestContentContextReachableClosure64And65IncludesIntermediateVersions.func1
             testing.tRunner
-----------+-------------------------------------------------------
      case:  closure64
     phase:  decision_step
10000000ns   runtime.mallocgc
             runtime.newobject
             github.com/jackc/pgx/v5/stdlib.(*Rows).initValueFuncs
             github.com/jackc/pgx/v5/stdlib.(*Rows).ScanColumn
             database/sql.(*Rows).scanLocked
             database/sql.(*Rows).Scan
             database/sql.(*Row).Scan
             github.com/ruipengliu/lerna/adapters/postgres/content.(*Store).LockVersion
             github.com/ruipengliu/lerna/domain/content.(*Service).registeredClosure.func1
             github.com/ruipengliu/lerna/domain/content.(*Service).registeredClosure.func1
             github.com/ruipengliu/lerna/domain/content.(*Service).registeredClosure.func1
             github.com/ruipengliu/lerna/domain/content.(*Service).registeredClosure
             github.com/ruipengliu/lerna/domain/content.(*Service).ReadForProcessing.func1
             github.com/ruipengliu/lerna/adapters/postgres/internal/pgstore.(*Core).Within
             github.com/ruipengliu/lerna/adapters/postgres/content.(*Store).Within
             github.com/ruipengliu/lerna/domain/content.(*Service).ReadForProcessing
             github.com/ruipengliu/lerna/conformance/internal/decisionfixture.claimDiagnosticContent.ReadForProcessing
             github.com/ruipengliu/lerna/adapters/content/decision.(*Adapter).read
             github.com/ruipengliu/lerna/adapters/content/decision.(*Adapter).ReadFixtureLock
             github.com/ruipengliu/lerna/conformance/internal/decisionfixture.claimDiagnosticSource.ReadFixtureLock
             github.com/ruipengliu/lerna/components/decision_engine.(*Service).calculate
             github.com/ruipengliu/lerna/components/decision_engine.(*Service).RunClaim
             github.com/ruipengliu/lerna/components/decision_engine.(*Service).Step
             github.com/ruipengliu/lerna/conformance/component_test.completeContextDecision.func1
             runtime/pprof.Do
             github.com/ruipengliu/lerna/conformance/component_test.completeContextDecision
             github.com/ruipengliu/lerna/conformance/component_test.TestContentContextReachableClosure64And65IncludesIntermediateVersions.func1
             testing.tRunner
-----------+-------------------------------------------------------
      case:  closure64
     phase:  decision_step
10000000ns   encoding/json/jsontext.(*decoderState).ReadValue
             encoding/json/v2.makeStringArshaler.func2
             encoding/json/v2.makeStructArshaler.func3
             encoding/json/v2.unmarshalDecode
             encoding/json/v2.Unmarshal
             github.com/ruipengliu/lerna/adapters/postgres/content.(*Store).CheckPolicy
             github.com/ruipengliu/lerna/domain/content.(*Service).registeredClosure.func1
             github.com/ruipengliu/lerna/domain/content.(*Service).registeredClosure.func1
             github.com/ruipengliu/lerna/domain/content.(*Service).registeredClosure.func1
             github.com/ruipengliu/lerna/domain/content.(*Service).registeredClosure
             github.com/ruipengliu/lerna/domain/content.(*Service).ReadForProcessing.func1
             github.com/ruipengliu/lerna/adapters/postgres/internal/pgstore.(*Core).Within
             github.com/ruipengliu/lerna/adapters/postgres/content.(*Store).Within
             github.com/ruipengliu/lerna/domain/content.(*Service).ReadForProcessing
             github.com/ruipengliu/lerna/conformance/internal/decisionfixture.claimDiagnosticContent.ReadForProcessing
             github.com/ruipengliu/lerna/adapters/content/decision.(*Adapter).read
             github.com/ruipengliu/lerna/adapters/content/decision.(*Adapter).ReadFixtureLock
             github.com/ruipengliu/lerna/conformance/internal/decisionfixture.claimDiagnosticSource.ReadFixtureLock
             github.com/ruipengliu/lerna/components/decision_engine.(*Service).calculate
             github.com/ruipengliu/lerna/components/decision_engine.(*Service).RunClaim
             github.com/ruipengliu/lerna/components/decision_engine.(*Service).Step
             github.com/ruipengliu/lerna/conformance/component_test.completeContextDecision.func1
             runtime/pprof.Do
             github.com/ruipengliu/lerna/conformance/component_test.completeContextDecision
             github.com/ruipengliu/lerna/conformance/component_test.TestContentContextReachableClosure64And65IncludesIntermediateVersions.func1
             testing.tRunner
-----------+-------------------------------------------------------
      case:  closure64
     phase:  decision_step
10000000ns   runtime.memmove
             runtime.stringtoslicebyte
             github.com/santhosh-tekuri/jsonschema/v6.(*validator).strValidate
             github.com/santhosh-tekuri/jsonschema/v6.(*validator).validate
             github.com/santhosh-tekuri/jsonschema/v6.(*validator).validateVal
             github.com/santhosh-tekuri/jsonschema/v6.(*validator).objValidate
             github.com/santhosh-tekuri/jsonschema/v6.(*validator).validate
             github.com/santhosh-tekuri/jsonschema/v6.(*validator).validateSelf
             github.com/santhosh-tekuri/jsonschema/v6.(*validator).validateRef
             github.com/santhosh-tekuri/jsonschema/v6.(*validator).validate
             github.com/santhosh-tekuri/jsonschema/v6.(*validator).validateVal
             github.com/santhosh-tekuri/jsonschema/v6.(*validator).objValidate
             github.com/santhosh-tekuri/jsonschema/v6.(*validator).validate
             github.com/santhosh-tekuri/jsonschema/v6.(*Schema).validate
             github.com/ruipengliu/lerna/contract/v1_2.Validate
             github.com/ruipengliu/lerna/contract/v1_2.Encode[go.shape.struct { Owner github.com/ruipengliu/lerna/contract/gen/go/v1_2.OwnerRef "json:\"owner\""; ContentID github.com/ruipengliu/lerna/contract/gen/go/v1_2.ID "json:\"content_id\""; Version string "json:\"version\""; Hash string "json:\"hash\""; MediaType string "json:\"media_type\""; ByteLength github.com/ruipengliu/lerna/contract/gen/go/v1_2.Revision "json:\"byte_length\"" }]
             github.com/ruipengliu/lerna/domain/content.VersionIdentity
             github.com/ruipengliu/lerna/adapters/postgres/content.(*Store).LockVersion
             github.com/ruipengliu/lerna/domain/content.(*Service).registeredClosure.func1
             github.com/ruipengliu/lerna/domain/content.(*Service).registeredClosure.func1
             github.com/ruipengliu/lerna/domain/content.(*Service).registeredClosure.func1
             github.com/ruipengliu/lerna/domain/content.(*Service).registeredClosure
             github.com/ruipengliu/lerna/domain/content.(*Service).ReadForProcessing.func1
             github.com/ruipengliu/lerna/adapters/postgres/internal/pgstore.(*Core).Within
             github.com/ruipengliu/lerna/adapters/postgres/content.(*Store).Within
             github.com/ruipengliu/lerna/domain/content.(*Service).ReadForProcessing
             github.com/ruipengliu/lerna/conformance/internal/decisionfixture.claimDiagnosticContent.ReadForProcessing
             github.com/ruipengliu/lerna/adapters/content/decision.(*Adapter).read
             github.com/ruipengliu/lerna/adapters/content/decision.(*Adapter).ReadFixtureLock
             github.com/ruipengliu/lerna/conformance/internal/decisionfixture.claimDiagnosticSource.ReadFixtureLock
             github.com/ruipengliu/lerna/components/decision_engine.(*Service).calculate
             github.com/ruipengliu/lerna/components/decision_engine.(*Service).RunClaim
             github.com/ruipengliu/lerna/components/decision_engine.(*Service).Step
             github.com/ruipengliu/lerna/conformance/component_test.completeContextDecision.func1
             runtime/pprof.Do
             github.com/ruipengliu/lerna/conformance/component_test.completeContextDecision
             github.com/ruipengliu/lerna/conformance/component_test.TestContentContextReachableClosure64And65IncludesIntermediateVersions.func1
             testing.tRunner
-----------+-------------------------------------------------------
      case:  closure64
     phase:  decision_step
10000000ns   runtime.mallocgcSmallScanNoHeader
             runtime.mallocgc
             runtime.newobject
             database/sql.(*Rows).initContextClose
             database/sql.(*DB).queryDC
             database/sql.(*Tx).QueryContext
             github.com/ruipengliu/lerna/adapters/postgres/content.(*Store).LockVersion
             github.com/ruipengliu/lerna/domain/content.(*Service).registeredClosure.func1
             github.com/ruipengliu/lerna/domain/content.(*Service).registeredClosure.func1
             github.com/ruipengliu/lerna/domain/content.(*Service).registeredClosure.func1
             github.com/ruipengliu/lerna/domain/content.(*Service).registeredClosure
             github.com/ruipengliu/lerna/domain/content.(*Service).ReadForProcessing.func1
             github.com/ruipengliu/lerna/adapters/postgres/internal/pgstore.(*Core).Within
             github.com/ruipengliu/lerna/adapters/postgres/content.(*Store).Within
             github.com/ruipengliu/lerna/domain/content.(*Service).ReadForProcessing
             github.com/ruipengliu/lerna/conformance/internal/decisionfixture.claimDiagnosticContent.ReadForProcessing
             github.com/ruipengliu/lerna/adapters/content/decision.(*Adapter).read
             github.com/ruipengliu/lerna/adapters/content/decision.(*Adapter).ReadFixtureLock
             github.com/ruipengliu/lerna/conformance/internal/decisionfixture.claimDiagnosticSource.ReadFixtureLock
             github.com/ruipengliu/lerna/components/decision_engine.(*Service).calculate
             github.com/ruipengliu/lerna/components/decision_engine.(*Service).RunClaim
             github.com/ruipengliu/lerna/components/decision_engine.(*Service).Step
             github.com/ruipengliu/lerna/conformance/component_test.completeContextDecision.func1
             runtime/pprof.Do
             github.com/ruipengliu/lerna/conformance/component_test.completeContextDecision
             github.com/ruipengliu/lerna/conformance/component_test.TestContentContextReachableClosure64And65IncludesIntermediateVersions.func1
             testing.tRunner
-----------+-------------------------------------------------------
      case:  closure64
     phase:  decision_step
10000000ns   racecalladdr
             reflect.(*rtype).ptrTo
             reflect.New
             encoding/json/v2.marshalEncode
             encoding/json/v2.Marshal
             github.com/ruipengliu/lerna/contract/v1_2.Encode[go.shape.struct { Owner github.com/ruipengliu/lerna/contract/gen/go/v1_2.OwnerRef "json:\"owner\""; ContentID github.com/ruipengliu/lerna/contract/gen/go/v1_2.ID "json:\"content_id\""; Version string "json:\"version\""; Hash string "json:\"hash\""; MediaType string "json:\"media_type\""; ByteLength github.com/ruipengliu/lerna/contract/gen/go/v1_2.Revision "json:\"byte_length\"" }]
             github.com/ruipengliu/lerna/domain/content.VersionIdentity
             github.com/ruipengliu/lerna/domain/content.sortRefs
             github.com/ruipengliu/lerna/domain/content.(*Service).registeredClosure.func1
             github.com/ruipengliu/lerna/domain/content.(*Service).registeredClosure.func1
             github.com/ruipengliu/lerna/domain/content.(*Service).registeredClosure.func1
             github.com/ruipengliu/lerna/domain/content.(*Service).registeredClosure
             github.com/ruipengliu/lerna/domain/content.(*Service).ReadForProcessing.func1
             github.com/ruipengliu/lerna/adapters/postgres/internal/pgstore.(*Core).Within
             github.com/ruipengliu/lerna/adapters/postgres/content.(*Store).Within
             github.com/ruipengliu/lerna/domain/content.(*Service).ReadForProcessing
             github.com/ruipengliu/lerna/conformance/internal/decisionfixture.claimDiagnosticContent.ReadForProcessing
             github.com/ruipengliu/lerna/adapters/content/decision.(*Adapter).read
             github.com/ruipengliu/lerna/adapters/content/decision.(*Adapter).ReadFixtureLock
             github.com/ruipengliu/lerna/conformance/internal/decisionfixture.claimDiagnosticSource.ReadFixtureLock
             github.com/ruipengliu/lerna/components/decision_engine.(*Service).calculate
             github.com/ruipengliu/lerna/components/decision_engine.(*Service).RunClaim
             github.com/ruipengliu/lerna/components/decision_engine.(*Service).Step
             github.com/ruipengliu/lerna/conformance/component_test.completeContextDecision.func1
             runtime/pprof.Do
             github.com/ruipengliu/lerna/conformance/component_test.completeContextDecision
             github.com/ruipengliu/lerna/conformance/component_test.TestContentContextReachableClosure64And65IncludesIntermediateVersions.func1
             testing.tRunner
-----------+-------------------------------------------------------
      case:  closure64
     phase:  decision_step
10000000ns   runtime.asyncPreempt
             strings.(*Builder).WriteRune
             github.com/ruipengliu/lerna/contract/v1_2.writeCanonicalString
             github.com/ruipengliu/lerna/contract/v1_2.writeCanonical
             github.com/ruipengliu/lerna/contract/v1_2.writeCanonical
             github.com/ruipengliu/lerna/contract/v1_2.Encode[go.shape.struct { Owner github.com/ruipengliu/lerna/contract/gen/go/v1_2.OwnerRef "json:\"owner\""; ContentID github.com/ruipengliu/lerna/contract/gen/go/v1_2.ID "json:\"content_id\""; Version string "json:\"version\""; Hash string "json:\"hash\""; MediaType string "json:\"media_type\""; ByteLength github.com/ruipengliu/lerna/contract/gen/go/v1_2.Revision "json:\"byte_length\"" }]
             github.com/ruipengliu/lerna/domain/content.VersionIdentity
             github.com/ruipengliu/lerna/domain/content.(*Service).registeredClosure.func1
             github.com/ruipengliu/lerna/domain/content.(*Service).registeredClosure.func1
             github.com/ruipengliu/lerna/domain/content.(*Service).registeredClosure.func1
             github.com/ruipengliu/lerna/domain/content.(*Service).registeredClosure.func1
             github.com/ruipengliu/lerna/domain/content.(*Service).registeredClosure
             github.com/ruipengliu/lerna/domain/content.(*Service).ReadForProcessing.func1
             github.com/ruipengliu/lerna/adapters/postgres/internal/pgstore.(*Core).Within
             github.com/ruipengliu/lerna/adapters/postgres/content.(*Store).Within
             github.com/ruipengliu/lerna/domain/content.(*Service).ReadForProcessing
             github.com/ruipengliu/lerna/conformance/internal/decisionfixture.claimDiagnosticContent.ReadForProcessing
             github.com/ruipengliu/lerna/adapters/content/decision.(*Adapter).read
             github.com/ruipengliu/lerna/adapters/content/decision.(*Adapter).ReadFixtureLock
             github.com/ruipengliu/lerna/conformance/internal/decisionfixture.claimDiagnosticSource.ReadFixtureLock
             github.com/ruipengliu/lerna/components/decision_engine.(*Service).calculate
             github.com/ruipengliu/lerna/components/decision_engine.(*Service).RunClaim
             github.com/ruipengliu/lerna/components/decision_engine.(*Service).Step
             github.com/ruipengliu/lerna/conformance/component_test.completeContextDecision.func1
             runtime/pprof.Do
             github.com/ruipengliu/lerna/conformance/component_test.completeContextDecision
             github.com/ruipengliu/lerna/conformance/component_test.TestContentContextReachableClosure64And65IncludesIntermediateVersions.func1
             testing.tRunner
-----------+-------------------------------------------------------
      case:  closure64
     phase:  decision_step
10000000ns   runtime.write1
             runtime.write
             runtime.netpollBreak
             runtime.wakeNetPoller
             runtime.(*timer).maybeAdd
             runtime.(*timer).modify
             time.resetTimer
             time.(*Timer).Reset
             github.com/jackc/pgx/v5/pgconn.(*PgConn).flushWithPotentialWriteReadDeadlock
             github.com/jackc/pgx/v5/pgconn.(*PgConn).execExtendedSuffix
             github.com/jackc/pgx/v5/pgconn.(*PgConn).ExecStatement
             github.com/jackc/pgx/v5.(*Conn).execPrepared
             github.com/jackc/pgx/v5.(*Conn).exec
             github.com/jackc/pgx/v5.(*Conn).Exec
             github.com/jackc/pgx/v5/stdlib.(*Conn).ExecContext
             database/sql.ctxDriverExec
             database/sql.(*DB).execDC.func2
             database/sql.withLock
             database/sql.(*DB).execDC
             database/sql.(*Tx).ExecContext
             github.com/ruipengliu/lerna/adapters/postgres/content.(*Store).LockVersion
             github.com/ruipengliu/lerna/domain/content.(*Service).registeredClosure.func1
             github.com/ruipengliu/lerna/domain/content.(*Service).registeredClosure.func1
             github.com/ruipengliu/lerna/domain/content.(*Service).registeredClosure.func1
             github.com/ruipengliu/lerna/domain/content.(*Service).registeredClosure.func1
             github.com/ruipengliu/lerna/domain/content.(*Service).registeredClosure
             github.com/ruipengliu/lerna/domain/content.(*Service).ReadForProcessing.func1
             github.com/ruipengliu/lerna/adapters/postgres/internal/pgstore.(*Core).Within
             github.com/ruipengliu/lerna/adapters/postgres/content.(*Store).Within
             github.com/ruipengliu/lerna/domain/content.(*Service).ReadForProcessing
             github.com/ruipengliu/lerna/conformance/internal/decisionfixture.claimDiagnosticContent.ReadForProcessing
             github.com/ruipengliu/lerna/adapters/content/decision.(*Adapter).read
             github.com/ruipengliu/lerna/adapters/content/decision.(*Adapter).ReadFixtureLock
             github.com/ruipengliu/lerna/conformance/internal/decisionfixture.claimDiagnosticSource.ReadFixtureLock
             github.com/ruipengliu/lerna/components/decision_engine.(*Service).calculate
             github.com/ruipengliu/lerna/components/decision_engine.(*Service).RunClaim
             github.com/ruipengliu/lerna/components/decision_engine.(*Service).Step
             github.com/ruipengliu/lerna/conformance/component_test.completeContextDecision.func1
             runtime/pprof.Do
             github.com/ruipengliu/lerna/conformance/component_test.completeContextDecision
             github.com/ruipengliu/lerna/conformance/component_test.TestContentContextReachableClosure64And65IncludesIntermediateVersions.func1
             testing.tRunner
-----------+-------------------------------------------------------
      case:  closure64
     phase:  decision_step
10000000ns   runtime.mallocgcSmallNoscan
             runtime.mallocgc
             runtime.growslice
             strings.(*Builder).WriteRune
             github.com/ruipengliu/lerna/contract/v1_2.writeCanonicalString
             github.com/ruipengliu/lerna/contract/v1_2.writeCanonical
             github.com/ruipengliu/lerna/contract/v1_2.writeCanonical
             github.com/ruipengliu/lerna/contract/v1_2.Encode[go.shape.struct { Owner github.com/ruipengliu/lerna/contract/gen/go/v1_2.OwnerRef "json:\"owner\""; ContentID github.com/ruipengliu/lerna/contract/gen/go/v1_2.ID "json:\"content_id\""; Version string "json:\"version\""; Hash string "json:\"hash\""; MediaType string "json:\"media_type\""; ByteLength github.com/ruipengliu/lerna/contract/gen/go/v1_2.Revision "json:\"byte_length\"" }]
             github.com/ruipengliu/lerna/domain/content.VersionIdentity
             github.com/ruipengliu/lerna/domain/content.(*Service).registeredClosure.func1
             github.com/ruipengliu/lerna/domain/content.(*Service).registeredClosure.func1
             github.com/ruipengliu/lerna/domain/content.(*Service).registeredClosure
             github.com/ruipengliu/lerna/domain/content.(*Service).ReadForProcessing.func1
             github.com/ruipengliu/lerna/adapters/postgres/internal/pgstore.(*Core).Within
             github.com/ruipengliu/lerna/adapters/postgres/content.(*Store).Within
             github.com/ruipengliu/lerna/domain/content.(*Service).ReadForProcessing
             github.com/ruipengliu/lerna/conformance/internal/decisionfixture.claimDiagnosticContent.ReadForProcessing
             github.com/ruipengliu/lerna/adapters/content/decision.(*Adapter).read
             github.com/ruipengliu/lerna/adapters/content/decision.(*Adapter).ReadFixtureLock
             github.com/ruipengliu/lerna/conformance/internal/decisionfixture.claimDiagnosticSource.ReadFixtureLock
             github.com/ruipengliu/lerna/components/decision_engine.(*Service).calculate
             github.com/ruipengliu/lerna/components/decision_engine.(*Service).RunClaim
             github.com/ruipengliu/lerna/components/decision_engine.(*Service).Step
             github.com/ruipengliu/lerna/conformance/component_test.completeContextDecision.func1
             runtime/pprof.Do
             github.com/ruipengliu/lerna/conformance/component_test.completeContextDecision
             github.com/ruipengliu/lerna/conformance/component_test.TestContentContextReachableClosure64And65IncludesIntermediateVersions.func1
             testing.tRunner
-----------+-------------------------------------------------------
      case:  closure64
     phase:  decision_step
10000000ns   runtime.raceread
             encoding/json/jsontext.(*decoderState).ReadToken
             encoding/json.(*Decoder).Token
             github.com/ruipengliu/lerna/contract/v1_2.parseValue
             github.com/ruipengliu/lerna/contract/v1_2.parseValue
             github.com/ruipengliu/lerna/contract/v1_2.parseJSON
             github.com/ruipengliu/lerna/contract/v1_2.Encode[go.shape.struct { Owner github.com/ruipengliu/lerna/contract/gen/go/v1_2.OwnerRef "json:\"owner\""; ContentID github.com/ruipengliu/lerna/contract/gen/go/v1_2.ID "json:\"content_id\""; Version string "json:\"version\""; Hash string "json:\"hash\""; MediaType string "json:\"media_type\""; ByteLength github.com/ruipengliu/lerna/contract/gen/go/v1_2.Revision "json:\"byte_length\"" }]
             github.com/ruipengliu/lerna/domain/content.VersionIdentity
             github.com/ruipengliu/lerna/domain/content.(*Service).registeredClosure.func1
             github.com/ruipengliu/lerna/domain/content.(*Service).registeredClosure.func1
             github.com/ruipengliu/lerna/domain/content.(*Service).registeredClosure
             github.com/ruipengliu/lerna/domain/content.(*Service).ReadForProcessing.func1
             github.com/ruipengliu/lerna/adapters/postgres/internal/pgstore.(*Core).Within
             github.com/ruipengliu/lerna/adapters/postgres/content.(*Store).Within
             github.com/ruipengliu/lerna/domain/content.(*Service).ReadForProcessing
             github.com/ruipengliu/lerna/conformance/internal/decisionfixture.claimDiagnosticContent.ReadForProcessing
             github.com/ruipengliu/lerna/adapters/content/decision.(*Adapter).read
             github.com/ruipengliu/lerna/adapters/content/decision.(*Adapter).ReadFixtureLock
             github.com/ruipengliu/lerna/conformance/internal/decisionfixture.claimDiagnosticSource.ReadFixtureLock
             github.com/ruipengliu/lerna/components/decision_engine.(*Service).calculate
             github.com/ruipengliu/lerna/components/decision_engine.(*Service).RunClaim
             github.com/ruipengliu/lerna/components/decision_engine.(*Service).Step
             github.com/ruipengliu/lerna/conformance/component_test.completeContextDecision.func1
             runtime/pprof.Do
             github.com/ruipengliu/lerna/conformance/component_test.completeContextDecision
             github.com/ruipengliu/lerna/conformance/component_test.TestContentContextReachableClosure64And65IncludesIntermediateVersions.func1
             testing.tRunner
-----------+-------------------------------------------------------
      case:  closure64
     phase:  decision_step
10000000ns   runtime.raceread
             encoding/json/jsontext.(*decoderState).consumeValue
             encoding/json/jsontext.(*decoderState).ReadValue
             encoding/json/v2.makeStringArshaler.func2
             encoding/json/v2.makeStructArshaler.func3
             encoding/json/v2.makeStructArshaler.func3
             encoding/json/v2.makeStructArshaler.func3
             encoding/json/v2.unmarshalDecode
             encoding/json/v2.Unmarshal
             github.com/ruipengliu/lerna/adapters/postgres/content.(*Store).CheckPolicy
             github.com/ruipengliu/lerna/domain/content.(*Service).registeredClosure.func1
             github.com/ruipengliu/lerna/domain/content.(*Service).registeredClosure.func1
             github.com/ruipengliu/lerna/domain/content.(*Service).registeredClosure
             github.com/ruipengliu/lerna/domain/content.(*Service).ReadForProcessing.func1
             github.com/ruipengliu/lerna/adapters/postgres/internal/pgstore.(*Core).Within
             github.com/ruipengliu/lerna/adapters/postgres/content.(*Store).Within
             github.com/ruipengliu/lerna/domain/content.(*Service).ReadForProcessing
             github.com/ruipengliu/lerna/conformance/internal/decisionfixture.claimDiagnosticContent.ReadForProcessing
             github.com/ruipengliu/lerna/adapters/content/decision.(*Adapter).read
             github.com/ruipengliu/lerna/adapters/content/decision.(*Adapter).ReadFixtureLock
             github.com/ruipengliu/lerna/conformance/internal/decisionfixture.claimDiagnosticSource.ReadFixtureLock
             github.com/ruipengliu/lerna/components/decision_engine.(*Service).calculate
             github.com/ruipengliu/lerna/components/decision_engine.(*Service).RunClaim
             github.com/ruipengliu/lerna/components/decision_engine.(*Service).Step
             github.com/ruipengliu/lerna/conformance/component_test.completeContextDecision.func1
             runtime/pprof.Do
             github.com/ruipengliu/lerna/conformance/component_test.completeContextDecision
             github.com/ruipengliu/lerna/conformance/component_test.TestContentContextReachableClosure64And65IncludesIntermediateVersions.func1
             testing.tRunner
-----------+-------------------------------------------------------
      case:  closure64
     phase:  decision_step
10000000ns   internal/abi.(*Type).Kind
             reflect.Value.Field
             encoding/json/v2.makeStructArshaler.func3
             encoding/json/v2.unmarshalDecode
             encoding/json/v2.Unmarshal
             github.com/ruipengliu/lerna/adapters/postgres/content.(*Store).LockVersion
             github.com/ruipengliu/lerna/domain/content.(*Service).registeredClosure.func1
             github.com/ruipengliu/lerna/domain/content.(*Service).registeredClosure.func1
             github.com/ruipengliu/lerna/domain/content.(*Service).registeredClosure
             github.com/ruipengliu/lerna/domain/content.(*Service).ReadForProcessing.func1
             github.com/ruipengliu/lerna/adapters/postgres/internal/pgstore.(*Core).Within
             github.com/ruipengliu/lerna/adapters/postgres/content.(*Store).Within
             github.com/ruipengliu/lerna/domain/content.(*Service).ReadForProcessing
             github.com/ruipengliu/lerna/conformance/internal/decisionfixture.claimDiagnosticContent.ReadForProcessing
             github.com/ruipengliu/lerna/adapters/content/decision.(*Adapter).read
             github.com/ruipengliu/lerna/adapters/content/decision.(*Adapter).ReadFixtureLock
             github.com/ruipengliu/lerna/conformance/internal/decisionfixture.claimDiagnosticSource.ReadFixtureLock
             github.com/ruipengliu/lerna/components/decision_engine.(*Service).calculate
             github.com/ruipengliu/lerna/components/decision_engine.(*Service).RunClaim
             github.com/ruipengliu/lerna/components/decision_engine.(*Service).Step
             github.com/ruipengliu/lerna/conformance/component_test.completeContextDecision.func1
             runtime/pprof.Do
             github.com/ruipengliu/lerna/conformance/component_test.completeContextDecision
             github.com/ruipengliu/lerna/conformance/component_test.TestContentContextReachableClosure64And65IncludesIntermediateVersions.func1
             testing.tRunner
-----------+-------------------------------------------------------
      case:  closure64
     phase:  decision_step
10000000ns   encoding/json/jsontext.(*decoderState).ReadToken
             encoding/json.(*Decoder).Token
             github.com/ruipengliu/lerna/contract/v1_2.parseValue
             github.com/ruipengliu/lerna/contract/v1_2.parseJSON
             github.com/ruipengliu/lerna/contract/v1_2.Encode[go.shape.struct { Owner github.com/ruipengliu/lerna/contract/gen/go/v1_2.OwnerRef "json:\"owner\""; ContentID github.com/ruipengliu/lerna/contract/gen/go/v1_2.ID "json:\"content_id\""; Version string "json:\"version\""; Hash string "json:\"hash\""; MediaType string "json:\"media_type\""; ByteLength github.com/ruipengliu/lerna/contract/gen/go/v1_2.Revision "json:\"byte_length\"" }]
             github.com/ruipengliu/lerna/domain/content.VersionIdentity
             github.com/ruipengliu/lerna/domain/content.(*Service).registeredClosure.func1
             github.com/ruipengliu/lerna/domain/content.(*Service).registeredClosure.func1
             github.com/ruipengliu/lerna/domain/content.(*Service).registeredClosure.func1
             github.com/ruipengliu/lerna/domain/content.(*Service).registeredClosure
             github.com/ruipengliu/lerna/domain/content.(*Service).ReadForProcessing.func1
             github.com/ruipengliu/lerna/adapters/postgres/internal/pgstore.(*Core).Within
             github.com/ruipengliu/lerna/adapters/postgres/content.(*Store).Within
             github.com/ruipengliu/lerna/domain/content.(*Service).ReadForProcessing
             github.com/ruipengliu/lerna/conformance/internal/decisionfixture.claimDiagnosticContent.ReadForProcessing
             github.com/ruipengliu/lerna/adapters/content/decision.(*Adapter).read
             github.com/ruipengliu/lerna/adapters/content/decision.(*Adapter).ReadFixtureLock
             github.com/ruipengliu/lerna/conformance/internal/decisionfixture.claimDiagnosticSource.ReadFixtureLock
             github.com/ruipengliu/lerna/components/decision_engine.(*Service).calculate
             github.com/ruipengliu/lerna/components/decision_engine.(*Service).RunClaim
             github.com/ruipengliu/lerna/components/decision_engine.(*Service).Step
             github.com/ruipengliu/lerna/conformance/component_test.completeContextDecision.func1
             runtime/pprof.Do
             github.com/ruipengliu/lerna/conformance/component_test.completeContextDecision
             github.com/ruipengliu/lerna/conformance/component_test.TestContentContextReachableClosure64And65IncludesIntermediateVersions.func1
             testing.tRunner
-----------+-------------------------------------------------------
      case:  closure64
     phase:  decision_step
10000000ns   encoding/json/jsontext.(*decoderState).ReadToken
             encoding/json.(*Decoder).Token
             github.com/ruipengliu/lerna/contract/v1_2.parseValue
             github.com/ruipengliu/lerna/contract/v1_2.parseValue
             github.com/ruipengliu/lerna/contract/v1_2.parseJSON
             github.com/ruipengliu/lerna/contract/v1_2.Encode[go.shape.struct { Owner github.com/ruipengliu/lerna/contract/gen/go/v1_2.OwnerRef "json:\"owner\""; ContentID github.com/ruipengliu/lerna/contract/gen/go/v1_2.ID "json:\"content_id\""; Version string "json:\"version\""; Hash string "json:\"hash\""; MediaType string "json:\"media_type\""; ByteLength github.com/ruipengliu/lerna/contract/gen/go/v1_2.Revision "json:\"byte_length\"" }]
             github.com/ruipengliu/lerna/domain/content.VersionIdentity
             github.com/ruipengliu/lerna/domain/content.sortRefs
             github.com/ruipengliu/lerna/domain/content.(*Service).registeredClosure.func1
             github.com/ruipengliu/lerna/domain/content.(*Service).registeredClosure.func1
             github.com/ruipengliu/lerna/domain/content.(*Service).registeredClosure
             github.com/ruipengliu/lerna/domain/content.(*Service).ReadForProcessing.func1
             github.com/ruipengliu/lerna/adapters/postgres/internal/pgstore.(*Core).Within
             github.com/ruipengliu/lerna/adapters/postgres/content.(*Store).Within
             github.com/ruipengliu/lerna/domain/content.(*Service).ReadForProcessing
             github.com/ruipengliu/lerna/conformance/internal/decisionfixture.claimDiagnosticContent.ReadForProcessing
             github.com/ruipengliu/lerna/adapters/content/decision.(*Adapter).read
             github.com/ruipengliu/lerna/adapters/content/decision.(*Adapter).ReadFixtureLock
             github.com/ruipengliu/lerna/conformance/internal/decisionfixture.claimDiagnosticSource.ReadFixtureLock
             github.com/ruipengliu/lerna/components/decision_engine.(*Service).calculate
             github.com/ruipengliu/lerna/components/decision_engine.(*Service).RunClaim
             github.com/ruipengliu/lerna/components/decision_engine.(*Service).Step
             github.com/ruipengliu/lerna/conformance/component_test.completeContextDecision.func1
             runtime/pprof.Do
             github.com/ruipengliu/lerna/conformance/component_test.completeContextDecision
             github.com/ruipengliu/lerna/conformance/component_test.TestContentContextReachableClosure64And65IncludesIntermediateVersions.func1
             testing.tRunner
-----------+-------------------------------------------------------
      case:  closure64
     phase:  decision_step
10000000ns   runtime.mallocgcSmallScanNoHeader
             runtime.mallocgc
             reflect.unsafe_New
             reflect.copyVal
             reflect.Value.MapIndex
             github.com/ruipengliu/lerna/contract/v1_2.wireValue
             github.com/ruipengliu/lerna/contract/v1_2.Validate
             github.com/ruipengliu/lerna/contract/v1_2.Encode[go.shape.struct { Owner github.com/ruipengliu/lerna/contract/gen/go/v1_2.OwnerRef "json:\"owner\""; ContentID github.com/ruipengliu/lerna/contract/gen/go/v1_2.ID "json:\"content_id\""; Version string "json:\"version\""; Hash string "json:\"hash\""; MediaType string "json:\"media_type\""; ByteLength github.com/ruipengliu/lerna/contract/gen/go/v1_2.Revision "json:\"byte_length\"" }]
             github.com/ruipengliu/lerna/domain/content.VersionIdentity
             github.com/ruipengliu/lerna/domain/content.sortRefs
             github.com/ruipengliu/lerna/domain/content.(*Service).registeredClosure.func1
             github.com/ruipengliu/lerna/domain/content.(*Service).registeredClosure.func1
             github.com/ruipengliu/lerna/domain/content.(*Service).registeredClosure.func1
             github.com/ruipengliu/lerna/domain/content.(*Service).registeredClosure
             github.com/ruipengliu/lerna/domain/content.(*Service).ReadForProcessing.func1
             github.com/ruipengliu/lerna/adapters/postgres/internal/pgstore.(*Core).Within
             github.com/ruipengliu/lerna/adapters/postgres/content.(*Store).Within
             github.com/ruipengliu/lerna/domain/content.(*Service).ReadForProcessing
             github.com/ruipengliu/lerna/conformance/internal/decisionfixture.claimDiagnosticContent.ReadForProcessing
             github.com/ruipengliu/lerna/adapters/content/decision.(*Adapter).read
             github.com/ruipengliu/lerna/adapters/content/decision.(*Adapter).ReadFixtureLock
             github.com/ruipengliu/lerna/conformance/internal/decisionfixture.claimDiagnosticSource.ReadFixtureLock
             github.com/ruipengliu/lerna/components/decision_engine.(*Service).calculate
             github.com/ruipengliu/lerna/components/decision_engine.(*Service).RunClaim
             github.com/ruipengliu/lerna/components/decision_engine.(*Service).Step
             github.com/ruipengliu/lerna/conformance/component_test.completeContextDecision.func1
             runtime/pprof.Do
             github.com/ruipengliu/lerna/conformance/component_test.completeContextDecision
             github.com/ruipengliu/lerna/conformance/component_test.TestContentContextReachableClosure64And65IncludesIntermediateVersions.func1
             testing.tRunner
-----------+-------------------------------------------------------
      case:  closure64
     phase:  decision_step
10000000ns   unicode/utf8.Valid
             github.com/ruipengliu/lerna/contract/v1_2.parseJSON
             github.com/ruipengliu/lerna/contract/v1_2.Encode[go.shape.struct { Owner github.com/ruipengliu/lerna/contract/gen/go/v1_2.OwnerRef "json:\"owner\""; ContentID github.com/ruipengliu/lerna/contract/gen/go/v1_2.ID "json:\"content_id\""; Version string "json:\"version\""; Hash string "json:\"hash\""; MediaType string "json:\"media_type\""; ByteLength github.com/ruipengliu/lerna/contract/gen/go/v1_2.Revision "json:\"byte_length\"" }]
             github.com/ruipengliu/lerna/domain/content.VersionIdentity
             github.com/ruipengliu/lerna/domain/content.(*Service).registeredClosure.func1
             github.com/ruipengliu/lerna/domain/content.(*Service).registeredClosure.func1
             github.com/ruipengliu/lerna/domain/content.(*Service).registeredClosure.func1
             github.com/ruipengliu/lerna/domain/content.(*Service).registeredClosure.func1
             github.com/ruipengliu/lerna/domain/content.(*Service).registeredClosure
             github.com/ruipengliu/lerna/domain/content.(*Service).ReadForProcessing.func1
             github.com/ruipengliu/lerna/adapters/postgres/internal/pgstore.(*Core).Within
             github.com/ruipengliu/lerna/adapters/postgres/content.(*Store).Within
             github.com/ruipengliu/lerna/domain/content.(*Service).ReadForProcessing
             github.com/ruipengliu/lerna/conformance/internal/decisionfixture.claimDiagnosticContent.ReadForProcessing
             github.com/ruipengliu/lerna/adapters/content/decision.(*Adapter).read
             github.com/ruipengliu/lerna/adapters/content/decision.(*Adapter).ReadFixtureLock
             github.com/ruipengliu/lerna/conformance/internal/decisionfixture.claimDiagnosticSource.ReadFixtureLock
             github.com/ruipengliu/lerna/components/decision_engine.(*Service).calculate
             github.com/ruipengliu/lerna/components/decision_engine.(*Service).RunClaim
             github.com/ruipengliu/lerna/components/decision_engine.(*Service).Step
             github.com/ruipengliu/lerna/conformance/component_test.completeContextDecision.func1
             runtime/pprof.Do
             github.com/ruipengliu/lerna/conformance/component_test.completeContextDecision
             github.com/ruipengliu/lerna/conformance/component_test.TestContentContextReachableClosure64And65IncludesIntermediateVersions.func1
             testing.tRunner
-----------+-------------------------------------------------------
      case:  closure64
     phase:  decision_step
10000000ns   runtime.newobject
             encoding/json/jsontext.init.func4
             sync.(*Pool).Get
             encoding/json/jsontext.getBufferedDecoder
             encoding/json/v2.Unmarshal
             github.com/ruipengliu/lerna/adapters/postgres/content.(*Store).LockVersion
             github.com/ruipengliu/lerna/domain/content.(*Service).registeredClosure.func1
             github.com/ruipengliu/lerna/domain/content.(*Service).registeredClosure.func1
             github.com/ruipengliu/lerna/domain/content.(*Service).registeredClosure.func1
             github.com/ruipengliu/lerna/domain/content.(*Service).registeredClosure
             github.com/ruipengliu/lerna/domain/content.(*Service).ReadForProcessing.func1
             github.com/ruipengliu/lerna/adapters/postgres/internal/pgstore.(*Core).Within
             github.com/ruipengliu/lerna/adapters/postgres/content.(*Store).Within
             github.com/ruipengliu/lerna/domain/content.(*Service).ReadForProcessing
             github.com/ruipengliu/lerna/conformance/internal/decisionfixture.claimDiagnosticContent.ReadForProcessing
             github.com/ruipengliu/lerna/adapters/content/decision.(*Adapter).read
             github.com/ruipengliu/lerna/adapters/content/decision.(*Adapter).ReadFixtureLock
             github.com/ruipengliu/lerna/conformance/internal/decisionfixture.claimDiagnosticSource.ReadFixtureLock
             github.com/ruipengliu/lerna/components/decision_engine.(*Service).calculate
             github.com/ruipengliu/lerna/components/decision_engine.(*Service).RunClaim
             github.com/ruipengliu/lerna/components/decision_engine.(*Service).Step
             github.com/ruipengliu/lerna/conformance/component_test.completeContextDecision.func1
             runtime/pprof.Do
             github.com/ruipengliu/lerna/conformance/component_test.completeContextDecision
             github.com/ruipengliu/lerna/conformance/component_test.TestContentContextReachableClosure64And65IncludesIntermediateVersions.func1
             testing.tRunner
-----------+-------------------------------------------------------
      case:  closure64
     phase:  decision_step
10000000ns   github.com/santhosh-tekuri/jsonschema/v6.(*validator).objValidate
             github.com/santhosh-tekuri/jsonschema/v6.(*validator).validate
             github.com/santhosh-tekuri/jsonschema/v6.(*Schema).validate
             github.com/ruipengliu/lerna/contract/v1_2.Validate
             github.com/ruipengliu/lerna/contract/v1_2.Encode[go.shape.struct { Owner github.com/ruipengliu/lerna/contract/gen/go/v1_2.OwnerRef "json:\"owner\""; ContentID github.com/ruipengliu/lerna/contract/gen/go/v1_2.ID "json:\"content_id\""; Version string "json:\"version\""; Hash string "json:\"hash\""; MediaType string "json:\"media_type\""; ByteLength github.com/ruipengliu/lerna/contract/gen/go/v1_2.Revision "json:\"byte_length\"" }]
             github.com/ruipengliu/lerna/domain/content.VersionIdentity
             github.com/ruipengliu/lerna/adapters/postgres/content.(*Store).LockVersion
             github.com/ruipengliu/lerna/domain/content.(*Service).registeredClosure.func1
             github.com/ruipengliu/lerna/domain/content.(*Service).registeredClosure.func1
             github.com/ruipengliu/lerna/domain/content.(*Service).registeredClosure.func1
             github.com/ruipengliu/lerna/domain/content.(*Service).registeredClosure
             github.com/ruipengliu/lerna/domain/content.(*Service).ReadForProcessing.func1
             github.com/ruipengliu/lerna/adapters/postgres/internal/pgstore.(*Core).Within
             github.com/ruipengliu/lerna/adapters/postgres/content.(*Store).Within
             github.com/ruipengliu/lerna/domain/content.(*Service).ReadForProcessing
             github.com/ruipengliu/lerna/conformance/internal/decisionfixture.claimDiagnosticContent.ReadForProcessing
             github.com/ruipengliu/lerna/adapters/content/decision.(*Adapter).read
             github.com/ruipengliu/lerna/adapters/content/decision.(*Adapter).ReadFixtureLock
             github.com/ruipengliu/lerna/conformance/internal/decisionfixture.claimDiagnosticSource.ReadFixtureLock
             github.com/ruipengliu/lerna/components/decision_engine.(*Service).calculate
             github.com/ruipengliu/lerna/components/decision_engine.(*Service).RunClaim
             github.com/ruipengliu/lerna/components/decision_engine.(*Service).Step
             github.com/ruipengliu/lerna/conformance/component_test.completeContextDecision.func1
             runtime/pprof.Do
             github.com/ruipengliu/lerna/conformance/component_test.completeContextDecision
             github.com/ruipengliu/lerna/conformance/component_test.TestContentContextReachableClosure64And65IncludesIntermediateVersions.func1
             testing.tRunner
-----------+-------------------------------------------------------
      case:  closure64
     phase:  decision_step
10000000ns   runtime.(*mspan).writeHeapBitsSmall
             runtime.mallocgcSmallScanNoHeader
             runtime.mallocgc
             reflect.unsafe_New
             reflect.copyVal
             reflect.Value.MapIndex
             github.com/ruipengliu/lerna/contract/v1_2.wireValue
             github.com/ruipengliu/lerna/contract/v1_2.Validate
             github.com/ruipengliu/lerna/contract/v1_2.Encode[go.shape.struct { Owner github.com/ruipengliu/lerna/contract/gen/go/v1_2.OwnerRef "json:\"owner\""; ContentID github.com/ruipengliu/lerna/contract/gen/go/v1_2.ID "json:\"content_id\""; Version string "json:\"version\""; Hash string "json:\"hash\""; MediaType string "json:\"media_type\""; ByteLength github.com/ruipengliu/lerna/contract/gen/go/v1_2.Revision "json:\"byte_length\"" }]
             github.com/ruipengliu/lerna/domain/content.VersionIdentity
             github.com/ruipengliu/lerna/domain/content.sortRefs
             github.com/ruipengliu/lerna/domain/content.(*Service).registeredClosure.func1
             github.com/ruipengliu/lerna/domain/content.(*Service).registeredClosure.func1
             github.com/ruipengliu/lerna/domain/content.(*Service).registeredClosure.func1
             github.com/ruipengliu/lerna/domain/content.(*Service).registeredClosure
             github.com/ruipengliu/lerna/domain/content.(*Service).ReadForProcessing.func1
             github.com/ruipengliu/lerna/adapters/postgres/internal/pgstore.(*Core).Within
             github.com/ruipengliu/lerna/adapters/postgres/content.(*Store).Within
             github.com/ruipengliu/lerna/domain/content.(*Service).ReadForProcessing
             github.com/ruipengliu/lerna/conformance/internal/decisionfixture.claimDiagnosticContent.ReadForProcessing
             github.com/ruipengliu/lerna/adapters/content/decision.(*Adapter).read
             github.com/ruipengliu/lerna/adapters/content/decision.(*Adapter).ReadFixtureLock
             github.com/ruipengliu/lerna/conformance/internal/decisionfixture.claimDiagnosticSource.ReadFixtureLock
             github.com/ruipengliu/lerna/components/decision_engine.(*Service).calculate
             github.com/ruipengliu/lerna/components/decision_engine.(*Service).RunClaim
             github.com/ruipengliu/lerna/components/decision_engine.(*Service).Step
             github.com/ruipengliu/lerna/conformance/component_test.completeContextDecision.func1
             runtime/pprof.Do
             github.com/ruipengliu/lerna/conformance/component_test.completeContextDecision
             github.com/ruipengliu/lerna/conformance/component_test.TestContentContextReachableClosure64And65IncludesIntermediateVersions.func1
             testing.tRunner
-----------+-------------------------------------------------------
      case:  closure64
     phase:  decision_step
10000000ns   internal/abi.Name.Name
             reflect.implements
             reflect.(*rtype).Implements
             github.com/jackc/pgx/v5/stdlib.isSQLScanDestination
             github.com/jackc/pgx/v5/stdlib.(*Rows).ScanColumn
             database/sql.(*Rows).scanLocked
             database/sql.(*Rows).Scan
             database/sql.(*Row).Scan
             github.com/ruipengliu/lerna/adapters/postgres/internal/pgstore.(*Core).Now
             github.com/ruipengliu/lerna/adapters/postgres/content.(*Store).Now
             github.com/ruipengliu/lerna/domain/content.(*Service).registeredClosure.func1
             github.com/ruipengliu/lerna/domain/content.(*Service).registeredClosure.func1
             github.com/ruipengliu/lerna/domain/content.(*Service).registeredClosure.func1
             github.com/ruipengliu/lerna/domain/content.(*Service).registeredClosure
             github.com/ruipengliu/lerna/domain/content.(*Service).ReadForProcessing.func1
             github.com/ruipengliu/lerna/adapters/postgres/internal/pgstore.(*Core).Within
             github.com/ruipengliu/lerna/adapters/postgres/content.(*Store).Within
             github.com/ruipengliu/lerna/domain/content.(*Service).ReadForProcessing
             github.com/ruipengliu/lerna/conformance/internal/decisionfixture.claimDiagnosticContent.ReadForProcessing
             github.com/ruipengliu/lerna/adapters/content/decision.(*Adapter).read
             github.com/ruipengliu/lerna/adapters/content/decision.(*Adapter).ReadFixtureLock
             github.com/ruipengliu/lerna/conformance/internal/decisionfixture.claimDiagnosticSource.ReadFixtureLock
             github.com/ruipengliu/lerna/components/decision_engine.(*Service).calculate
             github.com/ruipengliu/lerna/components/decision_engine.(*Service).RunClaim
             github.com/ruipengliu/lerna/components/decision_engine.(*Service).Step
             github.com/ruipengliu/lerna/conformance/component_test.completeContextDecision.func1
             runtime/pprof.Do
             github.com/ruipengliu/lerna/conformance/component_test.completeContextDecision
             github.com/ruipengliu/lerna/conformance/component_test.TestContentContextReachableClosure64And65IncludesIntermediateVersions.func1
             testing.tRunner
-----------+-------------------------------------------------------
      case:  closure64
     phase:  decision_step
10000000ns   runtime.raceread
             encoding/json/v2.makeStructArshaler.func2
             encoding/json/v2.marshalEncode
             encoding/json/v2.Marshal
             github.com/ruipengliu/lerna/contract/v1_2.Encode[go.shape.struct { Owner github.com/ruipengliu/lerna/contract/gen/go/v1_2.OwnerRef "json:\"owner\""; ContentID github.com/ruipengliu/lerna/contract/gen/go/v1_2.ID "json:\"content_id\""; Version string "json:\"version\""; Hash string "json:\"hash\""; MediaType string "json:\"media_type\""; ByteLength github.com/ruipengliu/lerna/contract/gen/go/v1_2.Revision "json:\"byte_length\"" }]
             github.com/ruipengliu/lerna/domain/content.VersionIdentity
             github.com/ruipengliu/lerna/domain/content.(*Service).registeredClosure.func1
             github.com/ruipengliu/lerna/domain/content.(*Service).registeredClosure.func1
             github.com/ruipengliu/lerna/domain/content.(*Service).registeredClosure.func1
             github.com/ruipengliu/lerna/domain/content.(*Service).registeredClosure.func1
             github.com/ruipengliu/lerna/domain/content.(*Service).registeredClosure
             github.com/ruipengliu/lerna/domain/content.(*Service).ReadForProcessing.func1
             github.com/ruipengliu/lerna/adapters/postgres/internal/pgstore.(*Core).Within
             github.com/ruipengliu/lerna/adapters/postgres/content.(*Store).Within
             github.com/ruipengliu/lerna/domain/content.(*Service).ReadForProcessing
             github.com/ruipengliu/lerna/conformance/internal/decisionfixture.claimDiagnosticContent.ReadForProcessing
             github.com/ruipengliu/lerna/adapters/content/decision.(*Adapter).read
             github.com/ruipengliu/lerna/adapters/content/decision.(*Adapter).ReadFixtureLock
             github.com/ruipengliu/lerna/conformance/internal/decisionfixture.claimDiagnosticSource.ReadFixtureLock
             github.com/ruipengliu/lerna/components/decision_engine.(*Service).calculate
             github.com/ruipengliu/lerna/components/decision_engine.(*Service).RunClaim
             github.com/ruipengliu/lerna/components/decision_engine.(*Service).Step
             github.com/ruipengliu/lerna/conformance/component_test.completeContextDecision.func1
             runtime/pprof.Do
             github.com/ruipengliu/lerna/conformance/component_test.completeContextDecision
             github.com/ruipengliu/lerna/conformance/component_test.TestContentContextReachableClosure64And65IncludesIntermediateVersions.func1
             testing.tRunner
-----------+-------------------------------------------------------
      case:  closure64
     phase:  decision_step
10000000ns   reflect.implements
             reflect.(*rtype).Implements
             github.com/jackc/pgx/v5/stdlib.isSQLScanDestination
             github.com/jackc/pgx/v5/stdlib.(*Rows).ScanColumn
             database/sql.(*Rows).scanLocked
             database/sql.(*Rows).Scan
             database/sql.(*Row).Scan
             github.com/ruipengliu/lerna/adapters/postgres/content.(*Store).CheckPolicy
             github.com/ruipengliu/lerna/domain/content.(*Service).registeredClosure.func1
             github.com/ruipengliu/lerna/domain/content.(*Service).registeredClosure.func1
             github.com/ruipengliu/lerna/domain/content.(*Service).registeredClosure.func1
             github.com/ruipengliu/lerna/domain/content.(*Service).registeredClosure.func1
             github.com/ruipengliu/lerna/domain/content.(*Service).registeredClosure
             github.com/ruipengliu/lerna/domain/content.(*Service).ReadForProcessing.func1
             github.com/ruipengliu/lerna/adapters/postgres/internal/pgstore.(*Core).Within
             github.com/ruipengliu/lerna/adapters/postgres/content.(*Store).Within
             github.com/ruipengliu/lerna/domain/content.(*Service).ReadForProcessing
             github.com/ruipengliu/lerna/conformance/internal/decisionfixture.claimDiagnosticContent.ReadForProcessing
             github.com/ruipengliu/lerna/adapters/content/decision.(*Adapter).read
             github.com/ruipengliu/lerna/adapters/content/decision.(*Adapter).ReadFixtureLock
             github.com/ruipengliu/lerna/conformance/internal/decisionfixture.claimDiagnosticSource.ReadFixtureLock
             github.com/ruipengliu/lerna/components/decision_engine.(*Service).calculate
             github.com/ruipengliu/lerna/components/decision_engine.(*Service).RunClaim
             github.com/ruipengliu/lerna/components/decision_engine.(*Service).Step
             github.com/ruipengliu/lerna/conformance/component_test.completeContextDecision.func1
             runtime/pprof.Do
             github.com/ruipengliu/lerna/conformance/component_test.completeContextDecision
             github.com/ruipengliu/lerna/conformance/component_test.TestContentContextReachableClosure64And65IncludesIntermediateVersions.func1
             testing.tRunner
-----------+-------------------------------------------------------
      case:  closure64
     phase:  decision_step
10000000ns   internal/runtime/syscall/linux.Syscall6
             syscall.RawSyscall6
             syscall.Syscall
             syscall.write
             syscall.Write
             internal/poll.(*FD).Write
             net.(*netFD).Write
             net.(*conn).Write
             github.com/jackc/pgx/v5/pgproto3.(*Frontend).Flush
             github.com/jackc/pgx/v5/pgconn.(*PgConn).flushWithPotentialWriteReadDeadlock
             github.com/jackc/pgx/v5/pgconn.(*PgConn).execExtendedSuffix
             github.com/jackc/pgx/v5/pgconn.(*PgConn).ExecStatement
             github.com/jackc/pgx/v5.(*Conn).Query
             github.com/jackc/pgx/v5/stdlib.(*Conn).QueryContext
             database/sql.ctxDriverQuery
             database/sql.(*DB).queryDC.func1
             database/sql.withLock
             database/sql.(*DB).queryDC
             database/sql.(*Tx).QueryContext
             github.com/ruipengliu/lerna/adapters/postgres/content.(*Store).LockVersion
             github.com/ruipengliu/lerna/domain/content.(*Service).registeredClosure.func1
             github.com/ruipengliu/lerna/domain/content.(*Service).registeredClosure
             github.com/ruipengliu/lerna/domain/content.(*Service).ReadForProcessing.func1
             github.com/ruipengliu/lerna/adapters/postgres/internal/pgstore.(*Core).Within
             github.com/ruipengliu/lerna/adapters/postgres/content.(*Store).Within
             github.com/ruipengliu/lerna/domain/content.(*Service).ReadForProcessing
             github.com/ruipengliu/lerna/conformance/internal/decisionfixture.claimDiagnosticContent.ReadForProcessing
             github.com/ruipengliu/lerna/adapters/content/decision.(*Adapter).read
             github.com/ruipengliu/lerna/adapters/content/decision.(*Adapter).ReadFixtureLock
             github.com/ruipengliu/lerna/conformance/internal/decisionfixture.claimDiagnosticSource.ReadFixtureLock
             github.com/ruipengliu/lerna/components/decision_engine.(*Service).calculate
             github.com/ruipengliu/lerna/components/decision_engine.(*Service).RunClaim
             github.com/ruipengliu/lerna/components/decision_engine.(*Service).Step
             github.com/ruipengliu/lerna/conformance/component_test.completeContextDecision.func1
             runtime/pprof.Do
             github.com/ruipengliu/lerna/conformance/component_test.completeContextDecision
             github.com/ruipengliu/lerna/conformance/component_test.TestContentContextReachableClosure64And65IncludesIntermediateVersions.func1
             testing.tRunner
-----------+-------------------------------------------------------
      case:  closure64
     phase:  decision_step
10000000ns   reflect.Value.SetString
             encoding/json/v2.makeStringArshaler.func2
             encoding/json/v2.makeStructArshaler.func3
             encoding/json/v2.makeStructArshaler.func3
             encoding/json/v2.makeStructArshaler.func3
             encoding/json/v2.unmarshalDecode
             encoding/json/v2.Unmarshal
             github.com/ruipengliu/lerna/adapters/postgres/content.(*Store).LockVersion
             github.com/ruipengliu/lerna/domain/content.(*Service).registeredClosure.func1
             github.com/ruipengliu/lerna/domain/content.(*Service).registeredClosure.func1
             github.com/ruipengliu/lerna/domain/content.(*Service).registeredClosure
             github.com/ruipengliu/lerna/domain/content.(*Service).ReadForProcessing.func1
             github.com/ruipengliu/lerna/adapters/postgres/internal/pgstore.(*Core).Within
             github.com/ruipengliu/lerna/adapters/postgres/content.(*Store).Within
             github.com/ruipengliu/lerna/domain/content.(*Service).ReadForProcessing
             github.com/ruipengliu/lerna/conformance/internal/decisionfixture.claimDiagnosticContent.ReadForProcessing
             github.com/ruipengliu/lerna/adapters/content/decision.(*Adapter).read
             github.com/ruipengliu/lerna/adapters/content/decision.(*Adapter).ReadFixtureLock
             github.com/ruipengliu/lerna/conformance/internal/decisionfixture.claimDiagnosticSource.ReadFixtureLock
             github.com/ruipengliu/lerna/components/decision_engine.(*Service).calculate
             github.com/ruipengliu/lerna/components/decision_engine.(*Service).RunClaim
             github.com/ruipengliu/lerna/components/decision_engine.(*Service).Step
             github.com/ruipengliu/lerna/conformance/component_test.completeContextDecision.func1
             runtime/pprof.Do
             github.com/ruipengliu/lerna/conformance/component_test.completeContextDecision
             github.com/ruipengliu/lerna/conformance/component_test.TestContentContextReachableClosure64And65IncludesIntermediateVersions.func1
             testing.tRunner
-----------+-------------------------------------------------------
      case:  closure64
     phase:  decision_step
10000000ns   reflect.implements
             reflect.(*rtype).Implements
             github.com/jackc/pgx/v5/stdlib.isSQLScanDestination
             github.com/jackc/pgx/v5/stdlib.(*Rows).ScanColumn
             database/sql.(*Rows).scanLocked
             database/sql.(*Rows).Scan
             database/sql.(*Row).Scan
             github.com/ruipengliu/lerna/adapters/postgres/internal/pgstore.(*Core).Now
             github.com/ruipengliu/lerna/adapters/postgres/content.(*Store).Now
             github.com/ruipengliu/lerna/domain/content.(*Service).registeredClosure.func1
             github.com/ruipengliu/lerna/domain/content.(*Service).registeredClosure.func1
             github.com/ruipengliu/lerna/domain/content.(*Service).registeredClosure
             github.com/ruipengliu/lerna/domain/content.(*Service).ReadForProcessing.func1
             github.com/ruipengliu/lerna/adapters/postgres/internal/pgstore.(*Core).Within
             github.com/ruipengliu/lerna/adapters/postgres/content.(*Store).Within
             github.com/ruipengliu/lerna/domain/content.(*Service).ReadForProcessing
             github.com/ruipengliu/lerna/conformance/internal/decisionfixture.claimDiagnosticContent.ReadForProcessing
             github.com/ruipengliu/lerna/adapters/content/decision.(*Adapter).read
             github.com/ruipengliu/lerna/adapters/content/decision.(*Adapter).ReadFixtureLock
             github.com/ruipengliu/lerna/conformance/internal/decisionfixture.claimDiagnosticSource.ReadFixtureLock
             github.com/ruipengliu/lerna/components/decision_engine.(*Service).calculate
             github.com/ruipengliu/lerna/components/decision_engine.(*Service).RunClaim
             github.com/ruipengliu/lerna/components/decision_engine.(*Service).Step
             github.com/ruipengliu/lerna/conformance/component_test.completeContextDecision.func1
             runtime/pprof.Do
             github.com/ruipengliu/lerna/conformance/component_test.completeContextDecision
             github.com/ruipengliu/lerna/conformance/component_test.TestContentContextReachableClosure64And65IncludesIntermediateVersions.func1
             testing.tRunner
-----------+-------------------------------------------------------
      case:  closure64
     phase:  decision_step
10000000ns   unicode/utf8.ValidString
             github.com/ruipengliu/lerna/contract/v1_2.wireValue
             github.com/ruipengliu/lerna/contract/v1_2.wireValue
             github.com/ruipengliu/lerna/contract/v1_2.Validate
             github.com/ruipengliu/lerna/contract/v1_2.Encode[go.shape.struct { Owner github.com/ruipengliu/lerna/contract/gen/go/v1_2.OwnerRef "json:\"owner\""; ContentID github.com/ruipengliu/lerna/contract/gen/go/v1_2.ID "json:\"content_id\""; Version string "json:\"version\""; Hash string "json:\"hash\""; MediaType string "json:\"media_type\""; ByteLength github.com/ruipengliu/lerna/contract/gen/go/v1_2.Revision "json:\"byte_length\"" }]
             github.com/ruipengliu/lerna/domain/content.VersionIdentity
             github.com/ruipengliu/lerna/adapters/postgres/content.(*Store).LockVersion
             github.com/ruipengliu/lerna/domain/content.(*Service).registeredClosure.func1
             github.com/ruipengliu/lerna/domain/content.(*Service).registeredClosure.func1
             github.com/ruipengliu/lerna/domain/content.(*Service).registeredClosure
             github.com/ruipengliu/lerna/domain/content.(*Service).ReadForProcessing.func1
             github.com/ruipengliu/lerna/adapters/postgres/internal/pgstore.(*Core).Within
             github.com/ruipengliu/lerna/adapters/postgres/content.(*Store).Within
             github.com/ruipengliu/lerna/domain/content.(*Service).ReadForProcessing
             github.com/ruipengliu/lerna/conformance/internal/decisionfixture.claimDiagnosticContent.ReadForProcessing
             github.com/ruipengliu/lerna/adapters/content/decision.(*Adapter).read
             github.com/ruipengliu/lerna/adapters/content/decision.(*Adapter).ReadFixtureLock
             github.com/ruipengliu/lerna/conformance/internal/decisionfixture.claimDiagnosticSource.ReadFixtureLock
             github.com/ruipengliu/lerna/components/decision_engine.(*Service).calculate
             github.com/ruipengliu/lerna/components/decision_engine.(*Service).RunClaim
             github.com/ruipengliu/lerna/components/decision_engine.(*Service).Step
             github.com/ruipengliu/lerna/conformance/component_test.completeContextDecision.func1
             runtime/pprof.Do
             github.com/ruipengliu/lerna/conformance/component_test.completeContextDecision
             github.com/ruipengliu/lerna/conformance/component_test.TestContentContextReachableClosure64And65IncludesIntermediateVersions.func1
             testing.tRunner
-----------+-------------------------------------------------------
      case:  closure64
     phase:  decision_step
10000000ns   runtime.newobject
             context.WithCancel
             database/sql.(*Rows).initContextClose
             database/sql.(*DB).queryDC
             database/sql.(*Tx).QueryContext
             github.com/ruipengliu/lerna/adapters/postgres/internal/pgstore.(*Core).Now
             github.com/ruipengliu/lerna/adapters/postgres/content.(*Store).Now
             github.com/ruipengliu/lerna/domain/content.(*Service).registeredClosure.func1
             github.com/ruipengliu/lerna/domain/content.(*Service).registeredClosure.func1
             github.com/ruipengliu/lerna/domain/content.(*Service).registeredClosure
             github.com/ruipengliu/lerna/domain/content.(*Service).ReadForProcessing.func1
             github.com/ruipengliu/lerna/adapters/postgres/internal/pgstore.(*Core).Within
             github.com/ruipengliu/lerna/adapters/postgres/content.(*Store).Within
             github.com/ruipengliu/lerna/domain/content.(*Service).ReadForProcessing
             github.com/ruipengliu/lerna/conformance/internal/decisionfixture.claimDiagnosticContent.ReadForProcessing
             github.com/ruipengliu/lerna/adapters/content/decision.(*Adapter).read
             github.com/ruipengliu/lerna/adapters/content/decision.(*Adapter).ReadFixtureLock
             github.com/ruipengliu/lerna/conformance/internal/decisionfixture.claimDiagnosticSource.ReadFixtureLock
             github.com/ruipengliu/lerna/components/decision_engine.(*Service).calculate
             github.com/ruipengliu/lerna/components/decision_engine.(*Service).RunClaim
             github.com/ruipengliu/lerna/components/decision_engine.(*Service).Step
             github.com/ruipengliu/lerna/conformance/component_test.completeContextDecision.func1
             runtime/pprof.Do
             github.com/ruipengliu/lerna/conformance/component_test.completeContextDecision
             github.com/ruipengliu/lerna/conformance/component_test.TestContentContextReachableClosure64And65IncludesIntermediateVersions.func1
             testing.tRunner
-----------+-------------------------------------------------------
      case:  closure64
     phase:  decision_step
10000000ns   github.com/jackc/pgx/v5.(*ExtendedQueryBuilder).Build
             github.com/jackc/pgx/v5.(*Conn).Query
             github.com/jackc/pgx/v5/stdlib.(*Conn).QueryContext
             database/sql.ctxDriverQuery
             database/sql.(*DB).queryDC.func1
             database/sql.withLock
             database/sql.(*DB).queryDC
             database/sql.(*Tx).QueryContext
             github.com/ruipengliu/lerna/adapters/postgres/content.(*Store).CheckPolicy
             github.com/ruipengliu/lerna/domain/content.(*Service).registeredClosure.func1
             github.com/ruipengliu/lerna/domain/content.(*Service).registeredClosure.func1
             github.com/ruipengliu/lerna/domain/content.(*Service).registeredClosure.func1
             github.com/ruipengliu/lerna/domain/content.(*Service).registeredClosure
             github.com/ruipengliu/lerna/domain/content.(*Service).ReadForProcessing.func1
             github.com/ruipengliu/lerna/adapters/postgres/internal/pgstore.(*Core).Within
             github.com/ruipengliu/lerna/adapters/postgres/content.(*Store).Within
             github.com/ruipengliu/lerna/domain/content.(*Service).ReadForProcessing
             github.com/ruipengliu/lerna/conformance/internal/decisionfixture.claimDiagnosticContent.ReadForProcessing
             github.com/ruipengliu/lerna/adapters/content/decision.(*Adapter).read
             github.com/ruipengliu/lerna/adapters/content/decision.(*Adapter).ReadFixtureLock
             github.com/ruipengliu/lerna/conformance/internal/decisionfixture.claimDiagnosticSource.ReadFixtureLock
             github.com/ruipengliu/lerna/components/decision_engine.(*Service).calculate
             github.com/ruipengliu/lerna/components/decision_engine.(*Service).RunClaim
             github.com/ruipengliu/lerna/components/decision_engine.(*Service).Step
             github.com/ruipengliu/lerna/conformance/component_test.completeContextDecision.func1
             runtime/pprof.Do
             github.com/ruipengliu/lerna/conformance/component_test.completeContextDecision
             github.com/ruipengliu/lerna/conformance/component_test.TestContentContextReachableClosure64And65IncludesIntermediateVersions.func1
             testing.tRunner
-----------+-------------------------------------------------------
      case:  closure64
     phase:  decision_step
10000000ns   runtime.futex
             runtime.futexwakeup
             runtime.notewakeup
             runtime.startm
             runtime.wakep
             runtime.wakeNetPoller
             runtime.(*timer).maybeAdd
             runtime.(*timer).modify
             time.resetTimer
             time.(*Timer).Reset
             github.com/jackc/pgx/v5/pgconn.(*PgConn).flushWithPotentialWriteReadDeadlock
             github.com/jackc/pgx/v5/pgconn.(*PgConn).Exec
             github.com/jackc/pgx/v5.(*Conn).execSimpleProtocol
             github.com/jackc/pgx/v5.(*Conn).exec
             github.com/jackc/pgx/v5.(*Conn).Exec
             github.com/jackc/pgx/v5.(*Conn).BeginTx
             github.com/jackc/pgx/v5/stdlib.(*Conn).BeginTx
             database/sql.ctxDriverBegin
             database/sql.(*DB).beginDC.func1
             database/sql.withLock
             database/sql.(*DB).beginDC
             database/sql.(*DB).begin
             database/sql.(*DB).BeginTx.func1
             database/sql.(*DB).retry
             database/sql.(*DB).BeginTx
             github.com/ruipengliu/lerna/adapters/postgres/internal/pgstore.(*Core).Within
             github.com/ruipengliu/lerna/adapters/postgres/content.(*Store).Within
             github.com/ruipengliu/lerna/domain/content.(*Service).ReadForProcessing
             github.com/ruipengliu/lerna/conformance/internal/decisionfixture.claimDiagnosticContent.ReadForProcessing
             github.com/ruipengliu/lerna/adapters/content/decision.(*Adapter).read
             github.com/ruipengliu/lerna/adapters/content/decision.(*Adapter).ReadFixtureLock
             github.com/ruipengliu/lerna/conformance/internal/decisionfixture.claimDiagnosticSource.ReadFixtureLock
             github.com/ruipengliu/lerna/components/decision_engine.(*Service).calculate
             github.com/ruipengliu/lerna/components/decision_engine.(*Service).RunClaim
             github.com/ruipengliu/lerna/components/decision_engine.(*Service).Step
             github.com/ruipengliu/lerna/conformance/component_test.completeContextDecision.func1
             runtime/pprof.Do
             github.com/ruipengliu/lerna/conformance/component_test.completeContextDecision
             github.com/ruipengliu/lerna/conformance/component_test.TestContentContextReachableClosure64And65IncludesIntermediateVersions.func1
             testing.tRunner
-----------+-------------------------------------------------------
      case:  closure64
     phase:  decision_step
10000000ns   regexp/syntax.(*Inst).MatchRunePos
             regexp.(*Regexp).doOnePass
             regexp.(*Regexp).find
             regexp.(*Regexp).MatchString
             github.com/santhosh-tekuri/jsonschema/v6.(*validator).strValidate
             github.com/santhosh-tekuri/jsonschema/v6.(*validator).validate
             github.com/santhosh-tekuri/jsonschema/v6.(*validator).validateVal
             github.com/santhosh-tekuri/jsonschema/v6.(*validator).objValidate
             github.com/santhosh-tekuri/jsonschema/v6.(*validator).validate
             github.com/santhosh-tekuri/jsonschema/v6.(*Schema).validate
             github.com/ruipengliu/lerna/contract/v1_2.Validate
             github.com/ruipengliu/lerna/contract/v1_2.Encode[go.shape.struct { Owner github.com/ruipengliu/lerna/contract/gen/go/v1_2.OwnerRef "json:\"owner\""; ContentID github.com/ruipengliu/lerna/contract/gen/go/v1_2.ID "json:\"content_id\""; Version string "json:\"version\""; Hash string "json:\"hash\""; MediaType string "json:\"media_type\""; ByteLength github.com/ruipengliu/lerna/contract/gen/go/v1_2.Revision "json:\"byte_length\"" }]
             github.com/ruipengliu/lerna/domain/content.VersionIdentity
             github.com/ruipengliu/lerna/domain/content.sortRefs
             github.com/ruipengliu/lerna/domain/content.(*Service).registeredClosure
             github.com/ruipengliu/lerna/domain/content.(*Service).ReadForProcessing.func1
             github.com/ruipengliu/lerna/adapters/postgres/internal/pgstore.(*Core).Within
             github.com/ruipengliu/lerna/adapters/postgres/content.(*Store).Within
             github.com/ruipengliu/lerna/domain/content.(*Service).ReadForProcessing
             github.com/ruipengliu/lerna/conformance/internal/decisionfixture.claimDiagnosticContent.ReadForProcessing
             github.com/ruipengliu/lerna/adapters/content/decision.(*Adapter).read
             github.com/ruipengliu/lerna/adapters/content/decision.(*Adapter).ReadFixtureLock
             github.com/ruipengliu/lerna/conformance/internal/decisionfixture.claimDiagnosticSource.ReadFixtureLock
             github.com/ruipengliu/lerna/components/decision_engine.(*Service).calculate
             github.com/ruipengliu/lerna/components/decision_engine.(*Service).RunClaim
             github.com/ruipengliu/lerna/components/decision_engine.(*Service).Step
             github.com/ruipengliu/lerna/conformance/component_test.completeContextDecision.func1
             runtime/pprof.Do
             github.com/ruipengliu/lerna/conformance/component_test.completeContextDecision
             github.com/ruipengliu/lerna/conformance/component_test.TestContentContextReachableClosure64And65IncludesIntermediateVersions.func1
             testing.tRunner
-----------+-------------------------------------------------------
      case:  closure64
     phase:  decision_step
10000000ns   runtime.raceread
             strings.(*Builder).WriteRune
             github.com/ruipengliu/lerna/contract/v1_2.writeCanonicalString
             github.com/ruipengliu/lerna/contract/v1_2.writeCanonical
             github.com/ruipengliu/lerna/contract/v1_2.writeCanonical
             github.com/ruipengliu/lerna/contract/v1_2.Encode[go.shape.struct { Owner github.com/ruipengliu/lerna/contract/gen/go/v1_2.OwnerRef "json:\"owner\""; ContentID github.com/ruipengliu/lerna/contract/gen/go/v1_2.ID "json:\"content_id\""; Version string "json:\"version\""; Hash string "json:\"hash\""; MediaType string "json:\"media_type\""; ByteLength github.com/ruipengliu/lerna/contract/gen/go/v1_2.Revision "json:\"byte_length\"" }]
             github.com/ruipengliu/lerna/domain/content.VersionIdentity
             github.com/ruipengliu/lerna/domain/content.sortRefs
             github.com/ruipengliu/lerna/domain/content.(*Service).registeredClosure.func1
             github.com/ruipengliu/lerna/domain/content.(*Service).registeredClosure
             github.com/ruipengliu/lerna/domain/content.(*Service).ReadForProcessing.func1
             github.com/ruipengliu/lerna/adapters/postgres/internal/pgstore.(*Core).Within
             github.com/ruipengliu/lerna/adapters/postgres/content.(*Store).Within
             github.com/ruipengliu/lerna/domain/content.(*Service).ReadForProcessing
             github.com/ruipengliu/lerna/conformance/internal/decisionfixture.claimDiagnosticContent.ReadForProcessing
             github.com/ruipengliu/lerna/adapters/content/decision.(*Adapter).read
             github.com/ruipengliu/lerna/adapters/content/decision.(*Adapter).ReadFixtureLock
             github.com/ruipengliu/lerna/conformance/internal/decisionfixture.claimDiagnosticSource.ReadFixtureLock
             github.com/ruipengliu/lerna/components/decision_engine.(*Service).calculate
             github.com/ruipengliu/lerna/components/decision_engine.(*Service).RunClaim
             github.com/ruipengliu/lerna/components/decision_engine.(*Service).Step
             github.com/ruipengliu/lerna/conformance/component_test.completeContextDecision.func1
             runtime/pprof.Do
             github.com/ruipengliu/lerna/conformance/component_test.completeContextDecision
             github.com/ruipengliu/lerna/conformance/component_test.TestContentContextReachableClosure64And65IncludesIntermediateVersions.func1
             testing.tRunner
-----------+-------------------------------------------------------
      case:  closure64
     phase:  decision_step
10000000ns   github.com/ruipengliu/lerna/contract/v1_2.writeCanonicalString
             github.com/ruipengliu/lerna/contract/v1_2.writeCanonical
             github.com/ruipengliu/lerna/contract/v1_2.writeCanonical
             github.com/ruipengliu/lerna/contract/v1_2.Encode[go.shape.struct { Owner github.com/ruipengliu/lerna/contract/gen/go/v1_2.OwnerRef "json:\"owner\""; ContentID github.com/ruipengliu/lerna/contract/gen/go/v1_2.ID "json:\"content_id\""; Version string "json:\"version\""; Hash string "json:\"hash\""; MediaType string "json:\"media_type\""; ByteLength github.com/ruipengliu/lerna/contract/gen/go/v1_2.Revision "json:\"byte_length\"" }]
             github.com/ruipengliu/lerna/domain/content.VersionIdentity
             github.com/ruipengliu/lerna/domain/content.sortRefs
             github.com/ruipengliu/lerna/domain/content.(*Service).registeredClosure.func1
             github.com/ruipengliu/lerna/domain/content.(*Service).registeredClosure.func1
             github.com/ruipengliu/lerna/domain/content.(*Service).registeredClosure
             github.com/ruipengliu/lerna/domain/content.(*Service).ReadForProcessing.func1
             github.com/ruipengliu/lerna/adapters/postgres/internal/pgstore.(*Core).Within
             github.com/ruipengliu/lerna/adapters/postgres/content.(*Store).Within
             github.com/ruipengliu/lerna/domain/content.(*Service).ReadForProcessing
             github.com/ruipengliu/lerna/conformance/internal/decisionfixture.claimDiagnosticContent.ReadForProcessing
             github.com/ruipengliu/lerna/adapters/content/decision.(*Adapter).read
             github.com/ruipengliu/lerna/adapters/content/decision.(*Adapter).ReadFixtureLock
             github.com/ruipengliu/lerna/conformance/internal/decisionfixture.claimDiagnosticSource.ReadFixtureLock
             github.com/ruipengliu/lerna/components/decision_engine.(*Service).calculate
             github.com/ruipengliu/lerna/components/decision_engine.(*Service).RunClaim
             github.com/ruipengliu/lerna/components/decision_engine.(*Service).Step
             github.com/ruipengliu/lerna/conformance/component_test.completeContextDecision.func1
             runtime/pprof.Do
             github.com/ruipengliu/lerna/conformance/component_test.completeContextDecision
             github.com/ruipengliu/lerna/conformance/component_test.TestContentContextReachableClosure64And65IncludesIntermediateVersions.func1
             testing.tRunner
-----------+-------------------------------------------------------
      case:  closure64
     phase:  decision_step
10000000ns   encoding/json/jsontext.init.func1
             sync.(*Pool).Get
             encoding/json/jsontext.getBufferedEncoder
             encoding/json/v2.Marshal
             github.com/ruipengliu/lerna/domain/content.VersionIdentity
             github.com/ruipengliu/lerna/domain/content.sortRefs
             github.com/ruipengliu/lerna/domain/content.(*Service).registeredClosure.func1
             github.com/ruipengliu/lerna/domain/content.(*Service).registeredClosure.func1
             github.com/ruipengliu/lerna/domain/content.(*Service).registeredClosure
             github.com/ruipengliu/lerna/domain/content.(*Service).ReadForProcessing.func1
             github.com/ruipengliu/lerna/adapters/postgres/internal/pgstore.(*Core).Within
             github.com/ruipengliu/lerna/adapters/postgres/content.(*Store).Within
             github.com/ruipengliu/lerna/domain/content.(*Service).ReadForProcessing
             github.com/ruipengliu/lerna/conformance/internal/decisionfixture.claimDiagnosticContent.ReadForProcessing
             github.com/ruipengliu/lerna/adapters/content/decision.(*Adapter).read
             github.com/ruipengliu/lerna/adapters/content/decision.(*Adapter).ReadFixtureLock
             github.com/ruipengliu/lerna/conformance/internal/decisionfixture.claimDiagnosticSource.ReadFixtureLock
             github.com/ruipengliu/lerna/components/decision_engine.(*Service).calculate
             github.com/ruipengliu/lerna/components/decision_engine.(*Service).RunClaim
             github.com/ruipengliu/lerna/components/decision_engine.(*Service).Step
             github.com/ruipengliu/lerna/conformance/component_test.completeContextDecision.func1
             runtime/pprof.Do
             github.com/ruipengliu/lerna/conformance/component_test.completeContextDecision
             github.com/ruipengliu/lerna/conformance/component_test.TestContentContextReachableClosure64And65IncludesIntermediateVersions.func1
             testing.tRunner
-----------+-------------------------------------------------------
      case:  closure64
     phase:  decision_step
10000000ns   encoding/json/jsontext.(*decoderState).PeekKind
             encoding/json.(*Decoder).More
             github.com/ruipengliu/lerna/contract/v1_2.parseValue
             github.com/ruipengliu/lerna/contract/v1_2.parseValue
             github.com/ruipengliu/lerna/contract/v1_2.parseJSON
             github.com/ruipengliu/lerna/contract/v1_2.Encode[go.shape.struct { Owner github.com/ruipengliu/lerna/contract/gen/go/v1_2.OwnerRef "json:\"owner\""; ContentID github.com/ruipengliu/lerna/contract/gen/go/v1_2.ID "json:\"content_id\""; Version string "json:\"version\""; Hash string "json:\"hash\""; MediaType string "json:\"media_type\""; ByteLength github.com/ruipengliu/lerna/contract/gen/go/v1_2.Revision "json:\"byte_length\"" }]
             github.com/ruipengliu/lerna/domain/content.VersionIdentity
             github.com/ruipengliu/lerna/domain/content.(*Service).registeredClosure.func1
             github.com/ruipengliu/lerna/domain/content.(*Service).registeredClosure.func1
             github.com/ruipengliu/lerna/domain/content.(*Service).registeredClosure.func1
             github.com/ruipengliu/lerna/domain/content.(*Service).registeredClosure
             github.com/ruipengliu/lerna/domain/content.(*Service).ReadForProcessing.func1
             github.com/ruipengliu/lerna/adapters/postgres/internal/pgstore.(*Core).Within
             github.com/ruipengliu/lerna/adapters/postgres/content.(*Store).Within
             github.com/ruipengliu/lerna/domain/content.(*Service).ReadForProcessing
             github.com/ruipengliu/lerna/conformance/internal/decisionfixture.claimDiagnosticContent.ReadForProcessing
             github.com/ruipengliu/lerna/adapters/content/decision.(*Adapter).read
             github.com/ruipengliu/lerna/adapters/content/decision.(*Adapter).ReadFixtureLock
             github.com/ruipengliu/lerna/conformance/internal/decisionfixture.claimDiagnosticSource.ReadFixtureLock
             github.com/ruipengliu/lerna/components/decision_engine.(*Service).calculate
             github.com/ruipengliu/lerna/components/decision_engine.(*Service).RunClaim
             github.com/ruipengliu/lerna/components/decision_engine.(*Service).Step
             github.com/ruipengliu/lerna/conformance/component_test.completeContextDecision.func1
             runtime/pprof.Do
             github.com/ruipengliu/lerna/conformance/component_test.completeContextDecision
             github.com/ruipengliu/lerna/conformance/component_test.TestContentContextReachableClosure64And65IncludesIntermediateVersions.func1
             testing.tRunner
-----------+-------------------------------------------------------
      case:  closure64
     phase:  decision_step
10000000ns   runtime.memclrNoHeapPointers
             runtime.mallocgcSmallScanNoHeader
             runtime.mallocgc
             runtime.newobject
             database/sql.(*Rows).initContextClose
             database/sql.(*DB).queryDC
             database/sql.(*Tx).QueryContext
             github.com/ruipengliu/lerna/adapters/postgres/internal/pgstore.(*Core).Now
             github.com/ruipengliu/lerna/adapters/postgres/content.(*Store).Now
             github.com/ruipengliu/lerna/domain/content.(*Service).registeredClosure.func1
             github.com/ruipengliu/lerna/domain/content.(*Service).registeredClosure.func1
             github.com/ruipengliu/lerna/domain/content.(*Service).registeredClosure
             github.com/ruipengliu/lerna/domain/content.(*Service).ReadForProcessing.func1
             github.com/ruipengliu/lerna/adapters/postgres/internal/pgstore.(*Core).Within
             github.com/ruipengliu/lerna/adapters/postgres/content.(*Store).Within
             github.com/ruipengliu/lerna/domain/content.(*Service).ReadForProcessing
             github.com/ruipengliu/lerna/conformance/internal/decisionfixture.claimDiagnosticContent.ReadForProcessing
             github.com/ruipengliu/lerna/adapters/content/decision.(*Adapter).read
             github.com/ruipengliu/lerna/adapters/content/decision.(*Adapter).ReadFixtureLock
             github.com/ruipengliu/lerna/conformance/internal/decisionfixture.claimDiagnosticSource.ReadFixtureLock
             github.com/ruipengliu/lerna/components/decision_engine.(*Service).calculate
             github.com/ruipengliu/lerna/components/decision_engine.(*Service).RunClaim
             github.com/ruipengliu/lerna/components/decision_engine.(*Service).Step
             github.com/ruipengliu/lerna/conformance/component_test.completeContextDecision.func1
             runtime/pprof.Do
             github.com/ruipengliu/lerna/conformance/component_test.completeContextDecision
             github.com/ruipengliu/lerna/conformance/component_test.TestContentContextReachableClosure64And65IncludesIntermediateVersions.func1
             testing.tRunner
-----------+-------------------------------------------------------
      case:  closure64
     phase:  decision_step
10000000ns   runtime.raceread
             encoding/json/jsontext.(*decoderState).consumeObject
             encoding/json/jsontext.(*decoderState).consumeValue
             encoding/json/jsontext.(*decoderState).CheckNextValue
             encoding/json/v2.unmarshalDecode
             encoding/json/v2.Unmarshal
             github.com/ruipengliu/lerna/adapters/postgres/content.(*Store).LockVersion
             github.com/ruipengliu/lerna/domain/content.(*Service).registeredClosure.func1
             github.com/ruipengliu/lerna/domain/content.(*Service).registeredClosure.func1
             github.com/ruipengliu/lerna/domain/content.(*Service).registeredClosure
             github.com/ruipengliu/lerna/domain/content.(*Service).ReadForProcessing.func1
             github.com/ruipengliu/lerna/adapters/postgres/internal/pgstore.(*Core).Within
             github.com/ruipengliu/lerna/adapters/postgres/content.(*Store).Within
             github.com/ruipengliu/lerna/domain/content.(*Service).ReadForProcessing
             github.com/ruipengliu/lerna/conformance/internal/decisionfixture.claimDiagnosticContent.ReadForProcessing
             github.com/ruipengliu/lerna/adapters/content/decision.(*Adapter).read
             github.com/ruipengliu/lerna/adapters/content/decision.(*Adapter).ReadFixtureLock
             github.com/ruipengliu/lerna/conformance/internal/decisionfixture.claimDiagnosticSource.ReadFixtureLock
             github.com/ruipengliu/lerna/components/decision_engine.(*Service).calculate
             github.com/ruipengliu/lerna/components/decision_engine.(*Service).RunClaim
             github.com/ruipengliu/lerna/components/decision_engine.(*Service).Step
             github.com/ruipengliu/lerna/conformance/component_test.completeContextDecision.func1
             runtime/pprof.Do
             github.com/ruipengliu/lerna/conformance/component_test.completeContextDecision
             github.com/ruipengliu/lerna/conformance/component_test.TestContentContextReachableClosure64And65IncludesIntermediateVersions.func1
             testing.tRunner
-----------+-------------------------------------------------------
      case:  closure64
     phase:  decision_step
10000000ns   regexp.(*Regexp).doOnePass
             regexp.(*Regexp).find
             regexp.(*Regexp).MatchString
             github.com/santhosh-tekuri/jsonschema/v6.(*validator).strValidate
             github.com/santhosh-tekuri/jsonschema/v6.(*validator).validate
             github.com/santhosh-tekuri/jsonschema/v6.(*validator).validateSelf
             github.com/santhosh-tekuri/jsonschema/v6.(*validator).validateRef
             github.com/santhosh-tekuri/jsonschema/v6.(*validator).validate
             github.com/santhosh-tekuri/jsonschema/v6.(*validator).validateVal
             github.com/santhosh-tekuri/jsonschema/v6.(*validator).objValidate
             github.com/santhosh-tekuri/jsonschema/v6.(*validator).validate
             github.com/santhosh-tekuri/jsonschema/v6.(*Schema).validate
             github.com/ruipengliu/lerna/contract/v1_2.Validate
             github.com/ruipengliu/lerna/contract/v1_2.Encode[go.shape.struct { Owner github.com/ruipengliu/lerna/contract/gen/go/v1_2.OwnerRef "json:\"owner\""; ContentID github.com/ruipengliu/lerna/contract/gen/go/v1_2.ID "json:\"content_id\""; Version string "json:\"version\""; Hash string "json:\"hash\""; MediaType string "json:\"media_type\""; ByteLength github.com/ruipengliu/lerna/contract/gen/go/v1_2.Revision "json:\"byte_length\"" }]
             github.com/ruipengliu/lerna/domain/content.VersionIdentity
             github.com/ruipengliu/lerna/domain/content.sortRefs
             github.com/ruipengliu/lerna/domain/content.(*Service).registeredClosure.func1
             github.com/ruipengliu/lerna/domain/content.(*Service).registeredClosure.func1
             github.com/ruipengliu/lerna/domain/content.(*Service).registeredClosure
             github.com/ruipengliu/lerna/domain/content.(*Service).ReadForProcessing.func1
             github.com/ruipengliu/lerna/adapters/postgres/internal/pgstore.(*Core).Within
             github.com/ruipengliu/lerna/adapters/postgres/content.(*Store).Within
             github.com/ruipengliu/lerna/domain/content.(*Service).ReadForProcessing
             github.com/ruipengliu/lerna/conformance/internal/decisionfixture.claimDiagnosticContent.ReadForProcessing
             github.com/ruipengliu/lerna/adapters/content/decision.(*Adapter).read
             github.com/ruipengliu/lerna/adapters/content/decision.(*Adapter).ReadFixtureLock
             github.com/ruipengliu/lerna/conformance/internal/decisionfixture.claimDiagnosticSource.ReadFixtureLock
             github.com/ruipengliu/lerna/components/decision_engine.(*Service).calculate
             github.com/ruipengliu/lerna/components/decision_engine.(*Service).RunClaim
             github.com/ruipengliu/lerna/components/decision_engine.(*Service).Step
             github.com/ruipengliu/lerna/conformance/component_test.completeContextDecision.func1
             runtime/pprof.Do
             github.com/ruipengliu/lerna/conformance/component_test.completeContextDecision
             github.com/ruipengliu/lerna/conformance/component_test.TestContentContextReachableClosure64And65IncludesIntermediateVersions.func1
             testing.tRunner
-----------+-------------------------------------------------------
      case:  closure64
     phase:  decision_step
10000000ns   runtime.mallocgcTiny
             runtime.mallocgc
             runtime.rawbyteslice
             runtime.stringtoslicebyte
             github.com/santhosh-tekuri/jsonschema/v6.(*validator).strValidate
             github.com/santhosh-tekuri/jsonschema/v6.(*validator).validate
             github.com/santhosh-tekuri/jsonschema/v6.(*validator).validateSelf
             github.com/santhosh-tekuri/jsonschema/v6.(*validator).validateRef
             github.com/santhosh-tekuri/jsonschema/v6.(*validator).validate
             github.com/santhosh-tekuri/jsonschema/v6.(*validator).validateVal
             github.com/santhosh-tekuri/jsonschema/v6.(*validator).objValidate
             github.com/santhosh-tekuri/jsonschema/v6.(*validator).validate
             github.com/santhosh-tekuri/jsonschema/v6.(*Schema).validate
             github.com/ruipengliu/lerna/contract/v1_2.Validate
             github.com/ruipengliu/lerna/contract/v1_2.Encode[go.shape.struct { Owner github.com/ruipengliu/lerna/contract/gen/go/v1_2.OwnerRef "json:\"owner\""; ContentID github.com/ruipengliu/lerna/contract/gen/go/v1_2.ID "json:\"content_id\""; Version string "json:\"version\""; Hash string "json:\"hash\""; MediaType string "json:\"media_type\""; ByteLength github.com/ruipengliu/lerna/contract/gen/go/v1_2.Revision "json:\"byte_length\"" }]
             github.com/ruipengliu/lerna/domain/content.VersionIdentity
             github.com/ruipengliu/lerna/domain/content.(*Service).registeredClosure.func1
             github.com/ruipengliu/lerna/domain/content.(*Service).registeredClosure.func1
             github.com/ruipengliu/lerna/domain/content.(*Service).registeredClosure
             github.com/ruipengliu/lerna/domain/content.(*Service).ReadForProcessing.func1
             github.com/ruipengliu/lerna/adapters/postgres/internal/pgstore.(*Core).Within
             github.com/ruipengliu/lerna/adapters/postgres/content.(*Store).Within
             github.com/ruipengliu/lerna/domain/content.(*Service).ReadForProcessing
             github.com/ruipengliu/lerna/conformance/internal/decisionfixture.claimDiagnosticContent.ReadForProcessing
             github.com/ruipengliu/lerna/adapters/content/decision.(*Adapter).read
             github.com/ruipengliu/lerna/adapters/content/decision.(*Adapter).ReadFixtureLock
             github.com/ruipengliu/lerna/conformance/internal/decisionfixture.claimDiagnosticSource.ReadFixtureLock
             github.com/ruipengliu/lerna/components/decision_engine.(*Service).calculate
             github.com/ruipengliu/lerna/components/decision_engine.(*Service).RunClaim
             github.com/ruipengliu/lerna/components/decision_engine.(*Service).Step
             github.com/ruipengliu/lerna/conformance/component_test.completeContextDecision.func1
             runtime/pprof.Do
             github.com/ruipengliu/lerna/conformance/component_test.completeContextDecision
             github.com/ruipengliu/lerna/conformance/component_test.TestContentContextReachableClosure64And65IncludesIntermediateVersions.func1
             testing.tRunner
-----------+-------------------------------------------------------
      case:  closure64
     phase:  decision_step
10000000ns   runtime.findObject
             runtime.checkptrBase
             runtime.checkptrArithmetic
             reflect.Value.Index
             encoding/json/v2.makeSliceArshaler.func2
             encoding/json/v2.marshalEncode
             encoding/json/v2.Marshal
             github.com/ruipengliu/lerna/domain/content.VersionIdentity
             github.com/ruipengliu/lerna/domain/content.sortRefs
             github.com/ruipengliu/lerna/domain/content.(*Service).registeredClosure.func1
             github.com/ruipengliu/lerna/domain/content.(*Service).registeredClosure.func1
             github.com/ruipengliu/lerna/domain/content.(*Service).registeredClosure
             github.com/ruipengliu/lerna/domain/content.(*Service).ReadForProcessing.func1
             github.com/ruipengliu/lerna/adapters/postgres/internal/pgstore.(*Core).Within
             github.com/ruipengliu/lerna/adapters/postgres/content.(*Store).Within
             github.com/ruipengliu/lerna/domain/content.(*Service).ReadForProcessing
             github.com/ruipengliu/lerna/conformance/internal/decisionfixture.claimDiagnosticContent.ReadForProcessing
             github.com/ruipengliu/lerna/adapters/content/decision.(*Adapter).read
             github.com/ruipengliu/lerna/adapters/content/decision.(*Adapter).ReadFixtureLock
             github.com/ruipengliu/lerna/conformance/internal/decisionfixture.claimDiagnosticSource.ReadFixtureLock
             github.com/ruipengliu/lerna/components/decision_engine.(*Service).calculate
             github.com/ruipengliu/lerna/components/decision_engine.(*Service).RunClaim
             github.com/ruipengliu/lerna/components/decision_engine.(*Service).Step
             github.com/ruipengliu/lerna/conformance/component_test.completeContextDecision.func1
             runtime/pprof.Do
             github.com/ruipengliu/lerna/conformance/component_test.completeContextDecision
             github.com/ruipengliu/lerna/conformance/component_test.TestContentContextReachableClosure64And65IncludesIntermediateVersions.func1
             testing.tRunner
-----------+-------------------------------------------------------
      case:  closure64
     phase:  decision_step
10000000ns   unicode/utf16.Encode
             github.com/ruipengliu/lerna/contract/v1_2.writeCanonical.func1
             sort.insertionSort_func
             sort.pdqsort_func
             sort.Slice
             github.com/ruipengliu/lerna/contract/v1_2.writeCanonical
             github.com/ruipengliu/lerna/contract/v1_2.Encode[go.shape.struct { Owner github.com/ruipengliu/lerna/contract/gen/go/v1_2.OwnerRef "json:\"owner\""; ContentID github.com/ruipengliu/lerna/contract/gen/go/v1_2.ID "json:\"content_id\""; Version string "json:\"version\""; Hash string "json:\"hash\""; MediaType string "json:\"media_type\""; ByteLength github.com/ruipengliu/lerna/contract/gen/go/v1_2.Revision "json:\"byte_length\"" }]
             github.com/ruipengliu/lerna/domain/content.VersionIdentity
             github.com/ruipengliu/lerna/domain/content.(*Service).registeredClosure.func1
             github.com/ruipengliu/lerna/domain/content.(*Service).registeredClosure.func1
             github.com/ruipengliu/lerna/domain/content.(*Service).registeredClosure.func1
             github.com/ruipengliu/lerna/domain/content.(*Service).registeredClosure
             github.com/ruipengliu/lerna/domain/content.(*Service).ReadForProcessing.func1
             github.com/ruipengliu/lerna/adapters/postgres/internal/pgstore.(*Core).Within
             github.com/ruipengliu/lerna/adapters/postgres/content.(*Store).Within
             github.com/ruipengliu/lerna/domain/content.(*Service).ReadForProcessing
             github.com/ruipengliu/lerna/conformance/internal/decisionfixture.claimDiagnosticContent.ReadForProcessing
             github.com/ruipengliu/lerna/adapters/content/decision.(*Adapter).read
             github.com/ruipengliu/lerna/adapters/content/decision.(*Adapter).ReadFixtureLock
             github.com/ruipengliu/lerna/conformance/internal/decisionfixture.claimDiagnosticSource.ReadFixtureLock
             github.com/ruipengliu/lerna/components/decision_engine.(*Service).calculate
             github.com/ruipengliu/lerna/components/decision_engine.(*Service).RunClaim
             github.com/ruipengliu/lerna/components/decision_engine.(*Service).Step
             github.com/ruipengliu/lerna/conformance/component_test.completeContextDecision.func1
             runtime/pprof.Do
             github.com/ruipengliu/lerna/conformance/component_test.completeContextDecision
             github.com/ruipengliu/lerna/conformance/component_test.TestContentContextReachableClosure64And65IncludesIntermediateVersions.func1
             testing.tRunner
-----------+-------------------------------------------------------
      case:  closure64
     phase:  decision_step
10000000ns   encoding/json/internal/jsonwire.ConsumeStringResumable
             encoding/json/jsontext.(*decoderState).consumeString
             encoding/json/jsontext.(*decoderState).ReadToken
             encoding/json.(*Decoder).Token
             github.com/ruipengliu/lerna/contract/v1_2.parseValue
             github.com/ruipengliu/lerna/contract/v1_2.parseValue
             github.com/ruipengliu/lerna/contract/v1_2.parseJSON
             github.com/ruipengliu/lerna/contract/v1_2.Encode[go.shape.struct { Owner github.com/ruipengliu/lerna/contract/gen/go/v1_2.OwnerRef "json:\"owner\""; ContentID github.com/ruipengliu/lerna/contract/gen/go/v1_2.ID "json:\"content_id\""; Version string "json:\"version\""; Hash string "json:\"hash\""; MediaType string "json:\"media_type\""; ByteLength github.com/ruipengliu/lerna/contract/gen/go/v1_2.Revision "json:\"byte_length\"" }]
             github.com/ruipengliu/lerna/domain/content.VersionIdentity
             github.com/ruipengliu/lerna/domain/content.(*Service).registeredClosure.func1
             github.com/ruipengliu/lerna/domain/content.(*Service).registeredClosure.func1
             github.com/ruipengliu/lerna/domain/content.(*Service).registeredClosure.func1
             github.com/ruipengliu/lerna/domain/content.(*Service).registeredClosure
             github.com/ruipengliu/lerna/domain/content.(*Service).ReadForProcessing.func1
             github.com/ruipengliu/lerna/adapters/postgres/internal/pgstore.(*Core).Within
             github.com/ruipengliu/lerna/adapters/postgres/content.(*Store).Within
             github.com/ruipengliu/lerna/domain/content.(*Service).ReadForProcessing
             github.com/ruipengliu/lerna/conformance/internal/decisionfixture.claimDiagnosticContent.ReadForProcessing
             github.com/ruipengliu/lerna/adapters/content/decision.(*Adapter).read
             github.com/ruipengliu/lerna/adapters/content/decision.(*Adapter).ReadFixtureLock
             github.com/ruipengliu/lerna/conformance/internal/decisionfixture.claimDiagnosticSource.ReadFixtureLock
             github.com/ruipengliu/lerna/components/decision_engine.(*Service).calculate
             github.com/ruipengliu/lerna/components/decision_engine.(*Service).RunClaim
             github.com/ruipengliu/lerna/components/decision_engine.(*Service).Step
             github.com/ruipengliu/lerna/conformance/component_test.completeContextDecision.func1
             runtime/pprof.Do
             github.com/ruipengliu/lerna/conformance/component_test.completeContextDecision
             github.com/ruipengliu/lerna/conformance/component_test.TestContentContextReachableClosure64And65IncludesIntermediateVersions.func1
             testing.tRunner
-----------+-------------------------------------------------------
      case:  closure64
     phase:  decision_step
10000000ns   encoding/json/jsontext.(*decoderState).ReadToken
             encoding/json.(*Decoder).Token
             github.com/ruipengliu/lerna/contract/v1_2.parseValue
             github.com/ruipengliu/lerna/contract/v1_2.parseJSON
             github.com/ruipengliu/lerna/contract/v1_2.Encode[go.shape.struct { Owner github.com/ruipengliu/lerna/contract/gen/go/v1_2.OwnerRef "json:\"owner\""; ContentID github.com/ruipengliu/lerna/contract/gen/go/v1_2.ID "json:\"content_id\""; Version string "json:\"version\""; Hash string "json:\"hash\""; MediaType string "json:\"media_type\""; ByteLength github.com/ruipengliu/lerna/contract/gen/go/v1_2.Revision "json:\"byte_length\"" }]
             github.com/ruipengliu/lerna/domain/content.VersionIdentity
             github.com/ruipengliu/lerna/domain/content.sortRefs
             github.com/ruipengliu/lerna/domain/content.(*Service).registeredClosure.func1
             github.com/ruipengliu/lerna/domain/content.(*Service).registeredClosure.func1
             github.com/ruipengliu/lerna/domain/content.(*Service).registeredClosure.func1
             github.com/ruipengliu/lerna/domain/content.(*Service).registeredClosure
             github.com/ruipengliu/lerna/domain/content.(*Service).ReadForProcessing.func1
             github.com/ruipengliu/lerna/adapters/postgres/internal/pgstore.(*Core).Within
             github.com/ruipengliu/lerna/adapters/postgres/content.(*Store).Within
             github.com/ruipengliu/lerna/domain/content.(*Service).ReadForProcessing
             github.com/ruipengliu/lerna/conformance/internal/decisionfixture.claimDiagnosticContent.ReadForProcessing
             github.com/ruipengliu/lerna/adapters/content/decision.(*Adapter).read
             github.com/ruipengliu/lerna/adapters/content/decision.(*Adapter).ReadFixtureLock
             github.com/ruipengliu/lerna/conformance/internal/decisionfixture.claimDiagnosticSource.ReadFixtureLock
             github.com/ruipengliu/lerna/components/decision_engine.(*Service).calculate
             github.com/ruipengliu/lerna/components/decision_engine.(*Service).RunClaim
             github.com/ruipengliu/lerna/components/decision_engine.(*Service).Step
             github.com/ruipengliu/lerna/conformance/component_test.completeContextDecision.func1
             runtime/pprof.Do
             github.com/ruipengliu/lerna/conformance/component_test.completeContextDecision
             github.com/ruipengliu/lerna/conformance/component_test.TestContentContextReachableClosure64And65IncludesIntermediateVersions.func1
             testing.tRunner
-----------+-------------------------------------------------------
      case:  closure64
     phase:  decision_step
10000000ns   runtime.checkptrAlignment
             reflect.Value.pointer
             reflect.Value.MapIndex
             github.com/ruipengliu/lerna/contract/v1_2.wireValue
             github.com/ruipengliu/lerna/contract/v1_2.wireValue
             github.com/ruipengliu/lerna/contract/v1_2.wireValue
             github.com/ruipengliu/lerna/contract/v1_2.Validate
             github.com/ruipengliu/lerna/contract/v1_2.Encode[go.shape.struct { Owner github.com/ruipengliu/lerna/contract/gen/go/v1_2.OwnerRef "json:\"owner\""; ContentID github.com/ruipengliu/lerna/contract/gen/go/v1_2.ID "json:\"content_id\""; Version string "json:\"version\""; Hash string "json:\"hash\""; MediaType string "json:\"media_type\""; ByteLength github.com/ruipengliu/lerna/contract/gen/go/v1_2.Revision "json:\"byte_length\"" }]
             github.com/ruipengliu/lerna/domain/content.VersionIdentity
             github.com/ruipengliu/lerna/domain/content.(*Service).registeredClosure.func1
             github.com/ruipengliu/lerna/domain/content.(*Service).registeredClosure
             github.com/ruipengliu/lerna/domain/content.(*Service).ReadForProcessing.func1
             github.com/ruipengliu/lerna/adapters/postgres/internal/pgstore.(*Core).Within
             github.com/ruipengliu/lerna/adapters/postgres/content.(*Store).Within
             github.com/ruipengliu/lerna/domain/content.(*Service).ReadForProcessing
             github.com/ruipengliu/lerna/conformance/internal/decisionfixture.claimDiagnosticContent.ReadForProcessing
             github.com/ruipengliu/lerna/adapters/content/decision.(*Adapter).read
             github.com/ruipengliu/lerna/adapters/content/decision.(*Adapter).ReadFixtureLock
             github.com/ruipengliu/lerna/conformance/internal/decisionfixture.claimDiagnosticSource.ReadFixtureLock
             github.com/ruipengliu/lerna/components/decision_engine.(*Service).calculate
             github.com/ruipengliu/lerna/components/decision_engine.(*Service).RunClaim
             github.com/ruipengliu/lerna/components/decision_engine.(*Service).Step
             github.com/ruipengliu/lerna/conformance/component_test.completeContextDecision.func1
             runtime/pprof.Do
             github.com/ruipengliu/lerna/conformance/component_test.completeContextDecision
             github.com/ruipengliu/lerna/conformance/component_test.TestContentContextReachableClosure64And65IncludesIntermediateVersions.func1
             testing.tRunner
-----------+-------------------------------------------------------
      case:  closure64
     phase:  decision_step
10000000ns   regexp/syntax.(*Inst).MatchRunePos
             regexp.(*Regexp).doOnePass
             regexp.(*Regexp).find
             regexp.(*Regexp).MatchString
             github.com/santhosh-tekuri/jsonschema/v6.(*validator).strValidate
             github.com/santhosh-tekuri/jsonschema/v6.(*validator).validate
             github.com/santhosh-tekuri/jsonschema/v6.(*validator).validateVal
             github.com/santhosh-tekuri/jsonschema/v6.(*validator).objValidate
             github.com/santhosh-tekuri/jsonschema/v6.(*validator).validate
             github.com/santhosh-tekuri/jsonschema/v6.(*Schema).validate
             github.com/ruipengliu/lerna/contract/v1_2.Validate
             github.com/ruipengliu/lerna/contract/v1_2.Encode[go.shape.struct { Owner github.com/ruipengliu/lerna/contract/gen/go/v1_2.OwnerRef "json:\"owner\""; ContentID github.com/ruipengliu/lerna/contract/gen/go/v1_2.ID "json:\"content_id\""; Version string "json:\"version\""; Hash string "json:\"hash\""; MediaType string "json:\"media_type\""; ByteLength github.com/ruipengliu/lerna/contract/gen/go/v1_2.Revision "json:\"byte_length\"" }]
             github.com/ruipengliu/lerna/adapters/content/decision.ToRule
             github.com/ruipengliu/lerna/adapters/content/decision.(*Adapter).snapshot
             github.com/ruipengliu/lerna/adapters/content/decision.(*Adapter).ReadFixtureLock
             github.com/ruipengliu/lerna/conformance/internal/decisionfixture.claimDiagnosticSource.ReadFixtureLock
             github.com/ruipengliu/lerna/components/decision_engine.(*Service).calculate
             github.com/ruipengliu/lerna/components/decision_engine.(*Service).RunClaim
             github.com/ruipengliu/lerna/components/decision_engine.(*Service).Step
             github.com/ruipengliu/lerna/conformance/component_test.completeContextDecision.func1
             runtime/pprof.Do
             github.com/ruipengliu/lerna/conformance/component_test.completeContextDecision
             github.com/ruipengliu/lerna/conformance/component_test.TestContentContextReachableClosure64And65IncludesIntermediateVersions.func1
             testing.tRunner
-----------+-------------------------------------------------------
      case:  static62
     phase:  decision_step
10000000ns   internal/poll.(*FD).Write
             net.(*netFD).Write
             net.(*conn).Write
             github.com/jackc/pgx/v5/pgproto3.(*Frontend).Flush
             github.com/jackc/pgx/v5/pgconn.(*PgConn).flushWithPotentialWriteReadDeadlock
             github.com/jackc/pgx/v5/pgconn.(*PgConn).execExtendedSuffix
             github.com/jackc/pgx/v5/pgconn.(*PgConn).ExecStatement
             github.com/jackc/pgx/v5.(*Conn).Query
             github.com/jackc/pgx/v5/stdlib.(*Conn).QueryContext
             database/sql.ctxDriverQuery
             database/sql.(*DB).queryDC.func1
             database/sql.withLock
             database/sql.(*DB).queryDC
             database/sql.(*Tx).QueryContext
             github.com/ruipengliu/lerna/conformance/internal/decisionfixture.(*ContextDispatcher).input
             github.com/ruipengliu/lerna/conformance/internal/decisionfixture.(*ContextDispatcher).binding
             github.com/ruipengliu/lerna/conformance/internal/decisionfixture.(*ContextDispatcher).Binding.func1
             github.com/ruipengliu/lerna/conformance/internal/decisionfixture.(*Store).within
             github.com/ruipengliu/lerna/conformance/internal/decisionfixture.(*ContextDispatcher).Binding
             github.com/ruipengliu/lerna/conformance/internal/decisionfixture.claimDiagnosticAccess.Binding
             github.com/ruipengliu/lerna/adapters/content/decision.(*Adapter).ReadSnapshot
             github.com/ruipengliu/lerna/conformance/internal/decisionfixture.claimDiagnosticSource.ReadSnapshot
             github.com/ruipengliu/lerna/components/decision_engine.(*Service).calculate
             github.com/ruipengliu/lerna/components/decision_engine.(*Service).RunClaim
             github.com/ruipengliu/lerna/components/decision_engine.(*Service).Step
             github.com/ruipengliu/lerna/conformance/component_test.completeContextDecision.func1
             runtime/pprof.Do
             github.com/ruipengliu/lerna/conformance/component_test.completeContextDecision
             github.com/ruipengliu/lerna/conformance/component_test.TestContentContextStaticModeMaximumReachable62Materials
             testing.tRunner
-----------+-------------------------------------------------------
      case:  static62
     phase:  decision_step
10000000ns   runtime.raceread
             encoding/json/jsontext.Token.string
             encoding/json.(*Decoder).Token
             github.com/ruipengliu/lerna/contract/v1_2.parseValue
             github.com/ruipengliu/lerna/contract/v1_2.parseValue
             github.com/ruipengliu/lerna/contract/v1_2.parseJSON
             github.com/ruipengliu/lerna/contract/v1_2.Encode[go.shape.struct { Owner github.com/ruipengliu/lerna/contract/gen/go/v1_2.OwnerRef "json:\"owner\""; ContentID github.com/ruipengliu/lerna/contract/gen/go/v1_2.ID "json:\"content_id\""; Version string "json:\"version\""; Hash string "json:\"hash\""; MediaType string "json:\"media_type\""; ByteLength github.com/ruipengliu/lerna/contract/gen/go/v1_2.Revision "json:\"byte_length\"" }]
             github.com/ruipengliu/lerna/domain/content.VersionIdentity
             github.com/ruipengliu/lerna/domain/content.sortRefs
             github.com/ruipengliu/lerna/domain/content.(*Service).registeredClosure
             github.com/ruipengliu/lerna/domain/content.(*Service).ReadForProcessing.func1
             github.com/ruipengliu/lerna/adapters/postgres/internal/pgstore.(*Core).Within
             github.com/ruipengliu/lerna/adapters/postgres/content.(*Store).Within
             github.com/ruipengliu/lerna/domain/content.(*Service).ReadForProcessing
             github.com/ruipengliu/lerna/conformance/internal/decisionfixture.claimDiagnosticContent.ReadForProcessing
             github.com/ruipengliu/lerna/adapters/content/decision.(*Adapter).read
             github.com/ruipengliu/lerna/adapters/content/decision.(*Adapter).ReadSnapshot
             github.com/ruipengliu/lerna/conformance/internal/decisionfixture.claimDiagnosticSource.ReadSnapshot
             github.com/ruipengliu/lerna/components/decision_engine.(*Service).calculate
             github.com/ruipengliu/lerna/components/decision_engine.(*Service).RunClaim
             github.com/ruipengliu/lerna/components/decision_engine.(*Service).Step
             github.com/ruipengliu/lerna/conformance/component_test.completeContextDecision.func1
             runtime/pprof.Do
             github.com/ruipengliu/lerna/conformance/component_test.completeContextDecision
             github.com/ruipengliu/lerna/conformance/component_test.TestContentContextStaticModeMaximumReachable62Materials
             testing.tRunner
-----------+-------------------------------------------------------
      case:  static62
     phase:  decision_step
10000000ns   racecalladdr
             encoding/json/internal/jsonopts.GetOption[go.shape.bool]
             encoding/json.(*Decoder).UseNumber
             github.com/ruipengliu/lerna/contract/v1_2.parseJSON
             github.com/ruipengliu/lerna/contract/v1_2.Encode[go.shape.struct { Owner github.com/ruipengliu/lerna/contract/gen/go/v1_2.OwnerRef "json:\"owner\""; ContentID github.com/ruipengliu/lerna/contract/gen/go/v1_2.ID "json:\"content_id\""; Version string "json:\"version\""; Hash string "json:\"hash\""; MediaType string "json:\"media_type\""; ByteLength github.com/ruipengliu/lerna/contract/gen/go/v1_2.Revision "json:\"byte_length\"" }]
             github.com/ruipengliu/lerna/domain/content.VersionIdentity
             github.com/ruipengliu/lerna/domain/content.sortRefs
             github.com/ruipengliu/lerna/domain/content.(*Service).registeredClosure
             github.com/ruipengliu/lerna/domain/content.(*Service).ReadForProcessing.func1
             github.com/ruipengliu/lerna/adapters/postgres/internal/pgstore.(*Core).Within
             github.com/ruipengliu/lerna/adapters/postgres/content.(*Store).Within
             github.com/ruipengliu/lerna/domain/content.(*Service).ReadForProcessing
             github.com/ruipengliu/lerna/conformance/internal/decisionfixture.claimDiagnosticContent.ReadForProcessing
             github.com/ruipengliu/lerna/adapters/content/decision.(*Adapter).read
             github.com/ruipengliu/lerna/adapters/content/decision.(*Adapter).ReadSnapshot
             github.com/ruipengliu/lerna/conformance/internal/decisionfixture.claimDiagnosticSource.ReadSnapshot
             github.com/ruipengliu/lerna/components/decision_engine.(*Service).calculate
             github.com/ruipengliu/lerna/components/decision_engine.(*Service).RunClaim
             github.com/ruipengliu/lerna/components/decision_engine.(*Service).Step
             github.com/ruipengliu/lerna/conformance/component_test.completeContextDecision.func1
             runtime/pprof.Do
             github.com/ruipengliu/lerna/conformance/component_test.completeContextDecision
             github.com/ruipengliu/lerna/conformance/component_test.TestContentContextStaticModeMaximumReachable62Materials
             testing.tRunner
-----------+-------------------------------------------------------
      case:  static62
     phase:  decision_step
10000000ns   encoding/json/jsontext.Token.string
             encoding/json.(*Decoder).Token
             github.com/ruipengliu/lerna/contract/v1_2.parseValue
             github.com/ruipengliu/lerna/contract/v1_2.parseValue
             github.com/ruipengliu/lerna/contract/v1_2.parseJSON
             github.com/ruipengliu/lerna/contract/v1_2.Encode[go.shape.struct { Owner github.com/ruipengliu/lerna/contract/gen/go/v1_2.OwnerRef "json:\"owner\""; ContentID github.com/ruipengliu/lerna/contract/gen/go/v1_2.ID "json:\"content_id\""; Version string "json:\"version\""; Hash string "json:\"hash\""; MediaType string "json:\"media_type\""; ByteLength github.com/ruipengliu/lerna/contract/gen/go/v1_2.Revision "json:\"byte_length\"" }]
             github.com/ruipengliu/lerna/domain/content.VersionIdentity
             github.com/ruipengliu/lerna/adapters/postgres/content.(*Store).LockVersion
             github.com/ruipengliu/lerna/domain/content.(*Service).registeredClosure.func1
             github.com/ruipengliu/lerna/domain/content.(*Service).registeredClosure
             github.com/ruipengliu/lerna/domain/content.(*Service).ReadForProcessing.func1
             github.com/ruipengliu/lerna/adapters/postgres/internal/pgstore.(*Core).Within
             github.com/ruipengliu/lerna/adapters/postgres/content.(*Store).Within
             github.com/ruipengliu/lerna/domain/content.(*Service).ReadForProcessing
             github.com/ruipengliu/lerna/conformance/internal/decisionfixture.claimDiagnosticContent.ReadForProcessing
             github.com/ruipengliu/lerna/adapters/content/decision.(*Adapter).read
             github.com/ruipengliu/lerna/adapters/content/decision.(*Adapter).ReadSnapshot
             github.com/ruipengliu/lerna/conformance/internal/decisionfixture.claimDiagnosticSource.ReadSnapshot
             github.com/ruipengliu/lerna/components/decision_engine.(*Service).calculate
             github.com/ruipengliu/lerna/components/decision_engine.(*Service).RunClaim
             github.com/ruipengliu/lerna/components/decision_engine.(*Service).Step
             github.com/ruipengliu/lerna/conformance/component_test.completeContextDecision.func1
             runtime/pprof.Do
             github.com/ruipengliu/lerna/conformance/component_test.completeContextDecision
             github.com/ruipengliu/lerna/conformance/component_test.TestContentContextStaticModeMaximumReachable62Materials
             testing.tRunner
-----------+-------------------------------------------------------
      case:  static62
     phase:  decision_step
10000000ns   encoding/json/jsontext.(*decoderState).consumeObject
             encoding/json/jsontext.(*decoderState).consumeValue
             encoding/json/jsontext.(*decoderState).CheckNextValue
             encoding/json/v2.unmarshalDecode
             encoding/json/v2.Unmarshal
             github.com/ruipengliu/lerna/adapters/postgres/content.(*Store).CheckPolicy
             github.com/ruipengliu/lerna/domain/content.(*Service).registeredClosure.func1
             github.com/ruipengliu/lerna/domain/content.(*Service).registeredClosure
             github.com/ruipengliu/lerna/domain/content.(*Service).ReadForProcessing.func1
             github.com/ruipengliu/lerna/adapters/postgres/internal/pgstore.(*Core).Within
             github.com/ruipengliu/lerna/adapters/postgres/content.(*Store).Within
             github.com/ruipengliu/lerna/domain/content.(*Service).ReadForProcessing
             github.com/ruipengliu/lerna/conformance/internal/decisionfixture.claimDiagnosticContent.ReadForProcessing
             github.com/ruipengliu/lerna/adapters/content/decision.(*Adapter).read
             github.com/ruipengliu/lerna/adapters/content/decision.(*Adapter).ReadSnapshot
             github.com/ruipengliu/lerna/conformance/internal/decisionfixture.claimDiagnosticSource.ReadSnapshot
             github.com/ruipengliu/lerna/components/decision_engine.(*Service).calculate
             github.com/ruipengliu/lerna/components/decision_engine.(*Service).RunClaim
             github.com/ruipengliu/lerna/components/decision_engine.(*Service).Step
             github.com/ruipengliu/lerna/conformance/component_test.completeContextDecision.func1
             runtime/pprof.Do
             github.com/ruipengliu/lerna/conformance/component_test.completeContextDecision
             github.com/ruipengliu/lerna/conformance/component_test.TestContentContextStaticModeMaximumReachable62Materials
             testing.tRunner
-----------+-------------------------------------------------------
      case:  static62
     phase:  decision_step
10000000ns   regexp/syntax.(*Inst).MatchRunePos
             regexp.(*Regexp).doOnePass
             regexp.(*Regexp).find
             regexp.(*Regexp).MatchString
             github.com/santhosh-tekuri/jsonschema/v6.(*validator).strValidate
             github.com/santhosh-tekuri/jsonschema/v6.(*validator).validate
             github.com/santhosh-tekuri/jsonschema/v6.(*validator).validateSelf
             github.com/santhosh-tekuri/jsonschema/v6.(*validator).validateRef
             github.com/santhosh-tekuri/jsonschema/v6.(*validator).validate
             github.com/santhosh-tekuri/jsonschema/v6.(*validator).validateVal
             github.com/santhosh-tekuri/jsonschema/v6.(*validator).objValidate
             github.com/santhosh-tekuri/jsonschema/v6.(*validator).validate
             github.com/santhosh-tekuri/jsonschema/v6.(*validator).validateSelf
             github.com/santhosh-tekuri/jsonschema/v6.(*validator).validateRef
             github.com/santhosh-tekuri/jsonschema/v6.(*validator).validate
             github.com/santhosh-tekuri/jsonschema/v6.(*validator).validateVal
             github.com/santhosh-tekuri/jsonschema/v6.(*validator).objValidate
             github.com/santhosh-tekuri/jsonschema/v6.(*validator).validate
             github.com/santhosh-tekuri/jsonschema/v6.(*Schema).validate
             github.com/ruipengliu/lerna/contract/v1_2.Validate
             github.com/ruipengliu/lerna/contract/v1_2.Encode[go.shape.struct { Owner github.com/ruipengliu/lerna/contract/gen/go/v1_2.OwnerRef "json:\"owner\""; ContentID github.com/ruipengliu/lerna/contract/gen/go/v1_2.ID "json:\"content_id\""; Version string "json:\"version\""; Hash string "json:\"hash\""; MediaType string "json:\"media_type\""; ByteLength github.com/ruipengliu/lerna/contract/gen/go/v1_2.Revision "json:\"byte_length\"" }]
             github.com/ruipengliu/lerna/domain/content.VersionIdentity
             github.com/ruipengliu/lerna/domain/content.(*Service).registeredClosure.func1
             github.com/ruipengliu/lerna/domain/content.(*Service).registeredClosure
             github.com/ruipengliu/lerna/domain/content.(*Service).ReadForProcessing.func1
             github.com/ruipengliu/lerna/adapters/postgres/internal/pgstore.(*Core).Within
             github.com/ruipengliu/lerna/adapters/postgres/content.(*Store).Within
             github.com/ruipengliu/lerna/domain/content.(*Service).ReadForProcessing
             github.com/ruipengliu/lerna/conformance/internal/decisionfixture.claimDiagnosticContent.ReadForProcessing
             github.com/ruipengliu/lerna/adapters/content/decision.(*Adapter).read
             github.com/ruipengliu/lerna/adapters/content/decision.(*Adapter).ReadSnapshot
             github.com/ruipengliu/lerna/conformance/internal/decisionfixture.claimDiagnosticSource.ReadSnapshot
             github.com/ruipengliu/lerna/components/decision_engine.(*Service).calculate
             github.com/ruipengliu/lerna/components/decision_engine.(*Service).RunClaim
             github.com/ruipengliu/lerna/components/decision_engine.(*Service).Step
             github.com/ruipengliu/lerna/conformance/component_test.completeContextDecision.func1
             runtime/pprof.Do
             github.com/ruipengliu/lerna/conformance/component_test.completeContextDecision
             github.com/ruipengliu/lerna/conformance/component_test.TestContentContextStaticModeMaximumReachable62Materials
             testing.tRunner
-----------+-------------------------------------------------------
      case:  static62
     phase:  decision_step
10000000ns   internal/abi.TypeFor[go.shape.[]uint8]
             github.com/ruipengliu/lerna/contract/v1_2.wireValue
             github.com/ruipengliu/lerna/contract/v1_2.wireValue
             github.com/ruipengliu/lerna/contract/v1_2.wireValue
             github.com/ruipengliu/lerna/contract/v1_2.Validate
             github.com/ruipengliu/lerna/contract/v1_2.Encode[go.shape.struct { Owner github.com/ruipengliu/lerna/contract/gen/go/v1_2.OwnerRef "json:\"owner\""; ContentID github.com/ruipengliu/lerna/contract/gen/go/v1_2.ID "json:\"content_id\""; Version string "json:\"version\""; Hash string "json:\"hash\""; MediaType string "json:\"media_type\""; ByteLength github.com/ruipengliu/lerna/contract/gen/go/v1_2.Revision "json:\"byte_length\"" }]
             github.com/ruipengliu/lerna/domain/content.VersionIdentity
             github.com/ruipengliu/lerna/domain/content.(*Service).registeredClosure.func1
             github.com/ruipengliu/lerna/domain/content.(*Service).registeredClosure
             github.com/ruipengliu/lerna/domain/content.(*Service).ReadForProcessing.func1
             github.com/ruipengliu/lerna/adapters/postgres/internal/pgstore.(*Core).Within
             github.com/ruipengliu/lerna/adapters/postgres/content.(*Store).Within
             github.com/ruipengliu/lerna/domain/content.(*Service).ReadForProcessing
             github.com/ruipengliu/lerna/conformance/internal/decisionfixture.claimDiagnosticContent.ReadForProcessing
             github.com/ruipengliu/lerna/adapters/content/decision.(*Adapter).read
             github.com/ruipengliu/lerna/adapters/content/decision.(*Adapter).ReadSnapshot
             github.com/ruipengliu/lerna/conformance/internal/decisionfixture.claimDiagnosticSource.ReadSnapshot
             github.com/ruipengliu/lerna/components/decision_engine.(*Service).calculate
             github.com/ruipengliu/lerna/components/decision_engine.(*Service).RunClaim
             github.com/ruipengliu/lerna/components/decision_engine.(*Service).Step
             github.com/ruipengliu/lerna/conformance/component_test.completeContextDecision.func1
             runtime/pprof.Do
             github.com/ruipengliu/lerna/conformance/component_test.completeContextDecision
             github.com/ruipengliu/lerna/conformance/component_test.TestContentContextStaticModeMaximumReachable62Materials
             testing.tRunner
-----------+-------------------------------------------------------
      case:  static62
     phase:  decision_step
10000000ns   runtime.futex
             runtime.futexwakeup
             runtime.notewakeup
             runtime.entersyscallWakeSysmon
             runtime.systemstack
             runtime.reentersyscall
             runtime.entersyscall
             syscall.Syscall
             syscall.read
             syscall.Read
             internal/poll.(*FD).Read
             net.(*netFD).Read
             net.(*conn).Read
             github.com/jackc/pgx/v5/pgconn/internal/bgreader.(*BGReader).Read
             io.ReadAtLeast
             github.com/jackc/pgx/v5/pgproto3.(*chunkReader).Next
             github.com/jackc/pgx/v5/pgproto3.(*Frontend).Receive
             github.com/jackc/pgx/v5/pgconn.(*PgConn).peekMessage
             github.com/jackc/pgx/v5/pgconn.(*PgConn).receiveMessage
             github.com/jackc/pgx/v5/pgconn.(*ResultReader).receiveMessage
             github.com/jackc/pgx/v5/pgconn.(*ResultReader).readUntilRowDescription
             github.com/jackc/pgx/v5/pgconn.(*PgConn).execExtendedSuffix
             github.com/jackc/pgx/v5/pgconn.(*PgConn).ExecStatement
             github.com/jackc/pgx/v5.(*Conn).Query
             github.com/jackc/pgx/v5/stdlib.(*Conn).QueryContext
             database/sql.ctxDriverQuery
             database/sql.(*DB).queryDC.func1
             database/sql.withLock
             database/sql.(*DB).queryDC
             database/sql.(*Tx).QueryContext
             github.com/ruipengliu/lerna/adapters/postgres/content.(*Store).LockVersion
             github.com/ruipengliu/lerna/domain/content.(*Service).registeredClosure.func1
             github.com/ruipengliu/lerna/domain/content.(*Service).registeredClosure
             github.com/ruipengliu/lerna/domain/content.(*Service).ReadForProcessing.func1
             github.com/ruipengliu/lerna/adapters/postgres/internal/pgstore.(*Core).Within
             github.com/ruipengliu/lerna/adapters/postgres/content.(*Store).Within
             github.com/ruipengliu/lerna/domain/content.(*Service).ReadForProcessing
             github.com/ruipengliu/lerna/conformance/internal/decisionfixture.claimDiagnosticContent.ReadForProcessing
             github.com/ruipengliu/lerna/adapters/content/decision.(*Adapter).read
             github.com/ruipengliu/lerna/adapters/content/decision.(*Adapter).ReadSnapshot
             github.com/ruipengliu/lerna/conformance/internal/decisionfixture.claimDiagnosticSource.ReadSnapshot
             github.com/ruipengliu/lerna/components/decision_engine.(*Service).calculate
             github.com/ruipengliu/lerna/components/decision_engine.(*Service).RunClaim
             github.com/ruipengliu/lerna/components/decision_engine.(*Service).Step
             github.com/ruipengliu/lerna/conformance/component_test.completeContextDecision.func1
             runtime/pprof.Do
             github.com/ruipengliu/lerna/conformance/component_test.completeContextDecision
             github.com/ruipengliu/lerna/conformance/component_test.TestContentContextStaticModeMaximumReachable62Materials
             testing.tRunner
-----------+-------------------------------------------------------
      case:  static62
     phase:  decision_step
10000000ns   runtime.findObject
             runtime.checkptrBase
             runtime.checkptrStraddles
             runtime.checkptrAlignment
             github.com/jackc/pgx/v5/stdlib.(*Rows).Columns
             database/sql.(*Rows).nextLocked
             database/sql.(*Rows).Next.func1
             database/sql.(*Rows).Next
             database/sql.(*Row).Scan
             github.com/ruipengliu/lerna/adapters/postgres/internal/pgstore.(*Core).Now
             github.com/ruipengliu/lerna/adapters/postgres/content.(*Store).Now
             github.com/ruipengliu/lerna/domain/content.(*Service).registeredClosure.func1
             github.com/ruipengliu/lerna/domain/content.(*Service).registeredClosure
             github.com/ruipengliu/lerna/domain/content.(*Service).ReadForProcessing.func1
             github.com/ruipengliu/lerna/adapters/postgres/internal/pgstore.(*Core).Within
             github.com/ruipengliu/lerna/adapters/postgres/content.(*Store).Within
             github.com/ruipengliu/lerna/domain/content.(*Service).ReadForProcessing
             github.com/ruipengliu/lerna/conformance/internal/decisionfixture.claimDiagnosticContent.ReadForProcessing
             github.com/ruipengliu/lerna/adapters/content/decision.(*Adapter).read
             github.com/ruipengliu/lerna/adapters/content/decision.(*Adapter).ReadSnapshot
             github.com/ruipengliu/lerna/conformance/internal/decisionfixture.claimDiagnosticSource.ReadSnapshot
             github.com/ruipengliu/lerna/components/decision_engine.(*Service).calculate
             github.com/ruipengliu/lerna/components/decision_engine.(*Service).RunClaim
             github.com/ruipengliu/lerna/components/decision_engine.(*Service).Step
             github.com/ruipengliu/lerna/conformance/component_test.completeContextDecision.func1
             runtime/pprof.Do
             github.com/ruipengliu/lerna/conformance/component_test.completeContextDecision
             github.com/ruipengliu/lerna/conformance/component_test.TestContentContextStaticModeMaximumReachable62Materials
             testing.tRunner
-----------+-------------------------------------------------------
      case:  static62
     phase:  decision_step
10000000ns   runtime.write1
             runtime.write
             runtime.netpollBreak
             runtime.wakeNetPoller
             runtime.(*timer).maybeAdd
             runtime.(*timer).modify
             time.resetTimer
             time.(*Timer).Reset
             github.com/jackc/pgx/v5/pgconn.(*PgConn).flushWithPotentialWriteReadDeadlock
             github.com/jackc/pgx/v5/pgconn.(*PgConn).execExtendedSuffix
             github.com/jackc/pgx/v5/pgconn.(*PgConn).ExecStatement
             github.com/jackc/pgx/v5.(*Conn).Query
             github.com/jackc/pgx/v5/stdlib.(*Conn).QueryContext
             database/sql.ctxDriverQuery
             database/sql.(*DB).queryDC.func1
             database/sql.withLock
             database/sql.(*DB).queryDC
             database/sql.(*Tx).QueryContext
             github.com/ruipengliu/lerna/adapters/postgres/content.(*Store).CheckPolicy
             github.com/ruipengliu/lerna/domain/content.(*Service).registeredClosure.func1
             github.com/ruipengliu/lerna/domain/content.(*Service).registeredClosure
             github.com/ruipengliu/lerna/domain/content.(*Service).ReadForProcessing.func1
             github.com/ruipengliu/lerna/adapters/postgres/internal/pgstore.(*Core).Within
             github.com/ruipengliu/lerna/adapters/postgres/content.(*Store).Within
             github.com/ruipengliu/lerna/domain/content.(*Service).ReadForProcessing
             github.com/ruipengliu/lerna/conformance/internal/decisionfixture.claimDiagnosticContent.ReadForProcessing
             github.com/ruipengliu/lerna/adapters/content/decision.(*Adapter).read
             github.com/ruipengliu/lerna/adapters/content/decision.(*Adapter).ReadSnapshot
             github.com/ruipengliu/lerna/conformance/internal/decisionfixture.claimDiagnosticSource.ReadSnapshot
             github.com/ruipengliu/lerna/components/decision_engine.(*Service).calculate
             github.com/ruipengliu/lerna/components/decision_engine.(*Service).RunClaim
             github.com/ruipengliu/lerna/components/decision_engine.(*Service).Step
             github.com/ruipengliu/lerna/conformance/component_test.completeContextDecision.func1
             runtime/pprof.Do
             github.com/ruipengliu/lerna/conformance/component_test.completeContextDecision
             github.com/ruipengliu/lerna/conformance/component_test.TestContentContextStaticModeMaximumReachable62Materials
             testing.tRunner
-----------+-------------------------------------------------------
      case:  static62
     phase:  decision_step
10000000ns   internal/runtime/syscall/linux.Syscall6
             syscall.RawSyscall6
             syscall.Syscall
             syscall.read
             syscall.Read
             internal/poll.(*FD).Read
             net.(*netFD).Read
             net.(*conn).Read
             github.com/jackc/pgx/v5/pgconn/internal/bgreader.(*BGReader).Read
             io.ReadAtLeast
             github.com/jackc/pgx/v5/pgproto3.(*chunkReader).Next
             github.com/jackc/pgx/v5/pgproto3.(*Frontend).Receive
             github.com/jackc/pgx/v5/pgconn.(*PgConn).peekMessage
             github.com/jackc/pgx/v5/pgconn.(*PgConn).receiveMessage
             github.com/jackc/pgx/v5/pgconn.(*ResultReader).receiveMessage
             github.com/jackc/pgx/v5/pgconn.(*ResultReader).readUntilRowDescription
             github.com/jackc/pgx/v5/pgconn.(*PgConn).execExtendedSuffix
             github.com/jackc/pgx/v5/pgconn.(*PgConn).ExecStatement
             github.com/jackc/pgx/v5.(*Conn).Query
             github.com/jackc/pgx/v5/stdlib.(*Conn).QueryContext
             database/sql.ctxDriverQuery
             database/sql.(*DB).queryDC.func1
             database/sql.withLock
             database/sql.(*DB).queryDC
             database/sql.(*Tx).QueryContext
             github.com/ruipengliu/lerna/adapters/postgres/content.(*Store).CheckPolicy
             github.com/ruipengliu/lerna/domain/content.(*Service).registeredClosure.func1
             github.com/ruipengliu/lerna/domain/content.(*Service).registeredClosure
             github.com/ruipengliu/lerna/domain/content.(*Service).ReadForProcessing.func1
             github.com/ruipengliu/lerna/adapters/postgres/internal/pgstore.(*Core).Within
             github.com/ruipengliu/lerna/adapters/postgres/content.(*Store).Within
             github.com/ruipengliu/lerna/domain/content.(*Service).ReadForProcessing
             github.com/ruipengliu/lerna/conformance/internal/decisionfixture.claimDiagnosticContent.ReadForProcessing
             github.com/ruipengliu/lerna/adapters/content/decision.(*Adapter).read
             github.com/ruipengliu/lerna/adapters/content/decision.(*Adapter).ReadSnapshot
             github.com/ruipengliu/lerna/conformance/internal/decisionfixture.claimDiagnosticSource.ReadSnapshot
             github.com/ruipengliu/lerna/components/decision_engine.(*Service).calculate
             github.com/ruipengliu/lerna/components/decision_engine.(*Service).RunClaim
             github.com/ruipengliu/lerna/components/decision_engine.(*Service).Step
             github.com/ruipengliu/lerna/conformance/component_test.completeContextDecision.func1
             runtime/pprof.Do
             github.com/ruipengliu/lerna/conformance/component_test.completeContextDecision
             github.com/ruipengliu/lerna/conformance/component_test.TestContentContextStaticModeMaximumReachable62Materials
             testing.tRunner
-----------+-------------------------------------------------------
      case:  static62
     phase:  decision_step
10000000ns   runtime.checkptrBase
             runtime.checkptrStraddles
             runtime.checkptrAlignment
             github.com/ruipengliu/lerna/contract/v1_2.wireValue
             github.com/ruipengliu/lerna/contract/v1_2.wireValue
             github.com/ruipengliu/lerna/contract/v1_2.Validate
             github.com/ruipengliu/lerna/contract/v1_2.Encode[go.shape.struct { Owner github.com/ruipengliu/lerna/contract/gen/go/v1_2.OwnerRef "json:\"owner\""; ContentID github.com/ruipengliu/lerna/contract/gen/go/v1_2.ID "json:\"content_id\""; Version string "json:\"version\""; Hash string "json:\"hash\""; MediaType string "json:\"media_type\""; ByteLength github.com/ruipengliu/lerna/contract/gen/go/v1_2.Revision "json:\"byte_length\"" }]
             github.com/ruipengliu/lerna/domain/content.VersionIdentity
             github.com/ruipengliu/lerna/domain/content.sortRefs
             github.com/ruipengliu/lerna/domain/content.(*Service).registeredClosure.func1
             github.com/ruipengliu/lerna/domain/content.(*Service).registeredClosure
             github.com/ruipengliu/lerna/domain/content.(*Service).ReadForProcessing.func1
             github.com/ruipengliu/lerna/adapters/postgres/internal/pgstore.(*Core).Within
             github.com/ruipengliu/lerna/adapters/postgres/content.(*Store).Within
             github.com/ruipengliu/lerna/domain/content.(*Service).ReadForProcessing
             github.com/ruipengliu/lerna/conformance/internal/decisionfixture.claimDiagnosticContent.ReadForProcessing
             github.com/ruipengliu/lerna/adapters/content/decision.(*Adapter).read
             github.com/ruipengliu/lerna/adapters/content/decision.(*Adapter).ReadSnapshot
             github.com/ruipengliu/lerna/conformance/internal/decisionfixture.claimDiagnosticSource.ReadSnapshot
             github.com/ruipengliu/lerna/components/decision_engine.(*Service).calculate
             github.com/ruipengliu/lerna/components/decision_engine.(*Service).RunClaim
             github.com/ruipengliu/lerna/components/decision_engine.(*Service).Step
             github.com/ruipengliu/lerna/conformance/component_test.completeContextDecision.func1
             runtime/pprof.Do
             github.com/ruipengliu/lerna/conformance/component_test.completeContextDecision
             github.com/ruipengliu/lerna/conformance/component_test.TestContentContextStaticModeMaximumReachable62Materials
             testing.tRunner
-----------+-------------------------------------------------------
      case:  static62
     phase:  decision_step
10000000ns   github.com/ruipengliu/lerna/contract/v1_2.Encode[go.shape.struct { Owner github.com/ruipengliu/lerna/contract/gen/go/v1_2.OwnerRef "json:\"owner\""; ContentID github.com/ruipengliu/lerna/contract/gen/go/v1_2.ID "json:\"content_id\""; Version string "json:\"version\""; Hash string "json:\"hash\""; MediaType string "json:\"media_type\""; ByteLength github.com/ruipengliu/lerna/contract/gen/go/v1_2.Revision "json:\"byte_length\"" }]
             github.com/ruipengliu/lerna/domain/content.VersionIdentity
             github.com/ruipengliu/lerna/domain/content.(*Service).registeredClosure.func1
             github.com/ruipengliu/lerna/domain/content.(*Service).registeredClosure.func1
             github.com/ruipengliu/lerna/domain/content.(*Service).registeredClosure
             github.com/ruipengliu/lerna/domain/content.(*Service).ReadForProcessing.func1
             github.com/ruipengliu/lerna/adapters/postgres/internal/pgstore.(*Core).Within
             github.com/ruipengliu/lerna/adapters/postgres/content.(*Store).Within
             github.com/ruipengliu/lerna/domain/content.(*Service).ReadForProcessing
             github.com/ruipengliu/lerna/conformance/internal/decisionfixture.claimDiagnosticContent.ReadForProcessing
             github.com/ruipengliu/lerna/adapters/content/decision.(*Adapter).read
             github.com/ruipengliu/lerna/adapters/content/decision.(*Adapter).ReadSnapshot
             github.com/ruipengliu/lerna/conformance/internal/decisionfixture.claimDiagnosticSource.ReadSnapshot
             github.com/ruipengliu/lerna/components/decision_engine.(*Service).calculate
             github.com/ruipengliu/lerna/components/decision_engine.(*Service).RunClaim
             github.com/ruipengliu/lerna/components/decision_engine.(*Service).Step
             github.com/ruipengliu/lerna/conformance/component_test.completeContextDecision.func1
             runtime/pprof.Do
             github.com/ruipengliu/lerna/conformance/component_test.completeContextDecision
             github.com/ruipengliu/lerna/conformance/component_test.TestContentContextStaticModeMaximumReachable62Materials
             testing.tRunner
-----------+-------------------------------------------------------
      case:  static62
     phase:  decision_step
10000000ns   internal/runtime/maps.(*Iter).Next
             runtime.mapIterStart
             github.com/santhosh-tekuri/jsonschema/v6.(*validator).objValidate
             github.com/santhosh-tekuri/jsonschema/v6.(*validator).validate
             github.com/santhosh-tekuri/jsonschema/v6.(*validator).validateVal
             github.com/santhosh-tekuri/jsonschema/v6.(*validator).objValidate
             github.com/santhosh-tekuri/jsonschema/v6.(*validator).validate
             github.com/santhosh-tekuri/jsonschema/v6.(*Schema).validate
             github.com/ruipengliu/lerna/contract/v1_2.Validate
             github.com/ruipengliu/lerna/contract/v1_2.Encode[go.shape.struct { Owner github.com/ruipengliu/lerna/contract/gen/go/v1_2.OwnerRef "json:\"owner\""; ContentID github.com/ruipengliu/lerna/contract/gen/go/v1_2.ID "json:\"content_id\""; Version string "json:\"version\""; Hash string "json:\"hash\""; MediaType string "json:\"media_type\""; ByteLength github.com/ruipengliu/lerna/contract/gen/go/v1_2.Revision "json:\"byte_length\"" }]
             github.com/ruipengliu/lerna/domain/content.VersionIdentity
             github.com/ruipengliu/lerna/domain/content.sortRefs
             github.com/ruipengliu/lerna/domain/content.(*Service).registeredClosure
             github.com/ruipengliu/lerna/domain/content.(*Service).ReadForProcessing.func1
             github.com/ruipengliu/lerna/adapters/postgres/internal/pgstore.(*Core).Within
             github.com/ruipengliu/lerna/adapters/postgres/content.(*Store).Within
             github.com/ruipengliu/lerna/domain/content.(*Service).ReadForProcessing
             github.com/ruipengliu/lerna/conformance/internal/decisionfixture.claimDiagnosticContent.ReadForProcessing
             github.com/ruipengliu/lerna/adapters/content/decision.(*Adapter).read
             github.com/ruipengliu/lerna/adapters/content/decision.(*Adapter).ReadSnapshot
             github.com/ruipengliu/lerna/conformance/internal/decisionfixture.claimDiagnosticSource.ReadSnapshot
             github.com/ruipengliu/lerna/components/decision_engine.(*Service).calculate
             github.com/ruipengliu/lerna/components/decision_engine.(*Service).RunClaim
             github.com/ruipengliu/lerna/components/decision_engine.(*Service).Step
             github.com/ruipengliu/lerna/conformance/component_test.completeContextDecision.func1
             runtime/pprof.Do
             github.com/ruipengliu/lerna/conformance/component_test.completeContextDecision
             github.com/ruipengliu/lerna/conformance/component_test.TestContentContextStaticModeMaximumReachable62Materials
             testing.tRunner
-----------+-------------------------------------------------------
      case:  static62
     phase:  decision_step
10000000ns   encoding/json/jsontext.(*objectNameStack).copyQuotedBuffer
             encoding/json/jsontext.(*decoderState).fetch
             encoding/json/jsontext.(*decoderState).consumeString
             encoding/json/jsontext.(*decoderState).ReadToken
             encoding/json.(*Decoder).Token
             github.com/ruipengliu/lerna/contract/v1_2.parseValue
             github.com/ruipengliu/lerna/contract/v1_2.parseValue
             github.com/ruipengliu/lerna/contract/v1_2.parseJSON
             github.com/ruipengliu/lerna/contract/v1_2.Encode[go.shape.struct { Owner github.com/ruipengliu/lerna/contract/gen/go/v1_2.OwnerRef "json:\"owner\""; ContentID github.com/ruipengliu/lerna/contract/gen/go/v1_2.ID "json:\"content_id\""; Version string "json:\"version\""; Hash string "json:\"hash\""; MediaType string "json:\"media_type\""; ByteLength github.com/ruipengliu/lerna/contract/gen/go/v1_2.Revision "json:\"byte_length\"" }]
             github.com/ruipengliu/lerna/domain/content.VersionIdentity
             github.com/ruipengliu/lerna/domain/content.(*Service).registeredClosure.func1
             github.com/ruipengliu/lerna/domain/content.(*Service).registeredClosure
             github.com/ruipengliu/lerna/domain/content.(*Service).ReadForProcessing.func1
             github.com/ruipengliu/lerna/adapters/postgres/internal/pgstore.(*Core).Within
             github.com/ruipengliu/lerna/adapters/postgres/content.(*Store).Within
             github.com/ruipengliu/lerna/domain/content.(*Service).ReadForProcessing
             github.com/ruipengliu/lerna/conformance/internal/decisionfixture.claimDiagnosticContent.ReadForProcessing
             github.com/ruipengliu/lerna/adapters/content/decision.(*Adapter).read
             github.com/ruipengliu/lerna/adapters/content/decision.(*Adapter).ReadSnapshot
             github.com/ruipengliu/lerna/conformance/internal/decisionfixture.claimDiagnosticSource.ReadSnapshot
             github.com/ruipengliu/lerna/components/decision_engine.(*Service).calculate
             github.com/ruipengliu/lerna/components/decision_engine.(*Service).RunClaim
             github.com/ruipengliu/lerna/components/decision_engine.(*Service).Step
             github.com/ruipengliu/lerna/conformance/component_test.completeContextDecision.func1
             runtime/pprof.Do
             github.com/ruipengliu/lerna/conformance/component_test.completeContextDecision
             github.com/ruipengliu/lerna/conformance/component_test.TestContentContextStaticModeMaximumReachable62Materials
             testing.tRunner
-----------+-------------------------------------------------------
      case:  static62
     phase:  decision_step
10000000ns   github.com/santhosh-tekuri/jsonschema/v6.(*validator).metaResource
             github.com/santhosh-tekuri/jsonschema/v6.(*validator).handleMeta
             github.com/santhosh-tekuri/jsonschema/v6.(*validator).validateVal
             github.com/santhosh-tekuri/jsonschema/v6.(*validator).objValidate
             github.com/santhosh-tekuri/jsonschema/v6.(*validator).validate
             github.com/santhosh-tekuri/jsonschema/v6.(*Schema).validate
             github.com/ruipengliu/lerna/contract/v1_2.Validate
             github.com/ruipengliu/lerna/contract/v1_2.Encode[go.shape.struct { TenantID github.com/ruipengliu/lerna/contract/gen/go/v1_2.ID "json:\"tenant_id\""; SubjectID github.com/ruipengliu/lerna/contract/gen/go/v1_2.ID "json:\"subject_id\""; DelegationChain []github.com/ruipengliu/lerna/contract/gen/go/v1_2.DelegatedSubject "json:\"delegation_chain\"" }]
             github.com/ruipengliu/lerna/adapters/postgres/content.subjectKey
             github.com/ruipengliu/lerna/adapters/postgres/content.(*Store).CheckPolicy
             github.com/ruipengliu/lerna/domain/content.(*Service).registeredClosure.func1
             github.com/ruipengliu/lerna/domain/content.(*Service).registeredClosure
             github.com/ruipengliu/lerna/domain/content.(*Service).ReadForProcessing.func1
             github.com/ruipengliu/lerna/adapters/postgres/internal/pgstore.(*Core).Within
             github.com/ruipengliu/lerna/adapters/postgres/content.(*Store).Within
             github.com/ruipengliu/lerna/domain/content.(*Service).ReadForProcessing
             github.com/ruipengliu/lerna/conformance/internal/decisionfixture.claimDiagnosticContent.ReadForProcessing
             github.com/ruipengliu/lerna/adapters/content/decision.(*Adapter).read
             github.com/ruipengliu/lerna/adapters/content/decision.(*Adapter).ReadSnapshot
             github.com/ruipengliu/lerna/conformance/internal/decisionfixture.claimDiagnosticSource.ReadSnapshot
             github.com/ruipengliu/lerna/components/decision_engine.(*Service).calculate
             github.com/ruipengliu/lerna/components/decision_engine.(*Service).RunClaim
             github.com/ruipengliu/lerna/components/decision_engine.(*Service).Step
             github.com/ruipengliu/lerna/conformance/component_test.completeContextDecision.func1
             runtime/pprof.Do
             github.com/ruipengliu/lerna/conformance/component_test.completeContextDecision
             github.com/ruipengliu/lerna/conformance/component_test.TestContentContextStaticModeMaximumReachable62Materials
             testing.tRunner
-----------+-------------------------------------------------------
      case:  static62
     phase:  decision_step
10000000ns   runtime.futex
             runtime.futexwakeup
             runtime.notewakeup
             runtime.startm
             runtime.wakep
             runtime.newproc.func1
             runtime.systemstack
             runtime.newproc
             database/sql.(*Rows).initContextClose
             database/sql.(*DB).queryDC
             database/sql.(*Tx).QueryContext
             github.com/ruipengliu/lerna/adapters/postgres/internal/pgstore.(*Core).Now
             github.com/ruipengliu/lerna/adapters/postgres/content.(*Store).Now
             github.com/ruipengliu/lerna/domain/content.(*Service).registeredClosure.func1
             github.com/ruipengliu/lerna/domain/content.(*Service).registeredClosure
             github.com/ruipengliu/lerna/domain/content.(*Service).ReadForProcessing.func1
             github.com/ruipengliu/lerna/adapters/postgres/internal/pgstore.(*Core).Within
             github.com/ruipengliu/lerna/adapters/postgres/content.(*Store).Within
             github.com/ruipengliu/lerna/domain/content.(*Service).ReadForProcessing
             github.com/ruipengliu/lerna/conformance/internal/decisionfixture.claimDiagnosticContent.ReadForProcessing
             github.com/ruipengliu/lerna/adapters/content/decision.(*Adapter).read
             github.com/ruipengliu/lerna/adapters/content/decision.(*Adapter).ReadSnapshot
             github.com/ruipengliu/lerna/conformance/internal/decisionfixture.claimDiagnosticSource.ReadSnapshot
             github.com/ruipengliu/lerna/components/decision_engine.(*Service).calculate
             github.com/ruipengliu/lerna/components/decision_engine.(*Service).RunClaim
             github.com/ruipengliu/lerna/components/decision_engine.(*Service).Step
             github.com/ruipengliu/lerna/conformance/component_test.completeContextDecision.func1
             runtime/pprof.Do
             github.com/ruipengliu/lerna/conformance/component_test.completeContextDecision
             github.com/ruipengliu/lerna/conformance/component_test.TestContentContextStaticModeMaximumReachable62Materials
             testing.tRunner
-----------+-------------------------------------------------------
      case:  static62
     phase:  decision_step
10000000ns   github.com/jackc/pgx/v5/pgtype.(*Map).planScan
             github.com/jackc/pgx/v5/stdlib.(*Rows).initValueFuncs
             github.com/jackc/pgx/v5/stdlib.(*Rows).ScanColumn
             database/sql.(*Rows).scanLocked
             database/sql.(*Rows).Scan
             database/sql.(*Row).Scan
             github.com/ruipengliu/lerna/adapters/postgres/content.(*Store).LockVersion
             github.com/ruipengliu/lerna/domain/content.(*Service).registeredClosure.func1
             github.com/ruipengliu/lerna/domain/content.(*Service).registeredClosure
             github.com/ruipengliu/lerna/domain/content.(*Service).ReadForProcessing.func1
             github.com/ruipengliu/lerna/adapters/postgres/internal/pgstore.(*Core).Within
             github.com/ruipengliu/lerna/adapters/postgres/content.(*Store).Within
             github.com/ruipengliu/lerna/domain/content.(*Service).ReadForProcessing
             github.com/ruipengliu/lerna/conformance/internal/decisionfixture.claimDiagnosticContent.ReadForProcessing
             github.com/ruipengliu/lerna/adapters/content/decision.(*Adapter).read
             github.com/ruipengliu/lerna/adapters/content/decision.(*Adapter).ReadSnapshot
             github.com/ruipengliu/lerna/conformance/internal/decisionfixture.claimDiagnosticSource.ReadSnapshot
             github.com/ruipengliu/lerna/components/decision_engine.(*Service).calculate
             github.com/ruipengliu/lerna/components/decision_engine.(*Service).RunClaim
             github.com/ruipengliu/lerna/components/decision_engine.(*Service).Step
             github.com/ruipengliu/lerna/conformance/component_test.completeContextDecision.func1
             runtime/pprof.Do
             github.com/ruipengliu/lerna/conformance/component_test.completeContextDecision
             github.com/ruipengliu/lerna/conformance/component_test.TestContentContextStaticModeMaximumReachable62Materials
             testing.tRunner
-----------+-------------------------------------------------------
      case:  static62
     phase:  decision_step
10000000ns   encoding/json/jsontext.(*decoderState).ReadToken
             encoding/json.(*Decoder).Token
             github.com/ruipengliu/lerna/contract/v1_2.parseValue
             github.com/ruipengliu/lerna/contract/v1_2.parseJSON
             github.com/ruipengliu/lerna/contract/v1_2.Encode[go.shape.struct { Owner github.com/ruipengliu/lerna/contract/gen/go/v1_2.OwnerRef "json:\"owner\""; ContentID github.com/ruipengliu/lerna/contract/gen/go/v1_2.ID "json:\"content_id\""; Version string "json:\"version\""; Hash string "json:\"hash\""; MediaType string "json:\"media_type\""; ByteLength github.com/ruipengliu/lerna/contract/gen/go/v1_2.Revision "json:\"byte_length\"" }]
             github.com/ruipengliu/lerna/domain/content.VersionIdentity
             github.com/ruipengliu/lerna/adapters/postgres/content.(*Store).LockVersion
             github.com/ruipengliu/lerna/domain/content.(*Service).registeredClosure.func1
             github.com/ruipengliu/lerna/domain/content.(*Service).registeredClosure
             github.com/ruipengliu/lerna/domain/content.(*Service).ReadForProcessing.func1
             github.com/ruipengliu/lerna/adapters/postgres/internal/pgstore.(*Core).Within
             github.com/ruipengliu/lerna/adapters/postgres/content.(*Store).Within
             github.com/ruipengliu/lerna/domain/content.(*Service).ReadForProcessing
             github.com/ruipengliu/lerna/conformance/internal/decisionfixture.claimDiagnosticContent.ReadForProcessing
             github.com/ruipengliu/lerna/adapters/content/decision.(*Adapter).read
             github.com/ruipengliu/lerna/adapters/content/decision.(*Adapter).ReadSnapshot
             github.com/ruipengliu/lerna/conformance/internal/decisionfixture.claimDiagnosticSource.ReadSnapshot
             github.com/ruipengliu/lerna/components/decision_engine.(*Service).calculate
             github.com/ruipengliu/lerna/components/decision_engine.(*Service).RunClaim
             github.com/ruipengliu/lerna/components/decision_engine.(*Service).Step
             github.com/ruipengliu/lerna/conformance/component_test.completeContextDecision.func1
             runtime/pprof.Do
             github.com/ruipengliu/lerna/conformance/component_test.completeContextDecision
             github.com/ruipengliu/lerna/conformance/component_test.TestContentContextStaticModeMaximumReachable62Materials
             testing.tRunner
-----------+-------------------------------------------------------
      case:  static62
     phase:  decision_step
10000000ns   reflect.(*rtype).Implements
             github.com/jackc/pgx/v5/stdlib.isSQLScanDestination
             github.com/jackc/pgx/v5/stdlib.(*Rows).ScanColumn
             database/sql.(*Rows).scanLocked
             database/sql.(*Rows).Scan
             database/sql.(*Row).Scan
             github.com/ruipengliu/lerna/adapters/postgres/content.(*Store).CheckPolicy
             github.com/ruipengliu/lerna/domain/content.(*Service).registeredClosure.func1
             github.com/ruipengliu/lerna/domain/content.(*Service).registeredClosure
             github.com/ruipengliu/lerna/domain/content.(*Service).ReadForProcessing.func1
             github.com/ruipengliu/lerna/adapters/postgres/internal/pgstore.(*Core).Within
             github.com/ruipengliu/lerna/adapters/postgres/content.(*Store).Within
             github.com/ruipengliu/lerna/domain/content.(*Service).ReadForProcessing
             github.com/ruipengliu/lerna/conformance/internal/decisionfixture.claimDiagnosticContent.ReadForProcessing
             github.com/ruipengliu/lerna/adapters/content/decision.(*Adapter).read
             github.com/ruipengliu/lerna/adapters/content/decision.(*Adapter).ReadSnapshot
             github.com/ruipengliu/lerna/conformance/internal/decisionfixture.claimDiagnosticSource.ReadSnapshot
             github.com/ruipengliu/lerna/components/decision_engine.(*Service).calculate
             github.com/ruipengliu/lerna/components/decision_engine.(*Service).RunClaim
             github.com/ruipengliu/lerna/components/decision_engine.(*Service).Step
             github.com/ruipengliu/lerna/conformance/component_test.completeContextDecision.func1
             runtime/pprof.Do
             github.com/ruipengliu/lerna/conformance/component_test.completeContextDecision
             github.com/ruipengliu/lerna/conformance/component_test.TestContentContextStaticModeMaximumReachable62Materials
             testing.tRunner
-----------+-------------------------------------------------------
      case:  static62
     phase:  decision_step
10000000ns   internal/runtime/syscall/linux.Syscall6
             syscall.RawSyscall6
             syscall.Syscall
             syscall.write
             syscall.Write
             internal/poll.(*FD).Write
             net.(*netFD).Write
             net.(*conn).Write
             github.com/jackc/pgx/v5/pgproto3.(*Frontend).Flush
             github.com/jackc/pgx/v5/pgconn.(*PgConn).flushWithPotentialWriteReadDeadlock
             github.com/jackc/pgx/v5/pgconn.(*PgConn).execExtendedSuffix
             github.com/jackc/pgx/v5/pgconn.(*PgConn).ExecStatement
             github.com/jackc/pgx/v5.(*Conn).execPrepared
             github.com/jackc/pgx/v5.(*Conn).exec
             github.com/jackc/pgx/v5.(*Conn).Exec
             github.com/jackc/pgx/v5/stdlib.(*Conn).ExecContext
             database/sql.ctxDriverExec
             database/sql.(*DB).execDC.func2
             database/sql.withLock
             database/sql.(*DB).execDC
             database/sql.(*Tx).ExecContext
             github.com/ruipengliu/lerna/adapters/postgres/content.(*Store).LockVersion
             github.com/ruipengliu/lerna/domain/content.(*Service).registeredClosure.func1
             github.com/ruipengliu/lerna/domain/content.(*Service).registeredClosure
             github.com/ruipengliu/lerna/domain/content.(*Service).ReadForProcessing.func1
             github.com/ruipengliu/lerna/adapters/postgres/internal/pgstore.(*Core).Within
             github.com/ruipengliu/lerna/adapters/postgres/content.(*Store).Within
             github.com/ruipengliu/lerna/domain/content.(*Service).ReadForProcessing
             github.com/ruipengliu/lerna/conformance/internal/decisionfixture.claimDiagnosticContent.ReadForProcessing
             github.com/ruipengliu/lerna/adapters/content/decision.(*Adapter).read
             github.com/ruipengliu/lerna/adapters/content/decision.(*Adapter).ReadSnapshot
             github.com/ruipengliu/lerna/conformance/internal/decisionfixture.claimDiagnosticSource.ReadSnapshot
             github.com/ruipengliu/lerna/components/decision_engine.(*Service).calculate
             github.com/ruipengliu/lerna/components/decision_engine.(*Service).RunClaim
             github.com/ruipengliu/lerna/components/decision_engine.(*Service).Step
             github.com/ruipengliu/lerna/conformance/component_test.completeContextDecision.func1
             runtime/pprof.Do
             github.com/ruipengliu/lerna/conformance/component_test.completeContextDecision
             github.com/ruipengliu/lerna/conformance/component_test.TestContentContextStaticModeMaximumReachable62Materials
             testing.tRunner
-----------+-------------------------------------------------------
      case:  static62
     phase:  decision_step
10000000ns   runtime.racefuncenter
             regexp.(*inputString).step
             regexp.(*Regexp).doOnePass
             regexp.(*Regexp).find
             regexp.(*Regexp).MatchString
             github.com/santhosh-tekuri/jsonschema/v6.(*validator).strValidate
             github.com/santhosh-tekuri/jsonschema/v6.(*validator).validate
             github.com/santhosh-tekuri/jsonschema/v6.(*validator).validateVal
             github.com/santhosh-tekuri/jsonschema/v6.(*validator).objValidate
             github.com/santhosh-tekuri/jsonschema/v6.(*validator).validate
             github.com/santhosh-tekuri/jsonschema/v6.(*Schema).validate
             github.com/ruipengliu/lerna/contract/v1_2.Validate
             github.com/ruipengliu/lerna/contract/v1_2.Encode[go.shape.struct { Owner github.com/ruipengliu/lerna/contract/gen/go/v1_2.OwnerRef "json:\"owner\""; ContentID github.com/ruipengliu/lerna/contract/gen/go/v1_2.ID "json:\"content_id\""; Version string "json:\"version\""; Hash string "json:\"hash\""; MediaType string "json:\"media_type\""; ByteLength github.com/ruipengliu/lerna/contract/gen/go/v1_2.Revision "json:\"byte_length\"" }]
             github.com/ruipengliu/lerna/domain/content.VersionIdentity
             github.com/ruipengliu/lerna/adapters/postgres/content.(*Store).LockVersion
             github.com/ruipengliu/lerna/domain/content.(*Service).registeredClosure.func1
             github.com/ruipengliu/lerna/domain/content.(*Service).registeredClosure.func1
             github.com/ruipengliu/lerna/domain/content.(*Service).registeredClosure
             github.com/ruipengliu/lerna/domain/content.(*Service).ReadForProcessing.func1
             github.com/ruipengliu/lerna/adapters/postgres/internal/pgstore.(*Core).Within
             github.com/ruipengliu/lerna/adapters/postgres/content.(*Store).Within
             github.com/ruipengliu/lerna/domain/content.(*Service).ReadForProcessing
             github.com/ruipengliu/lerna/conformance/internal/decisionfixture.claimDiagnosticContent.ReadForProcessing
             github.com/ruipengliu/lerna/adapters/content/decision.(*Adapter).read
             github.com/ruipengliu/lerna/adapters/content/decision.(*Adapter).ReadSnapshot
             github.com/ruipengliu/lerna/conformance/internal/decisionfixture.claimDiagnosticSource.ReadSnapshot
             github.com/ruipengliu/lerna/components/decision_engine.(*Service).calculate
             github.com/ruipengliu/lerna/components/decision_engine.(*Service).RunClaim
             github.com/ruipengliu/lerna/components/decision_engine.(*Service).Step
             github.com/ruipengliu/lerna/conformance/component_test.completeContextDecision.func1
             runtime/pprof.Do
             github.com/ruipengliu/lerna/conformance/component_test.completeContextDecision
             github.com/ruipengliu/lerna/conformance/component_test.TestContentContextStaticModeMaximumReachable62Materials
             testing.tRunner
-----------+-------------------------------------------------------
      case:  static62
     phase:  decision_step
10000000ns   runtime.checkptrBase
             runtime.checkptrStraddles
             runtime.checkptrAlignment
             reflect.Value.Field
             encoding/json/v2.makeStructArshaler.func2
             encoding/json/v2.marshalEncode
             encoding/json/v2.Marshal
             github.com/ruipengliu/lerna/contract/v1_2.Encode[go.shape.struct { Owner github.com/ruipengliu/lerna/contract/gen/go/v1_2.OwnerRef "json:\"owner\""; ContentID github.com/ruipengliu/lerna/contract/gen/go/v1_2.ID "json:\"content_id\""; Version string "json:\"version\""; Hash string "json:\"hash\""; MediaType string "json:\"media_type\""; ByteLength github.com/ruipengliu/lerna/contract/gen/go/v1_2.Revision "json:\"byte_length\"" }]
             github.com/ruipengliu/lerna/domain/content.VersionIdentity
             github.com/ruipengliu/lerna/domain/content.sortRefs
             github.com/ruipengliu/lerna/domain/content.(*Service).registeredClosure
             github.com/ruipengliu/lerna/domain/content.(*Service).ReadForProcessing.func1
             github.com/ruipengliu/lerna/adapters/postgres/internal/pgstore.(*Core).Within
             github.com/ruipengliu/lerna/adapters/postgres/content.(*Store).Within
             github.com/ruipengliu/lerna/domain/content.(*Service).ReadForProcessing
             github.com/ruipengliu/lerna/conformance/internal/decisionfixture.claimDiagnosticContent.ReadForProcessing
             github.com/ruipengliu/lerna/adapters/content/decision.(*Adapter).read
             github.com/ruipengliu/lerna/adapters/content/decision.(*Adapter).ReadSnapshot
             github.com/ruipengliu/lerna/conformance/internal/decisionfixture.claimDiagnosticSource.ReadSnapshot
             github.com/ruipengliu/lerna/components/decision_engine.(*Service).calculate
             github.com/ruipengliu/lerna/components/decision_engine.(*Service).RunClaim
             github.com/ruipengliu/lerna/components/decision_engine.(*Service).Step
             github.com/ruipengliu/lerna/conformance/component_test.completeContextDecision.func1
             runtime/pprof.Do
             github.com/ruipengliu/lerna/conformance/component_test.completeContextDecision
             github.com/ruipengliu/lerna/conformance/component_test.TestContentContextStaticModeMaximumReachable62Materials
             testing.tRunner
-----------+-------------------------------------------------------
      case:  static62
     phase:  decision_step
10000000ns   runtime.futex
             runtime.futexwakeup
             runtime.notewakeup
             runtime.startm
             runtime.wakep
             runtime.newproc.func1
             runtime.systemstack
             runtime.newproc
             database/sql.(*Rows).initContextClose
             database/sql.(*DB).queryDC
             database/sql.(*Tx).QueryContext
             github.com/ruipengliu/lerna/adapters/postgres/content.(*Store).CheckPolicy
             github.com/ruipengliu/lerna/domain/content.(*Service).registeredClosure.func1
             github.com/ruipengliu/lerna/domain/content.(*Service).registeredClosure
             github.com/ruipengliu/lerna/domain/content.(*Service).ReadForProcessing.func1
             github.com/ruipengliu/lerna/adapters/postgres/internal/pgstore.(*Core).Within
             github.com/ruipengliu/lerna/adapters/postgres/content.(*Store).Within
             github.com/ruipengliu/lerna/domain/content.(*Service).ReadForProcessing
             github.com/ruipengliu/lerna/conformance/internal/decisionfixture.claimDiagnosticContent.ReadForProcessing
             github.com/ruipengliu/lerna/adapters/content/decision.(*Adapter).read
             github.com/ruipengliu/lerna/adapters/content/decision.(*Adapter).ReadSnapshot
             github.com/ruipengliu/lerna/conformance/internal/decisionfixture.claimDiagnosticSource.ReadSnapshot
             github.com/ruipengliu/lerna/components/decision_engine.(*Service).calculate
             github.com/ruipengliu/lerna/components/decision_engine.(*Service).RunClaim
             github.com/ruipengliu/lerna/components/decision_engine.(*Service).Step
             github.com/ruipengliu/lerna/conformance/component_test.completeContextDecision.func1
             runtime/pprof.Do
             github.com/ruipengliu/lerna/conformance/component_test.completeContextDecision
             github.com/ruipengliu/lerna/conformance/component_test.TestContentContextStaticModeMaximumReachable62Materials
             testing.tRunner
-----------+-------------------------------------------------------
      case:  static62
     phase:  decision_step
10000000ns   runtime.checkptrAlignment
             github.com/jackc/pgx/v5/stdlib.(*Rows).initValueFuncs
             github.com/jackc/pgx/v5/stdlib.(*Rows).ScanColumn
             database/sql.(*Rows).scanLocked
             database/sql.(*Rows).Scan
             database/sql.(*Row).Scan
             github.com/ruipengliu/lerna/adapters/postgres/content.(*Store).LockVersion
             github.com/ruipengliu/lerna/domain/content.(*Service).registeredClosure.func1
             github.com/ruipengliu/lerna/domain/content.(*Service).registeredClosure
             github.com/ruipengliu/lerna/domain/content.(*Service).ReadForProcessing.func1
             github.com/ruipengliu/lerna/adapters/postgres/internal/pgstore.(*Core).Within
             github.com/ruipengliu/lerna/adapters/postgres/content.(*Store).Within
             github.com/ruipengliu/lerna/domain/content.(*Service).ReadForProcessing
             github.com/ruipengliu/lerna/conformance/internal/decisionfixture.claimDiagnosticContent.ReadForProcessing
             github.com/ruipengliu/lerna/adapters/content/decision.(*Adapter).read
             github.com/ruipengliu/lerna/adapters/content/decision.(*Adapter).ReadSnapshot
             github.com/ruipengliu/lerna/conformance/internal/decisionfixture.claimDiagnosticSource.ReadSnapshot
             github.com/ruipengliu/lerna/components/decision_engine.(*Service).calculate
             github.com/ruipengliu/lerna/components/decision_engine.(*Service).RunClaim
             github.com/ruipengliu/lerna/components/decision_engine.(*Service).Step
             github.com/ruipengliu/lerna/conformance/component_test.completeContextDecision.func1
             runtime/pprof.Do
             github.com/ruipengliu/lerna/conformance/component_test.completeContextDecision
             github.com/ruipengliu/lerna/conformance/component_test.TestContentContextStaticModeMaximumReachable62Materials
             testing.tRunner
-----------+-------------------------------------------------------
      case:  static62
     phase:  decision_step
10000000ns   time.parse
             time.Parse
             github.com/ruipengliu/lerna/domain/content.(*Service).registeredClosure.func1
             github.com/ruipengliu/lerna/domain/content.(*Service).registeredClosure
             github.com/ruipengliu/lerna/domain/content.(*Service).ReadForProcessing.func1
             github.com/ruipengliu/lerna/adapters/postgres/internal/pgstore.(*Core).Within
             github.com/ruipengliu/lerna/adapters/postgres/content.(*Store).Within
             github.com/ruipengliu/lerna/domain/content.(*Service).ReadForProcessing
             github.com/ruipengliu/lerna/conformance/internal/decisionfixture.claimDiagnosticContent.ReadForProcessing
             github.com/ruipengliu/lerna/adapters/content/decision.(*Adapter).read
             github.com/ruipengliu/lerna/adapters/content/decision.(*Adapter).ReadSnapshot
             github.com/ruipengliu/lerna/conformance/internal/decisionfixture.claimDiagnosticSource.ReadSnapshot
             github.com/ruipengliu/lerna/components/decision_engine.(*Service).calculate
             github.com/ruipengliu/lerna/components/decision_engine.(*Service).RunClaim
             github.com/ruipengliu/lerna/components/decision_engine.(*Service).Step
             github.com/ruipengliu/lerna/conformance/component_test.completeContextDecision.func1
             runtime/pprof.Do
             github.com/ruipengliu/lerna/conformance/component_test.completeContextDecision
             github.com/ruipengliu/lerna/conformance/component_test.TestContentContextStaticModeMaximumReachable62Materials
             testing.tRunner
-----------+-------------------------------------------------------
      case:  static62
     phase:  decision_step
10000000ns   github.com/jackc/pgx/v5/pgconn/internal/bgreader.(*BGReader).Read
             io.ReadAtLeast
             github.com/jackc/pgx/v5/pgproto3.(*chunkReader).Next
             github.com/jackc/pgx/v5/pgproto3.(*Frontend).Receive
             github.com/jackc/pgx/v5/pgconn.(*PgConn).peekMessage
             github.com/jackc/pgx/v5/pgconn.(*PgConn).receiveMessage
             github.com/jackc/pgx/v5/pgconn.(*ResultReader).receiveMessage
             github.com/jackc/pgx/v5/pgconn.(*ResultReader).readUntilRowDescription
             github.com/jackc/pgx/v5/pgconn.(*PgConn).execExtendedSuffix
             github.com/jackc/pgx/v5/pgconn.(*PgConn).ExecStatement
             github.com/jackc/pgx/v5.(*Conn).Query
             github.com/jackc/pgx/v5/stdlib.(*Conn).QueryContext
             database/sql.ctxDriverQuery
             database/sql.(*DB).queryDC.func1
             database/sql.withLock
             database/sql.(*DB).queryDC
             database/sql.(*Tx).QueryContext
             github.com/ruipengliu/lerna/adapters/postgres/content.(*Store).CheckPolicy
             github.com/ruipengliu/lerna/domain/content.(*Service).registeredClosure.func1
             github.com/ruipengliu/lerna/domain/content.(*Service).registeredClosure
             github.com/ruipengliu/lerna/domain/content.(*Service).ReadForProcessing.func1
             github.com/ruipengliu/lerna/adapters/postgres/internal/pgstore.(*Core).Within
             github.com/ruipengliu/lerna/adapters/postgres/content.(*Store).Within
             github.com/ruipengliu/lerna/domain/content.(*Service).ReadForProcessing
             github.com/ruipengliu/lerna/conformance/internal/decisionfixture.claimDiagnosticContent.ReadForProcessing
             github.com/ruipengliu/lerna/adapters/content/decision.(*Adapter).read
             github.com/ruipengliu/lerna/adapters/content/decision.(*Adapter).ReadSnapshot
             github.com/ruipengliu/lerna/conformance/internal/decisionfixture.claimDiagnosticSource.ReadSnapshot
             github.com/ruipengliu/lerna/components/decision_engine.(*Service).calculate
             github.com/ruipengliu/lerna/components/decision_engine.(*Service).RunClaim
             github.com/ruipengliu/lerna/components/decision_engine.(*Service).Step
             github.com/ruipengliu/lerna/conformance/component_test.completeContextDecision.func1
             runtime/pprof.Do
             github.com/ruipengliu/lerna/conformance/component_test.completeContextDecision
             github.com/ruipengliu/lerna/conformance/component_test.TestContentContextStaticModeMaximumReachable62Materials
             testing.tRunner
-----------+-------------------------------------------------------
      case:  static62
     phase:  decision_step
10000000ns   runtime.findObject
             runtime.checkptrBase
             runtime.checkptrStraddles
             runtime.checkptrAlignment
             github.com/ruipengliu/lerna/contract/v1_2.wireValue
             github.com/ruipengliu/lerna/contract/v1_2.wireValue
             github.com/ruipengliu/lerna/contract/v1_2.wireValue
             github.com/ruipengliu/lerna/contract/v1_2.Validate
             github.com/ruipengliu/lerna/contract/v1_2.Encode[go.shape.struct { Owner github.com/ruipengliu/lerna/contract/gen/go/v1_2.OwnerRef "json:\"owner\""; ContentID github.com/ruipengliu/lerna/contract/gen/go/v1_2.ID "json:\"content_id\""; Version string "json:\"version\""; Hash string "json:\"hash\""; MediaType string "json:\"media_type\""; ByteLength github.com/ruipengliu/lerna/contract/gen/go/v1_2.Revision "json:\"byte_length\"" }]
             github.com/ruipengliu/lerna/domain/content.VersionIdentity
             github.com/ruipengliu/lerna/domain/content.(*Service).registeredClosure.func1
             github.com/ruipengliu/lerna/domain/content.(*Service).registeredClosure
             github.com/ruipengliu/lerna/domain/content.(*Service).ReadForProcessing.func1
             github.com/ruipengliu/lerna/adapters/postgres/internal/pgstore.(*Core).Within
             github.com/ruipengliu/lerna/adapters/postgres/content.(*Store).Within
             github.com/ruipengliu/lerna/domain/content.(*Service).ReadForProcessing
             github.com/ruipengliu/lerna/conformance/internal/decisionfixture.claimDiagnosticContent.ReadForProcessing
             github.com/ruipengliu/lerna/adapters/content/decision.(*Adapter).read
             github.com/ruipengliu/lerna/adapters/content/decision.(*Adapter).ReadSnapshot
             github.com/ruipengliu/lerna/conformance/internal/decisionfixture.claimDiagnosticSource.ReadSnapshot
             github.com/ruipengliu/lerna/components/decision_engine.(*Service).calculate
             github.com/ruipengliu/lerna/components/decision_engine.(*Service).RunClaim
             github.com/ruipengliu/lerna/components/decision_engine.(*Service).Step
             github.com/ruipengliu/lerna/conformance/component_test.completeContextDecision.func1
             runtime/pprof.Do
             github.com/ruipengliu/lerna/conformance/component_test.completeContextDecision
             github.com/ruipengliu/lerna/conformance/component_test.TestContentContextStaticModeMaximumReachable62Materials
             testing.tRunner
-----------+-------------------------------------------------------
      case:  static62
     phase:  decision_step
10000000ns   runtime.lock2
             runtime.(*timer).stop
             time.stopTimer
             github.com/jackc/pgx/v5/pgconn.(*PgConn).exitPotentialWriteReadDeadlock
             github.com/jackc/pgx/v5/pgconn.(*PgConn).flushWithPotentialWriteReadDeadlock
             github.com/jackc/pgx/v5/pgconn.(*PgConn).execExtendedSuffix
             github.com/jackc/pgx/v5/pgconn.(*PgConn).ExecStatement
             github.com/jackc/pgx/v5.(*Conn).Query
             github.com/jackc/pgx/v5/stdlib.(*Conn).QueryContext
             database/sql.ctxDriverQuery
             database/sql.(*DB).queryDC.func1
             database/sql.withLock
             database/sql.(*DB).queryDC
             database/sql.(*Tx).QueryContext
             github.com/ruipengliu/lerna/adapters/postgres/content.(*Store).LockVersion
             github.com/ruipengliu/lerna/domain/content.(*Service).registeredClosure.func1
             github.com/ruipengliu/lerna/domain/content.(*Service).registeredClosure
             github.com/ruipengliu/lerna/domain/content.(*Service).ReadForProcessing.func1
             github.com/ruipengliu/lerna/adapters/postgres/internal/pgstore.(*Core).Within
             github.com/ruipengliu/lerna/adapters/postgres/content.(*Store).Within
             github.com/ruipengliu/lerna/domain/content.(*Service).ReadForProcessing
             github.com/ruipengliu/lerna/conformance/internal/decisionfixture.claimDiagnosticContent.ReadForProcessing
             github.com/ruipengliu/lerna/adapters/content/decision.(*Adapter).read
             github.com/ruipengliu/lerna/adapters/content/decision.(*Adapter).ReadSnapshot
             github.com/ruipengliu/lerna/conformance/internal/decisionfixture.claimDiagnosticSource.ReadSnapshot
             github.com/ruipengliu/lerna/components/decision_engine.(*Service).calculate
             github.com/ruipengliu/lerna/components/decision_engine.(*Service).RunClaim
             github.com/ruipengliu/lerna/components/decision_engine.(*Service).Step
             github.com/ruipengliu/lerna/conformance/component_test.completeContextDecision.func1
             runtime/pprof.Do
             github.com/ruipengliu/lerna/conformance/component_test.completeContextDecision
             github.com/ruipengliu/lerna/conformance/component_test.TestContentContextStaticModeMaximumReachable62Materials
             testing.tRunner
-----------+-------------------------------------------------------
      case:  static62
     phase:  decision_step
10000000ns   runtime.futex
             runtime.futexwakeup
             runtime.notewakeup
             runtime.startm
             runtime.wakep
             runtime.wakeNetPoller
             runtime.(*timer).maybeAdd
             runtime.(*timer).modify
             time.resetTimer
             time.(*Timer).Reset
             github.com/jackc/pgx/v5/pgconn.(*PgConn).flushWithPotentialWriteReadDeadlock
             github.com/jackc/pgx/v5/pgconn.(*PgConn).execExtendedSuffix
             github.com/jackc/pgx/v5/pgconn.(*PgConn).ExecStatement
             github.com/jackc/pgx/v5.(*Conn).Query
             github.com/jackc/pgx/v5/stdlib.(*Conn).QueryContext
             database/sql.ctxDriverQuery
             database/sql.(*DB).queryDC.func1
             database/sql.withLock
             database/sql.(*DB).queryDC
             database/sql.(*Tx).QueryContext
             github.com/ruipengliu/lerna/adapters/postgres/content.(*Store).LockVersion
             github.com/ruipengliu/lerna/domain/content.(*Service).registeredClosure.func1
             github.com/ruipengliu/lerna/domain/content.(*Service).registeredClosure
             github.com/ruipengliu/lerna/domain/content.(*Service).ReadForProcessing.func1
             github.com/ruipengliu/lerna/adapters/postgres/internal/pgstore.(*Core).Within
             github.com/ruipengliu/lerna/adapters/postgres/content.(*Store).Within
             github.com/ruipengliu/lerna/domain/content.(*Service).ReadForProcessing
             github.com/ruipengliu/lerna/conformance/internal/decisionfixture.claimDiagnosticContent.ReadForProcessing
             github.com/ruipengliu/lerna/adapters/content/decision.(*Adapter).read
             github.com/ruipengliu/lerna/adapters/content/decision.(*Adapter).ReadSnapshot
             github.com/ruipengliu/lerna/conformance/internal/decisionfixture.claimDiagnosticSource.ReadSnapshot
             github.com/ruipengliu/lerna/components/decision_engine.(*Service).calculate
             github.com/ruipengliu/lerna/components/decision_engine.(*Service).RunClaim
             github.com/ruipengliu/lerna/components/decision_engine.(*Service).Step
             github.com/ruipengliu/lerna/conformance/component_test.completeContextDecision.func1
             runtime/pprof.Do
             github.com/ruipengliu/lerna/conformance/component_test.completeContextDecision
             github.com/ruipengliu/lerna/conformance/component_test.TestContentContextStaticModeMaximumReachable62Materials
             testing.tRunner
-----------+-------------------------------------------------------
      case:  static62
     phase:  decision_step
10000000ns   encoding/json/jsontext.wrapSyntacticError
             encoding/json/jsontext.(*decoderState).ReadToken
             encoding/json.(*Decoder).Token
             github.com/ruipengliu/lerna/contract/v1_2.parseJSON
             github.com/ruipengliu/lerna/contract/v1_2.Encode[go.shape.struct { Owner github.com/ruipengliu/lerna/contract/gen/go/v1_2.OwnerRef "json:\"owner\""; ContentID github.com/ruipengliu/lerna/contract/gen/go/v1_2.ID "json:\"content_id\""; Version string "json:\"version\""; Hash string "json:\"hash\""; MediaType string "json:\"media_type\""; ByteLength github.com/ruipengliu/lerna/contract/gen/go/v1_2.Revision "json:\"byte_length\"" }]
             github.com/ruipengliu/lerna/domain/content.VersionIdentity
             github.com/ruipengliu/lerna/adapters/postgres/content.(*Store).LockVersion
             github.com/ruipengliu/lerna/domain/content.(*Service).registeredClosure.func1
             github.com/ruipengliu/lerna/domain/content.(*Service).registeredClosure
             github.com/ruipengliu/lerna/domain/content.(*Service).ReadForProcessing.func1
             github.com/ruipengliu/lerna/adapters/postgres/internal/pgstore.(*Core).Within
             github.com/ruipengliu/lerna/adapters/postgres/content.(*Store).Within
             github.com/ruipengliu/lerna/domain/content.(*Service).ReadForProcessing
             github.com/ruipengliu/lerna/conformance/internal/decisionfixture.claimDiagnosticContent.ReadForProcessing
             github.com/ruipengliu/lerna/adapters/content/decision.(*Adapter).read
             github.com/ruipengliu/lerna/adapters/content/decision.(*Adapter).ReadSnapshot
             github.com/ruipengliu/lerna/conformance/internal/decisionfixture.claimDiagnosticSource.ReadSnapshot
             github.com/ruipengliu/lerna/components/decision_engine.(*Service).calculate
             github.com/ruipengliu/lerna/components/decision_engine.(*Service).RunClaim
             github.com/ruipengliu/lerna/components/decision_engine.(*Service).Step
             github.com/ruipengliu/lerna/conformance/component_test.completeContextDecision.func1
             runtime/pprof.Do
             github.com/ruipengliu/lerna/conformance/component_test.completeContextDecision
             github.com/ruipengliu/lerna/conformance/component_test.TestContentContextStaticModeMaximumReachable62Materials
             testing.tRunner
-----------+-------------------------------------------------------
      case:  static62
     phase:  decision_step
10000000ns   runtime.tryDeferToSpanScan
             runtime.scanObjectsSmall
             runtime.scanSpan
             runtime.gcDrainN
             runtime.gcAssistAlloc1
             runtime.gcAssistAlloc.func2
             runtime.systemstack
             runtime.gcAssistAlloc
             runtime.deductAssistCredit
             runtime.mallocgc
             runtime.newobject
             context.WithCancel
             database/sql.(*Rows).initContextClose
             database/sql.(*DB).queryDC
             database/sql.(*Tx).QueryContext
             github.com/ruipengliu/lerna/adapters/postgres/content.(*Store).LockVersion
             github.com/ruipengliu/lerna/domain/content.(*Service).registeredClosure.func1
             github.com/ruipengliu/lerna/domain/content.(*Service).registeredClosure
             github.com/ruipengliu/lerna/domain/content.(*Service).ReadForProcessing.func1
             github.com/ruipengliu/lerna/adapters/postgres/internal/pgstore.(*Core).Within
             github.com/ruipengliu/lerna/adapters/postgres/content.(*Store).Within
             github.com/ruipengliu/lerna/domain/content.(*Service).ReadForProcessing
             github.com/ruipengliu/lerna/conformance/internal/decisionfixture.claimDiagnosticContent.ReadForProcessing
             github.com/ruipengliu/lerna/adapters/content/decision.(*Adapter).read
             github.com/ruipengliu/lerna/adapters/content/decision.(*Adapter).ReadSnapshot
             github.com/ruipengliu/lerna/conformance/internal/decisionfixture.claimDiagnosticSource.ReadSnapshot
             github.com/ruipengliu/lerna/components/decision_engine.(*Service).calculate
             github.com/ruipengliu/lerna/components/decision_engine.(*Service).RunClaim
             github.com/ruipengliu/lerna/components/decision_engine.(*Service).Step
             github.com/ruipengliu/lerna/conformance/component_test.completeContextDecision.func1
             runtime/pprof.Do
             github.com/ruipengliu/lerna/conformance/component_test.completeContextDecision
             github.com/ruipengliu/lerna/conformance/component_test.TestContentContextStaticModeMaximumReachable62Materials
             testing.tRunner
-----------+-------------------------------------------------------
      case:  static62
     phase:  decision_step
10000000ns   reflect.(*rtype).common
             reflect.(*rtype).Implements
             github.com/jackc/pgx/v5/stdlib.isSQLScanDestination
             github.com/jackc/pgx/v5/stdlib.(*Rows).ScanColumn
             database/sql.(*Rows).scanLocked
             database/sql.(*Rows).Scan
             database/sql.(*Row).Scan
             github.com/ruipengliu/lerna/adapters/postgres/content.(*Store).CheckPolicy
             github.com/ruipengliu/lerna/domain/content.(*Service).ReadForProcessing.func1
             github.com/ruipengliu/lerna/adapters/postgres/internal/pgstore.(*Core).Within
             github.com/ruipengliu/lerna/adapters/postgres/content.(*Store).Within
             github.com/ruipengliu/lerna/domain/content.(*Service).ReadForProcessing
             github.com/ruipengliu/lerna/conformance/internal/decisionfixture.claimDiagnosticContent.ReadForProcessing
             github.com/ruipengliu/lerna/adapters/content/decision.(*Adapter).read
             github.com/ruipengliu/lerna/adapters/content/decision.(*Adapter).ReadSnapshot
             github.com/ruipengliu/lerna/conformance/internal/decisionfixture.claimDiagnosticSource.ReadSnapshot
             github.com/ruipengliu/lerna/components/decision_engine.(*Service).calculate
             github.com/ruipengliu/lerna/components/decision_engine.(*Service).RunClaim
             github.com/ruipengliu/lerna/components/decision_engine.(*Service).Step
             github.com/ruipengliu/lerna/conformance/component_test.completeContextDecision.func1
             runtime/pprof.Do
             github.com/ruipengliu/lerna/conformance/component_test.completeContextDecision
             github.com/ruipengliu/lerna/conformance/component_test.TestContentContextStaticModeMaximumReachable62Materials
             testing.tRunner
-----------+-------------------------------------------------------
      case:  static62
     phase:  decision_step
10000000ns   runtime.mallocgcTiny
             runtime.mallocgc
             runtime.growslice
             encoding/json/jsontext.(*encoderState).WriteToken
             encoding/json/v2.makeSliceArshaler.func2
             encoding/json/v2.marshalEncode
             encoding/json/v2.Marshal
             github.com/ruipengliu/lerna/domain/content.VersionIdentity
             github.com/ruipengliu/lerna/domain/content.sortRefs
             github.com/ruipengliu/lerna/domain/content.(*Service).registeredClosure
             github.com/ruipengliu/lerna/domain/content.(*Service).ReadForProcessing.func1
             github.com/ruipengliu/lerna/adapters/postgres/internal/pgstore.(*Core).Within
             github.com/ruipengliu/lerna/adapters/postgres/content.(*Store).Within
             github.com/ruipengliu/lerna/domain/content.(*Service).ReadForProcessing
             github.com/ruipengliu/lerna/conformance/internal/decisionfixture.claimDiagnosticContent.ReadForProcessing
             github.com/ruipengliu/lerna/adapters/content/decision.(*Adapter).read
             github.com/ruipengliu/lerna/adapters/content/decision.(*Adapter).ReadSnapshot
             github.com/ruipengliu/lerna/conformance/internal/decisionfixture.claimDiagnosticSource.ReadSnapshot
             github.com/ruipengliu/lerna/components/decision_engine.(*Service).calculate
             github.com/ruipengliu/lerna/components/decision_engine.(*Service).RunClaim
             github.com/ruipengliu/lerna/components/decision_engine.(*Service).Step
             github.com/ruipengliu/lerna/conformance/component_test.completeContextDecision.func1
             runtime/pprof.Do
             github.com/ruipengliu/lerna/conformance/component_test.completeContextDecision
             github.com/ruipengliu/lerna/conformance/component_test.TestContentContextStaticModeMaximumReachable62Materials
             testing.tRunner
-----------+-------------------------------------------------------
      case:  static62
     phase:  decision_step
10000000ns   runtime.write1
             runtime.write
             runtime.netpollBreak
             runtime.wakeNetPoller
             runtime.(*timer).maybeAdd
             runtime.(*timer).modify
             time.resetTimer
             time.(*Timer).Reset
             github.com/jackc/pgx/v5/pgconn.(*PgConn).flushWithPotentialWriteReadDeadlock
             github.com/jackc/pgx/v5/pgconn.(*PgConn).execExtendedSuffix
             github.com/jackc/pgx/v5/pgconn.(*PgConn).ExecStatement
             github.com/jackc/pgx/v5.(*Conn).execPrepared
             github.com/jackc/pgx/v5.(*Conn).exec
             github.com/jackc/pgx/v5.(*Conn).Exec
             github.com/jackc/pgx/v5/stdlib.(*Conn).ExecContext
             database/sql.ctxDriverExec
             database/sql.(*DB).execDC.func2
             database/sql.withLock
             database/sql.(*DB).execDC
             database/sql.(*Tx).ExecContext
             github.com/ruipengliu/lerna/adapters/postgres/content.(*Store).LockVersion
             github.com/ruipengliu/lerna/domain/content.(*Service).registeredClosure.func1
             github.com/ruipengliu/lerna/domain/content.(*Service).registeredClosure
             github.com/ruipengliu/lerna/domain/content.(*Service).ReadForProcessing.func1
             github.com/ruipengliu/lerna/adapters/postgres/internal/pgstore.(*Core).Within
             github.com/ruipengliu/lerna/adapters/postgres/content.(*Store).Within
             github.com/ruipengliu/lerna/domain/content.(*Service).ReadForProcessing
             github.com/ruipengliu/lerna/conformance/internal/decisionfixture.claimDiagnosticContent.ReadForProcessing
             github.com/ruipengliu/lerna/adapters/content/decision.(*Adapter).read
             github.com/ruipengliu/lerna/adapters/content/decision.(*Adapter).ReadSnapshot
             github.com/ruipengliu/lerna/conformance/internal/decisionfixture.claimDiagnosticSource.ReadSnapshot
             github.com/ruipengliu/lerna/components/decision_engine.(*Service).calculate
             github.com/ruipengliu/lerna/components/decision_engine.(*Service).RunClaim
             github.com/ruipengliu/lerna/components/decision_engine.(*Service).Step
             github.com/ruipengliu/lerna/conformance/component_test.completeContextDecision.func1
             runtime/pprof.Do
             github.com/ruipengliu/lerna/conformance/component_test.completeContextDecision
             github.com/ruipengliu/lerna/conformance/component_test.TestContentContextStaticModeMaximumReachable62Materials
             testing.tRunner
-----------+-------------------------------------------------------
      case:  static62
     phase:  decision_step
10000000ns   github.com/jackc/pgx/v5/pgproto3.(*ReadyForQuery).Decode
             github.com/jackc/pgx/v5/pgproto3.(*Frontend).Receive
             github.com/jackc/pgx/v5/pgconn.(*PgConn).peekMessage
             github.com/jackc/pgx/v5/pgconn.(*PgConn).receiveMessage
             github.com/jackc/pgx/v5/pgconn.(*ResultReader).receiveMessage
             github.com/jackc/pgx/v5/pgconn.(*ResultReader).Close
             github.com/jackc/pgx/v5/pgconn.(*ResultReader).Read
             github.com/jackc/pgx/v5.(*Conn).execPrepared
             github.com/jackc/pgx/v5.(*Conn).exec
             github.com/jackc/pgx/v5.(*Conn).Exec
             github.com/jackc/pgx/v5/stdlib.(*Conn).ExecContext
             database/sql.ctxDriverExec
             database/sql.(*DB).execDC.func2
             database/sql.withLock
             database/sql.(*DB).execDC
             database/sql.(*Tx).ExecContext
             github.com/ruipengliu/lerna/adapters/postgres/content.(*Store).LockVersion
             github.com/ruipengliu/lerna/domain/content.(*Service).registeredClosure.func1
             github.com/ruipengliu/lerna/domain/content.(*Service).registeredClosure
             github.com/ruipengliu/lerna/domain/content.(*Service).ReadForProcessing.func1
             github.com/ruipengliu/lerna/adapters/postgres/internal/pgstore.(*Core).Within
             github.com/ruipengliu/lerna/adapters/postgres/content.(*Store).Within
             github.com/ruipengliu/lerna/domain/content.(*Service).ReadForProcessing
             github.com/ruipengliu/lerna/conformance/internal/decisionfixture.claimDiagnosticContent.ReadForProcessing
             github.com/ruipengliu/lerna/adapters/content/decision.(*Adapter).read
             github.com/ruipengliu/lerna/adapters/content/decision.(*Adapter).ReadSnapshot
             github.com/ruipengliu/lerna/conformance/internal/decisionfixture.claimDiagnosticSource.ReadSnapshot
             github.com/ruipengliu/lerna/components/decision_engine.(*Service).calculate
             github.com/ruipengliu/lerna/components/decision_engine.(*Service).RunClaim
             github.com/ruipengliu/lerna/components/decision_engine.(*Service).Step
             github.com/ruipengliu/lerna/conformance/component_test.completeContextDecision.func1
             runtime/pprof.Do
             github.com/ruipengliu/lerna/conformance/component_test.completeContextDecision
             github.com/ruipengliu/lerna/conformance/component_test.TestContentContextStaticModeMaximumReachable62Materials
             testing.tRunner
-----------+-------------------------------------------------------
      case:  static62
     phase:  decision_step
10000000ns   runtime.(*mspan).writeHeapBitsSmall
             runtime.mallocgcSmallScanNoHeader
             runtime.mallocgc
             runtime.newobject
             github.com/jackc/pgx/v5/stdlib.(*Rows).initValueFuncs
             github.com/jackc/pgx/v5/stdlib.(*Rows).ScanColumn
             database/sql.(*Rows).scanLocked
             database/sql.(*Rows).Scan
             database/sql.(*Row).Scan
             github.com/ruipengliu/lerna/adapters/postgres/content.(*Store).CheckPolicy
             github.com/ruipengliu/lerna/domain/content.(*Service).registeredClosure.func1
             github.com/ruipengliu/lerna/domain/content.(*Service).registeredClosure
             github.com/ruipengliu/lerna/domain/content.(*Service).ReadForProcessing.func1
             github.com/ruipengliu/lerna/adapters/postgres/internal/pgstore.(*Core).Within
             github.com/ruipengliu/lerna/adapters/postgres/content.(*Store).Within
             github.com/ruipengliu/lerna/domain/content.(*Service).ReadForProcessing
             github.com/ruipengliu/lerna/conformance/internal/decisionfixture.claimDiagnosticContent.ReadForProcessing
             github.com/ruipengliu/lerna/adapters/content/decision.(*Adapter).read
             github.com/ruipengliu/lerna/adapters/content/decision.(*Adapter).ReadSnapshot
             github.com/ruipengliu/lerna/conformance/internal/decisionfixture.claimDiagnosticSource.ReadSnapshot
             github.com/ruipengliu/lerna/components/decision_engine.(*Service).calculate
             github.com/ruipengliu/lerna/components/decision_engine.(*Service).RunClaim
             github.com/ruipengliu/lerna/components/decision_engine.(*Service).Step
             github.com/ruipengliu/lerna/conformance/component_test.completeContextDecision.func1
             runtime/pprof.Do
             github.com/ruipengliu/lerna/conformance/component_test.completeContextDecision
             github.com/ruipengliu/lerna/conformance/component_test.TestContentContextStaticModeMaximumReachable62Materials
             testing.tRunner
-----------+-------------------------------------------------------
      case:  static62
     phase:  decision_step
10000000ns   runtime.checkptrBase
             runtime.checkptrStraddles
             runtime.checkptrAlignment
             internal/abi.TypeFor[go.shape.[]uint8]
             github.com/ruipengliu/lerna/contract/v1_2.wireValue
             github.com/ruipengliu/lerna/contract/v1_2.wireValue
             github.com/ruipengliu/lerna/contract/v1_2.Validate
             github.com/ruipengliu/lerna/contract/v1_2.Encode[go.shape.struct { Owner github.com/ruipengliu/lerna/contract/gen/go/v1_2.OwnerRef "json:\"owner\""; ContentID github.com/ruipengliu/lerna/contract/gen/go/v1_2.ID "json:\"content_id\""; Version string "json:\"version\""; Hash string "json:\"hash\""; MediaType string "json:\"media_type\""; ByteLength github.com/ruipengliu/lerna/contract/gen/go/v1_2.Revision "json:\"byte_length\"" }]
             github.com/ruipengliu/lerna/domain/content.VersionIdentity
             github.com/ruipengliu/lerna/adapters/postgres/content.(*Store).LockVersion
             github.com/ruipengliu/lerna/domain/content.(*Service).registeredClosure.func1
             github.com/ruipengliu/lerna/domain/content.(*Service).registeredClosure
             github.com/ruipengliu/lerna/domain/content.(*Service).ReadForProcessing.func1
             github.com/ruipengliu/lerna/adapters/postgres/internal/pgstore.(*Core).Within
             github.com/ruipengliu/lerna/adapters/postgres/content.(*Store).Within
             github.com/ruipengliu/lerna/domain/content.(*Service).ReadForProcessing
             github.com/ruipengliu/lerna/conformance/internal/decisionfixture.claimDiagnosticContent.ReadForProcessing
             github.com/ruipengliu/lerna/adapters/content/decision.(*Adapter).read
             github.com/ruipengliu/lerna/adapters/content/decision.(*Adapter).ReadSnapshot
             github.com/ruipengliu/lerna/conformance/internal/decisionfixture.claimDiagnosticSource.ReadSnapshot
             github.com/ruipengliu/lerna/components/decision_engine.(*Service).calculate
             github.com/ruipengliu/lerna/components/decision_engine.(*Service).RunClaim
             github.com/ruipengliu/lerna/components/decision_engine.(*Service).Step
             github.com/ruipengliu/lerna/conformance/component_test.completeContextDecision.func1
             runtime/pprof.Do
             github.com/ruipengliu/lerna/conformance/component_test.completeContextDecision
             github.com/ruipengliu/lerna/conformance/component_test.TestContentContextStaticModeMaximumReachable62Materials
             testing.tRunner
-----------+-------------------------------------------------------
      case:  static62
     phase:  decision_step
10000000ns   reflect.(*rtype).Implements
             github.com/jackc/pgx/v5/stdlib.isSQLScanDestination
             github.com/jackc/pgx/v5/stdlib.(*Rows).ScanColumn
             database/sql.(*Rows).scanLocked
             database/sql.(*Rows).Scan
             database/sql.(*Row).Scan
             github.com/ruipengliu/lerna/adapters/postgres/internal/pgstore.(*Core).Now
             github.com/ruipengliu/lerna/adapters/postgres/content.(*Store).Now
             github.com/ruipengliu/lerna/domain/content.(*Service).registeredClosure.func1
             github.com/ruipengliu/lerna/domain/content.(*Service).registeredClosure
             github.com/ruipengliu/lerna/domain/content.(*Service).ReadForProcessing.func1
             github.com/ruipengliu/lerna/adapters/postgres/internal/pgstore.(*Core).Within
             github.com/ruipengliu/lerna/adapters/postgres/content.(*Store).Within
             github.com/ruipengliu/lerna/domain/content.(*Service).ReadForProcessing
             github.com/ruipengliu/lerna/conformance/internal/decisionfixture.claimDiagnosticContent.ReadForProcessing
             github.com/ruipengliu/lerna/adapters/content/decision.(*Adapter).read
             github.com/ruipengliu/lerna/adapters/content/decision.(*Adapter).ReadSnapshot
             github.com/ruipengliu/lerna/conformance/internal/decisionfixture.claimDiagnosticSource.ReadSnapshot
             github.com/ruipengliu/lerna/components/decision_engine.(*Service).calculate
             github.com/ruipengliu/lerna/components/decision_engine.(*Service).RunClaim
             github.com/ruipengliu/lerna/components/decision_engine.(*Service).Step
             github.com/ruipengliu/lerna/conformance/component_test.completeContextDecision.func1
             runtime/pprof.Do
             github.com/ruipengliu/lerna/conformance/component_test.completeContextDecision
             github.com/ruipengliu/lerna/conformance/component_test.TestContentContextStaticModeMaximumReachable62Materials
             testing.tRunner
-----------+-------------------------------------------------------
      case:  static62
     phase:  decision_step
10000000ns   internal/runtime/syscall/linux.Syscall6
             syscall.RawSyscall6
             syscall.Syscall
             syscall.write
             syscall.Write
             internal/poll.(*FD).Write
             net.(*netFD).Write
             net.(*conn).Write
             github.com/jackc/pgx/v5/pgproto3.(*Frontend).Flush
             github.com/jackc/pgx/v5/pgconn.(*PgConn).flushWithPotentialWriteReadDeadlock
             github.com/jackc/pgx/v5/pgconn.(*PgConn).execExtendedSuffix
             github.com/jackc/pgx/v5/pgconn.(*PgConn).ExecStatement
             github.com/jackc/pgx/v5.(*Conn).execPrepared
             github.com/jackc/pgx/v5.(*Conn).exec
             github.com/jackc/pgx/v5.(*Conn).Exec
             github.com/jackc/pgx/v5/stdlib.(*Conn).ExecContext
             database/sql.ctxDriverExec
             database/sql.(*DB).execDC.func2
             database/sql.withLock
             database/sql.(*DB).execDC
             database/sql.(*Tx).ExecContext
             github.com/ruipengliu/lerna/adapters/postgres/content.(*Store).LockVersion
             github.com/ruipengliu/lerna/domain/content.(*Service).registeredClosure.func1
             github.com/ruipengliu/lerna/domain/content.(*Service).registeredClosure
             github.com/ruipengliu/lerna/domain/content.(*Service).ReadForProcessing.func1
             github.com/ruipengliu/lerna/adapters/postgres/internal/pgstore.(*Core).Within
             github.com/ruipengliu/lerna/adapters/postgres/content.(*Store).Within
             github.com/ruipengliu/lerna/domain/content.(*Service).ReadForProcessing
             github.com/ruipengliu/lerna/conformance/internal/decisionfixture.claimDiagnosticContent.ReadForProcessing
             github.com/ruipengliu/lerna/adapters/content/decision.(*Adapter).read
             github.com/ruipengliu/lerna/adapters/content/decision.(*Adapter).ReadSnapshot
             github.com/ruipengliu/lerna/conformance/internal/decisionfixture.claimDiagnosticSource.ReadSnapshot
             github.com/ruipengliu/lerna/components/decision_engine.(*Service).calculate
             github.com/ruipengliu/lerna/components/decision_engine.(*Service).RunClaim
             github.com/ruipengliu/lerna/components/decision_engine.(*Service).Step
             github.com/ruipengliu/lerna/conformance/component_test.completeContextDecision.func1
             runtime/pprof.Do
             github.com/ruipengliu/lerna/conformance/component_test.completeContextDecision
             github.com/ruipengliu/lerna/conformance/component_test.TestContentContextStaticModeMaximumReachable62Materials
             testing.tRunner
-----------+-------------------------------------------------------
      case:  static62
     phase:  decision_step
10000000ns   github.com/santhosh-tekuri/jsonschema/v6.(*validator).arrValidate
             github.com/santhosh-tekuri/jsonschema/v6.(*validator).validate
             github.com/santhosh-tekuri/jsonschema/v6.(*validator).validateVal
             github.com/santhosh-tekuri/jsonschema/v6.(*validator).objValidate
             github.com/santhosh-tekuri/jsonschema/v6.(*validator).validate
             github.com/santhosh-tekuri/jsonschema/v6.(*Schema).validate
             github.com/ruipengliu/lerna/contract/v1_2.Validate
             github.com/ruipengliu/lerna/contract/v1_2.Encode[go.shape.struct { TenantID github.com/ruipengliu/lerna/contract/gen/go/v1_2.ID "json:\"tenant_id\""; SubjectID github.com/ruipengliu/lerna/contract/gen/go/v1_2.ID "json:\"subject_id\""; DelegationChain []github.com/ruipengliu/lerna/contract/gen/go/v1_2.DelegatedSubject "json:\"delegation_chain\"" }]
             github.com/ruipengliu/lerna/adapters/postgres/content.subjectKey
             github.com/ruipengliu/lerna/adapters/postgres/content.(*Store).CheckPolicy
             github.com/ruipengliu/lerna/domain/content.(*Service).registeredClosure.func1
             github.com/ruipengliu/lerna/domain/content.(*Service).registeredClosure
             github.com/ruipengliu/lerna/domain/content.(*Service).ReadForProcessing.func1
             github.com/ruipengliu/lerna/adapters/postgres/internal/pgstore.(*Core).Within
             github.com/ruipengliu/lerna/adapters/postgres/content.(*Store).Within
             github.com/ruipengliu/lerna/domain/content.(*Service).ReadForProcessing
             github.com/ruipengliu/lerna/conformance/internal/decisionfixture.claimDiagnosticContent.ReadForProcessing
             github.com/ruipengliu/lerna/adapters/content/decision.(*Adapter).read
             github.com/ruipengliu/lerna/adapters/content/decision.(*Adapter).ReadSnapshot
             github.com/ruipengliu/lerna/conformance/internal/decisionfixture.claimDiagnosticSource.ReadSnapshot
             github.com/ruipengliu/lerna/components/decision_engine.(*Service).calculate
             github.com/ruipengliu/lerna/components/decision_engine.(*Service).RunClaim
             github.com/ruipengliu/lerna/components/decision_engine.(*Service).Step
             github.com/ruipengliu/lerna/conformance/component_test.completeContextDecision.func1
             runtime/pprof.Do
             github.com/ruipengliu/lerna/conformance/component_test.completeContextDecision
             github.com/ruipengliu/lerna/conformance/component_test.TestContentContextStaticModeMaximumReachable62Materials
             testing.tRunner
-----------+-------------------------------------------------------
      case:  static62
     phase:  decision_step
10000000ns   runtime.futex
             runtime.futexwakeup
             runtime.notewakeup
             runtime.startm
             runtime.wakep
             runtime.ready
             _.goready.func1
             runtime.systemstack
             runtime.closechan
             context.(*cancelCtx).cancel
             context.WithCancel.func1
             database/sql.(*Rows).close
             database/sql.(*Rows).Close
             database/sql.(*Row).Scan
             github.com/ruipengliu/lerna/adapters/postgres/internal/pgstore.(*Core).Now
             github.com/ruipengliu/lerna/adapters/postgres/content.(*Store).Now
             github.com/ruipengliu/lerna/domain/content.(*Service).registeredClosure.func1
             github.com/ruipengliu/lerna/domain/content.(*Service).registeredClosure
             github.com/ruipengliu/lerna/domain/content.(*Service).ReadForProcessing.func1
             github.com/ruipengliu/lerna/adapters/postgres/internal/pgstore.(*Core).Within
             github.com/ruipengliu/lerna/adapters/postgres/content.(*Store).Within
             github.com/ruipengliu/lerna/domain/content.(*Service).ReadForProcessing
             github.com/ruipengliu/lerna/conformance/internal/decisionfixture.claimDiagnosticContent.ReadForProcessing
             github.com/ruipengliu/lerna/adapters/content/decision.(*Adapter).read
             github.com/ruipengliu/lerna/adapters/content/decision.(*Adapter).ReadSnapshot
             github.com/ruipengliu/lerna/conformance/internal/decisionfixture.claimDiagnosticSource.ReadSnapshot
             github.com/ruipengliu/lerna/components/decision_engine.(*Service).calculate
             github.com/ruipengliu/lerna/components/decision_engine.(*Service).RunClaim
             github.com/ruipengliu/lerna/components/decision_engine.(*Service).Step
             github.com/ruipengliu/lerna/conformance/component_test.completeContextDecision.func1
             runtime/pprof.Do
             github.com/ruipengliu/lerna/conformance/component_test.completeContextDecision
             github.com/ruipengliu/lerna/conformance/component_test.TestContentContextStaticModeMaximumReachable62Materials
             testing.tRunner
-----------+-------------------------------------------------------
      case:  static62
     phase:  decision_step
10000000ns   runtime.checkptrBase
             runtime.checkptrStraddles
             runtime.checkptrAlignment
             reflect.implements
             reflect.(*rtype).Implements
             github.com/jackc/pgx/v5/stdlib.isSQLScanDestination
             github.com/jackc/pgx/v5/stdlib.(*Rows).ScanColumn
             database/sql.(*Rows).scanLocked
             database/sql.(*Rows).Scan
             database/sql.(*Row).Scan
             github.com/ruipengliu/lerna/adapters/postgres/internal/pgstore.(*Core).Now
             github.com/ruipengliu/lerna/adapters/postgres/content.(*Store).Now
             github.com/ruipengliu/lerna/domain/content.(*Service).registeredClosure.func1
             github.com/ruipengliu/lerna/domain/content.(*Service).registeredClosure
             github.com/ruipengliu/lerna/domain/content.(*Service).ReadForProcessing.func1
             github.com/ruipengliu/lerna/adapters/postgres/internal/pgstore.(*Core).Within
             github.com/ruipengliu/lerna/adapters/postgres/content.(*Store).Within
             github.com/ruipengliu/lerna/domain/content.(*Service).ReadForProcessing
             github.com/ruipengliu/lerna/conformance/internal/decisionfixture.claimDiagnosticContent.ReadForProcessing
             github.com/ruipengliu/lerna/adapters/content/decision.(*Adapter).read
             github.com/ruipengliu/lerna/adapters/content/decision.(*Adapter).ReadSnapshot
             github.com/ruipengliu/lerna/conformance/internal/decisionfixture.claimDiagnosticSource.ReadSnapshot
             github.com/ruipengliu/lerna/components/decision_engine.(*Service).calculate
             github.com/ruipengliu/lerna/components/decision_engine.(*Service).RunClaim
             github.com/ruipengliu/lerna/components/decision_engine.(*Service).Step
             github.com/ruipengliu/lerna/conformance/component_test.completeContextDecision.func1
             runtime/pprof.Do
             github.com/ruipengliu/lerna/conformance/component_test.completeContextDecision
             github.com/ruipengliu/lerna/conformance/component_test.TestContentContextStaticModeMaximumReachable62Materials
             testing.tRunner
-----------+-------------------------------------------------------
      case:  static62
     phase:  decision_step
10000000ns   encoding/json/jsontext.(*decoderState).consumeValue
             encoding/json/jsontext.(*decoderState).consumeObject
             encoding/json/jsontext.(*decoderState).consumeValue
             encoding/json/jsontext.(*decoderState).consumeArray
             encoding/json/jsontext.(*decoderState).consumeValue
             encoding/json/jsontext.(*decoderState).consumeObject
             encoding/json/jsontext.(*decoderState).consumeValue
             encoding/json/jsontext.(*decoderState).ReadValue
             encoding/json.(*Decoder).Decode
             github.com/ruipengliu/lerna/domain/task/context.DecodeMandatory
             github.com/ruipengliu/lerna/adapters/content/decision.(*Adapter).ReadSnapshot
             github.com/ruipengliu/lerna/conformance/internal/decisionfixture.claimDiagnosticSource.ReadSnapshot
             github.com/ruipengliu/lerna/components/decision_engine.(*Service).calculate
             github.com/ruipengliu/lerna/components/decision_engine.(*Service).RunClaim
             github.com/ruipengliu/lerna/components/decision_engine.(*Service).Step
             github.com/ruipengliu/lerna/conformance/component_test.completeContextDecision.func1
             runtime/pprof.Do
             github.com/ruipengliu/lerna/conformance/component_test.completeContextDecision
             github.com/ruipengliu/lerna/conformance/component_test.TestContentContextStaticModeMaximumReachable62Materials
             testing.tRunner
-----------+-------------------------------------------------------
      case:  static62
     phase:  decision_step
10000000ns   internal/runtime/maps.(*Iter).Next
             runtime.mapIterNext
             github.com/ruipengliu/lerna/contract/v1_2.writeCanonical
             github.com/ruipengliu/lerna/contract/v1_2.writeCanonical
             github.com/ruipengliu/lerna/contract/v1_2.Encode[go.shape.struct { Owner github.com/ruipengliu/lerna/contract/gen/go/v1_2.OwnerRef "json:\"owner\""; ContentID github.com/ruipengliu/lerna/contract/gen/go/v1_2.ID "json:\"content_id\""; Version string "json:\"version\""; Hash string "json:\"hash\""; MediaType string "json:\"media_type\""; ByteLength github.com/ruipengliu/lerna/contract/gen/go/v1_2.Revision "json:\"byte_length\"" }]
             github.com/ruipengliu/lerna/adapters/content/decision.ToRule
             github.com/ruipengliu/lerna/adapters/content/decision.(*Adapter).snapshot
             github.com/ruipengliu/lerna/adapters/content/decision.(*Adapter).ReadSnapshot
             github.com/ruipengliu/lerna/conformance/internal/decisionfixture.claimDiagnosticSource.ReadSnapshot
             github.com/ruipengliu/lerna/components/decision_engine.(*Service).calculate
             github.com/ruipengliu/lerna/components/decision_engine.(*Service).RunClaim
             github.com/ruipengliu/lerna/components/decision_engine.(*Service).Step
             github.com/ruipengliu/lerna/conformance/component_test.completeContextDecision.func1
             runtime/pprof.Do
             github.com/ruipengliu/lerna/conformance/component_test.completeContextDecision
             github.com/ruipengliu/lerna/conformance/component_test.TestContentContextStaticModeMaximumReachable62Materials
             testing.tRunner
-----------+-------------------------------------------------------
      case:  static62
     phase:  decision_step
10000000ns   unicode/utf8.ValidString
             github.com/ruipengliu/lerna/contract/v1_2.wireValue
             github.com/ruipengliu/lerna/contract/v1_2.wireValue
             github.com/ruipengliu/lerna/contract/v1_2.wireValue
             github.com/ruipengliu/lerna/contract/v1_2.wireValue
             github.com/ruipengliu/lerna/contract/v1_2.Validate
             github.com/ruipengliu/lerna/contract/v1_2.Encode[go.shape.struct { Owner github.com/ruipengliu/lerna/contract/gen/go/v1_2.OwnerRef "json:\"owner\""; ContentID github.com/ruipengliu/lerna/contract/gen/go/v1_2.ID "json:\"content_id\""; Version string "json:\"version\""; Hash string "json:\"hash\""; MediaType string "json:\"media_type\""; ByteLength github.com/ruipengliu/lerna/contract/gen/go/v1_2.Revision "json:\"byte_length\"" }]
             github.com/ruipengliu/lerna/adapters/content/decision.ToRule
             github.com/ruipengliu/lerna/adapters/content/decision.(*Adapter).snapshot
             github.com/ruipengliu/lerna/adapters/content/decision.(*Adapter).ReadSnapshot
             github.com/ruipengliu/lerna/conformance/internal/decisionfixture.claimDiagnosticSource.ReadSnapshot
             github.com/ruipengliu/lerna/components/decision_engine.(*Service).calculate
             github.com/ruipengliu/lerna/components/decision_engine.(*Service).RunClaim
             github.com/ruipengliu/lerna/components/decision_engine.(*Service).Step
             github.com/ruipengliu/lerna/conformance/component_test.completeContextDecision.func1
             runtime/pprof.Do
             github.com/ruipengliu/lerna/conformance/component_test.completeContextDecision
             github.com/ruipengliu/lerna/conformance/component_test.TestContentContextStaticModeMaximumReachable62Materials
             testing.tRunner
-----------+-------------------------------------------------------
      case:  static62
     phase:  decision_step
10000000ns   encoding/json/internal/jsonwire.UnquoteMayCopy
             encoding/json/v2.makeStringArshaler.func2
             encoding/json/v2.makeStructArshaler.func3
             encoding/json/v2.makeSliceArshaler.func3
             encoding/json/v2.makeStructArshaler.func3
             encoding/json/v2.makeStructArshaler.func3
             encoding/json/v2.makeStructArshaler.func3
             encoding/json/v2.unmarshalDecode
             encoding/json/v2.Unmarshal
             encoding/json.(*Decoder).Decode
             github.com/ruipengliu/lerna/conformance/internal/decisionfixture.closedJSON
             github.com/ruipengliu/lerna/conformance/internal/decisionfixture.(*bindingDecodeMemo).decode
             github.com/ruipengliu/lerna/conformance/internal/decisionfixture.(*ContextDispatcher).binding
             github.com/ruipengliu/lerna/conformance/internal/decisionfixture.(*ContextDispatcher).Current.func1
             github.com/ruipengliu/lerna/conformance/internal/decisionfixture.(*Store).within
             github.com/ruipengliu/lerna/conformance/internal/decisionfixture.(*ContextDispatcher).Current
             github.com/ruipengliu/lerna/conformance/internal/decisionfixture.claimDiagnosticAccess.Current
             github.com/ruipengliu/lerna/adapters/content/decision.(*Adapter).ReadFixtureLock
             github.com/ruipengliu/lerna/conformance/internal/decisionfixture.claimDiagnosticSource.ReadFixtureLock
             github.com/ruipengliu/lerna/components/decision_engine.(*Service).calculate
             github.com/ruipengliu/lerna/components/decision_engine.(*Service).RunClaim
             github.com/ruipengliu/lerna/components/decision_engine.(*Service).Step
             github.com/ruipengliu/lerna/conformance/component_test.completeContextDecision.func1
             runtime/pprof.Do
             github.com/ruipengliu/lerna/conformance/component_test.completeContextDecision
             github.com/ruipengliu/lerna/conformance/component_test.TestContentContextStaticModeMaximumReachable62Materials
             testing.tRunner
-----------+-------------------------------------------------------
      case:  static62
     phase:  decision_step
10000000ns   runtime.typehash
             runtime.nilinterhash
             internal/sync.(*HashTrieMap[go.shape.interface {},go.shape.interface {}]).Load
             sync.(*Map).Load
             github.com/ruipengliu/lerna/contract/v1_2.Validate
             github.com/ruipengliu/lerna/contract/v1_2.Encode[go.shape.struct { Owner github.com/ruipengliu/lerna/contract/gen/go/v1_2.OwnerRef "json:\"owner\""; ContentID github.com/ruipengliu/lerna/contract/gen/go/v1_2.ID "json:\"content_id\""; Version string "json:\"version\""; Hash string "json:\"hash\""; MediaType string "json:\"media_type\""; ByteLength github.com/ruipengliu/lerna/contract/gen/go/v1_2.Revision "json:\"byte_length\"" }]
             github.com/ruipengliu/lerna/domain/content.VersionIdentity
             github.com/ruipengliu/lerna/domain/content.(*Service).registeredClosure.func1
             github.com/ruipengliu/lerna/domain/content.(*Service).registeredClosure
             github.com/ruipengliu/lerna/domain/content.(*Service).ReadForProcessing.func1
             github.com/ruipengliu/lerna/adapters/postgres/internal/pgstore.(*Core).Within
             github.com/ruipengliu/lerna/adapters/postgres/content.(*Store).Within
             github.com/ruipengliu/lerna/domain/content.(*Service).ReadForProcessing
             github.com/ruipengliu/lerna/conformance/internal/decisionfixture.claimDiagnosticContent.ReadForProcessing
             github.com/ruipengliu/lerna/adapters/content/decision.(*Adapter).read
             github.com/ruipengliu/lerna/adapters/content/decision.(*Adapter).ReadFixtureLock
             github.com/ruipengliu/lerna/conformance/internal/decisionfixture.claimDiagnosticSource.ReadFixtureLock
             github.com/ruipengliu/lerna/components/decision_engine.(*Service).calculate
             github.com/ruipengliu/lerna/components/decision_engine.(*Service).RunClaim
             github.com/ruipengliu/lerna/components/decision_engine.(*Service).Step
             github.com/ruipengliu/lerna/conformance/component_test.completeContextDecision.func1
             runtime/pprof.Do
             github.com/ruipengliu/lerna/conformance/component_test.completeContextDecision
             github.com/ruipengliu/lerna/conformance/component_test.TestContentContextStaticModeMaximumReachable62Materials
             testing.tRunner
-----------+-------------------------------------------------------
      case:  static62
     phase:  decision_step
10000000ns   github.com/ruipengliu/lerna/contract/v1_2.writeCanonicalString
             github.com/ruipengliu/lerna/contract/v1_2.writeCanonical
             github.com/ruipengliu/lerna/contract/v1_2.Encode[go.shape.struct { Owner github.com/ruipengliu/lerna/contract/gen/go/v1_2.OwnerRef "json:\"owner\""; ContentID github.com/ruipengliu/lerna/contract/gen/go/v1_2.ID "json:\"content_id\""; Version string "json:\"version\""; Hash string "json:\"hash\""; MediaType string "json:\"media_type\""; ByteLength github.com/ruipengliu/lerna/contract/gen/go/v1_2.Revision "json:\"byte_length\"" }]
             github.com/ruipengliu/lerna/domain/content.VersionIdentity
             github.com/ruipengliu/lerna/domain/content.sortRefs
             github.com/ruipengliu/lerna/domain/content.(*Service).registeredClosure.func1
             github.com/ruipengliu/lerna/domain/content.(*Service).registeredClosure
             github.com/ruipengliu/lerna/domain/content.(*Service).ReadForProcessing.func1
             github.com/ruipengliu/lerna/adapters/postgres/internal/pgstore.(*Core).Within
             github.com/ruipengliu/lerna/adapters/postgres/content.(*Store).Within
             github.com/ruipengliu/lerna/domain/content.(*Service).ReadForProcessing
             github.com/ruipengliu/lerna/conformance/internal/decisionfixture.claimDiagnosticContent.ReadForProcessing
             github.com/ruipengliu/lerna/adapters/content/decision.(*Adapter).read
             github.com/ruipengliu/lerna/adapters/content/decision.(*Adapter).ReadFixtureLock
             github.com/ruipengliu/lerna/conformance/internal/decisionfixture.claimDiagnosticSource.ReadFixtureLock
             github.com/ruipengliu/lerna/components/decision_engine.(*Service).calculate
             github.com/ruipengliu/lerna/components/decision_engine.(*Service).RunClaim
             github.com/ruipengliu/lerna/components/decision_engine.(*Service).Step
             github.com/ruipengliu/lerna/conformance/component_test.completeContextDecision.func1
             runtime/pprof.Do
             github.com/ruipengliu/lerna/conformance/component_test.completeContextDecision
             github.com/ruipengliu/lerna/conformance/component_test.TestContentContextStaticModeMaximumReachable62Materials
             testing.tRunner
-----------+-------------------------------------------------------
      case:  static62
     phase:  decision_step
10000000ns   runtime.memclrNoHeapPointers
             runtime.growslice
             encoding/json/internal/jsonwire.AppendQuote
             encoding/json/v2.makeStringArshaler.func1
             encoding/json/v2.makeStructArshaler.func2
             encoding/json/v2.makeStructArshaler.func2
             encoding/json/v2.marshalEncode
             encoding/json/v2.Marshal
             github.com/ruipengliu/lerna/contract/v1_2.Encode[go.shape.struct { Owner github.com/ruipengliu/lerna/contract/gen/go/v1_2.OwnerRef "json:\"owner\""; ContentID github.com/ruipengliu/lerna/contract/gen/go/v1_2.ID "json:\"content_id\""; Version string "json:\"version\""; Hash string "json:\"hash\""; MediaType string "json:\"media_type\""; ByteLength github.com/ruipengliu/lerna/contract/gen/go/v1_2.Revision "json:\"byte_length\"" }]
             github.com/ruipengliu/lerna/domain/content.VersionIdentity
             github.com/ruipengliu/lerna/domain/content.sortRefs
             github.com/ruipengliu/lerna/domain/content.(*Service).registeredClosure.func1
             github.com/ruipengliu/lerna/domain/content.(*Service).registeredClosure
             github.com/ruipengliu/lerna/domain/content.(*Service).ReadForProcessing.func1
             github.com/ruipengliu/lerna/adapters/postgres/internal/pgstore.(*Core).Within
             github.com/ruipengliu/lerna/adapters/postgres/content.(*Store).Within
             github.com/ruipengliu/lerna/domain/content.(*Service).ReadForProcessing
             github.com/ruipengliu/lerna/conformance/internal/decisionfixture.claimDiagnosticContent.ReadForProcessing
             github.com/ruipengliu/lerna/adapters/content/decision.(*Adapter).read
             github.com/ruipengliu/lerna/adapters/content/decision.(*Adapter).ReadFixtureLock
             github.com/ruipengliu/lerna/conformance/internal/decisionfixture.claimDiagnosticSource.ReadFixtureLock
             github.com/ruipengliu/lerna/components/decision_engine.(*Service).calculate
             github.com/ruipengliu/lerna/components/decision_engine.(*Service).RunClaim
             github.com/ruipengliu/lerna/components/decision_engine.(*Service).Step
             github.com/ruipengliu/lerna/conformance/component_test.completeContextDecision.func1
             runtime/pprof.Do
             github.com/ruipengliu/lerna/conformance/component_test.completeContextDecision
             github.com/ruipengliu/lerna/conformance/component_test.TestContentContextStaticModeMaximumReachable62Materials
             testing.tRunner
-----------+-------------------------------------------------------
      case:  static62
     phase:  decision_step
10000000ns   runtime.checkptrBase
             runtime.checkptrStraddles
             runtime.checkptrAlignment
             reflect.implements
             reflect.(*rtype).Implements
             github.com/jackc/pgx/v5/stdlib.isSQLScanDestination
             github.com/jackc/pgx/v5/stdlib.(*Rows).ScanColumn
             database/sql.(*Rows).scanLocked
             database/sql.(*Rows).Scan
             database/sql.(*Row).Scan
             github.com/ruipengliu/lerna/adapters/postgres/internal/pgstore.(*Core).Now
             github.com/ruipengliu/lerna/adapters/postgres/content.(*Store).Now
             github.com/ruipengliu/lerna/domain/content.(*Service).registeredClosure.func1
             github.com/ruipengliu/lerna/domain/content.(*Service).registeredClosure.func1
             github.com/ruipengliu/lerna/domain/content.(*Service).registeredClosure
             github.com/ruipengliu/lerna/domain/content.(*Service).ReadForProcessing.func1
             github.com/ruipengliu/lerna/adapters/postgres/internal/pgstore.(*Core).Within
             github.com/ruipengliu/lerna/adapters/postgres/content.(*Store).Within
             github.com/ruipengliu/lerna/domain/content.(*Service).ReadForProcessing
             github.com/ruipengliu/lerna/conformance/internal/decisionfixture.claimDiagnosticContent.ReadForProcessing
             github.com/ruipengliu/lerna/adapters/content/decision.(*Adapter).read
             github.com/ruipengliu/lerna/adapters/content/decision.(*Adapter).ReadFixtureLock
             github.com/ruipengliu/lerna/conformance/internal/decisionfixture.claimDiagnosticSource.ReadFixtureLock
             github.com/ruipengliu/lerna/components/decision_engine.(*Service).calculate
             github.com/ruipengliu/lerna/components/decision_engine.(*Service).RunClaim
             github.com/ruipengliu/lerna/components/decision_engine.(*Service).Step
             github.com/ruipengliu/lerna/conformance/component_test.completeContextDecision.func1
             runtime/pprof.Do
             github.com/ruipengliu/lerna/conformance/component_test.completeContextDecision
             github.com/ruipengliu/lerna/conformance/component_test.TestContentContextStaticModeMaximumReachable62Materials
             testing.tRunner
-----------+-------------------------------------------------------
      case:  static62
     phase:  decision_step
10000000ns   runtime.raceread
             encoding/json/jsontext.(*decoderState).ReadToken
             encoding/json.(*Decoder).Token
             github.com/ruipengliu/lerna/contract/v1_2.parseValue
             github.com/ruipengliu/lerna/contract/v1_2.parseJSON
             github.com/ruipengliu/lerna/contract/v1_2.Encode[go.shape.struct { Owner github.com/ruipengliu/lerna/contract/gen/go/v1_2.OwnerRef "json:\"owner\""; ContentID github.com/ruipengliu/lerna/contract/gen/go/v1_2.ID "json:\"content_id\""; Version string "json:\"version\""; Hash string "json:\"hash\""; MediaType string "json:\"media_type\""; ByteLength github.com/ruipengliu/lerna/contract/gen/go/v1_2.Revision "json:\"byte_length\"" }]
             github.com/ruipengliu/lerna/domain/content.VersionIdentity
             github.com/ruipengliu/lerna/adapters/postgres/content.(*Store).LockVersion
             github.com/ruipengliu/lerna/domain/content.(*Service).registeredClosure.func1
             github.com/ruipengliu/lerna/domain/content.(*Service).registeredClosure.func1
             github.com/ruipengliu/lerna/domain/content.(*Service).registeredClosure
             github.com/ruipengliu/lerna/domain/content.(*Service).ReadForProcessing.func1
             github.com/ruipengliu/lerna/adapters/postgres/internal/pgstore.(*Core).Within
             github.com/ruipengliu/lerna/adapters/postgres/content.(*Store).Within
             github.com/ruipengliu/lerna/domain/content.(*Service).ReadForProcessing
             github.com/ruipengliu/lerna/conformance/internal/decisionfixture.claimDiagnosticContent.ReadForProcessing
             github.com/ruipengliu/lerna/adapters/content/decision.(*Adapter).read
             github.com/ruipengliu/lerna/adapters/content/decision.(*Adapter).ReadFixtureLock
             github.com/ruipengliu/lerna/conformance/internal/decisionfixture.claimDiagnosticSource.ReadFixtureLock
             github.com/ruipengliu/lerna/components/decision_engine.(*Service).calculate
             github.com/ruipengliu/lerna/components/decision_engine.(*Service).RunClaim
             github.com/ruipengliu/lerna/components/decision_engine.(*Service).Step
             github.com/ruipengliu/lerna/conformance/component_test.completeContextDecision.func1
             runtime/pprof.Do
             github.com/ruipengliu/lerna/conformance/component_test.completeContextDecision
             github.com/ruipengliu/lerna/conformance/component_test.TestContentContextStaticModeMaximumReachable62Materials
             testing.tRunner
-----------+-------------------------------------------------------
      case:  static62
     phase:  decision_step
10000000ns   sync.(*Mutex).Lock
             database/sql.withLock
             database/sql.(*Rows).close
             database/sql.(*Rows).Close
             database/sql.(*Row).Scan
             github.com/ruipengliu/lerna/adapters/postgres/internal/pgstore.(*Core).Now
             github.com/ruipengliu/lerna/adapters/postgres/content.(*Store).Now
             github.com/ruipengliu/lerna/domain/content.(*Service).registeredClosure.func1
             github.com/ruipengliu/lerna/domain/content.(*Service).registeredClosure.func1
             github.com/ruipengliu/lerna/domain/content.(*Service).registeredClosure
             github.com/ruipengliu/lerna/domain/content.(*Service).ReadForProcessing.func1
             github.com/ruipengliu/lerna/adapters/postgres/internal/pgstore.(*Core).Within
             github.com/ruipengliu/lerna/adapters/postgres/content.(*Store).Within
             github.com/ruipengliu/lerna/domain/content.(*Service).ReadForProcessing
             github.com/ruipengliu/lerna/conformance/internal/decisionfixture.claimDiagnosticContent.ReadForProcessing
             github.com/ruipengliu/lerna/adapters/content/decision.(*Adapter).read
             github.com/ruipengliu/lerna/adapters/content/decision.(*Adapter).ReadFixtureLock
             github.com/ruipengliu/lerna/conformance/internal/decisionfixture.claimDiagnosticSource.ReadFixtureLock
             github.com/ruipengliu/lerna/components/decision_engine.(*Service).calculate
             github.com/ruipengliu/lerna/components/decision_engine.(*Service).RunClaim
             github.com/ruipengliu/lerna/components/decision_engine.(*Service).Step
             github.com/ruipengliu/lerna/conformance/component_test.completeContextDecision.func1
             runtime/pprof.Do
             github.com/ruipengliu/lerna/conformance/component_test.completeContextDecision
             github.com/ruipengliu/lerna/conformance/component_test.TestContentContextStaticModeMaximumReachable62Materials
             testing.tRunner
-----------+-------------------------------------------------------
      case:  static62
     phase:  decision_step
10000000ns   runtime.mapaccess2_faststr
             runtime.mapaccess1_faststr
             github.com/ruipengliu/lerna/contract/v1_2.writeCanonical
             github.com/ruipengliu/lerna/contract/v1_2.Encode[go.shape.struct { Owner github.com/ruipengliu/lerna/contract/gen/go/v1_2.OwnerRef "json:\"owner\""; ContentID github.com/ruipengliu/lerna/contract/gen/go/v1_2.ID "json:\"content_id\""; Version string "json:\"version\""; Hash string "json:\"hash\""; MediaType string "json:\"media_type\""; ByteLength github.com/ruipengliu/lerna/contract/gen/go/v1_2.Revision "json:\"byte_length\"" }]
             github.com/ruipengliu/lerna/domain/content.VersionIdentity
             github.com/ruipengliu/lerna/domain/content.sortRefs
             github.com/ruipengliu/lerna/domain/content.(*Service).registeredClosure.func1
             github.com/ruipengliu/lerna/domain/content.(*Service).registeredClosure.func1
             github.com/ruipengliu/lerna/domain/content.(*Service).registeredClosure
             github.com/ruipengliu/lerna/domain/content.(*Service).ReadForProcessing.func1
             github.com/ruipengliu/lerna/adapters/postgres/internal/pgstore.(*Core).Within
             github.com/ruipengliu/lerna/adapters/postgres/content.(*Store).Within
             github.com/ruipengliu/lerna/domain/content.(*Service).ReadForProcessing
             github.com/ruipengliu/lerna/conformance/internal/decisionfixture.claimDiagnosticContent.ReadForProcessing
             github.com/ruipengliu/lerna/adapters/content/decision.(*Adapter).read
             github.com/ruipengliu/lerna/adapters/content/decision.(*Adapter).ReadFixtureLock
             github.com/ruipengliu/lerna/conformance/internal/decisionfixture.claimDiagnosticSource.ReadFixtureLock
             github.com/ruipengliu/lerna/components/decision_engine.(*Service).calculate
             github.com/ruipengliu/lerna/components/decision_engine.(*Service).RunClaim
             github.com/ruipengliu/lerna/components/decision_engine.(*Service).Step
             github.com/ruipengliu/lerna/conformance/component_test.completeContextDecision.func1
             runtime/pprof.Do
             github.com/ruipengliu/lerna/conformance/component_test.completeContextDecision
             github.com/ruipengliu/lerna/conformance/component_test.TestContentContextStaticModeMaximumReachable62Materials
             testing.tRunner
-----------+-------------------------------------------------------
      case:  static62
     phase:  decision_step
10000000ns   github.com/santhosh-tekuri/jsonschema/v6.(*validator).validate
             github.com/santhosh-tekuri/jsonschema/v6.(*validator).validateVal
             github.com/santhosh-tekuri/jsonschema/v6.(*validator).objValidate
             github.com/santhosh-tekuri/jsonschema/v6.(*validator).validate
             github.com/santhosh-tekuri/jsonschema/v6.(*Schema).validate
             github.com/ruipengliu/lerna/contract/v1_2.Validate
             github.com/ruipengliu/lerna/contract/v1_2.Encode[go.shape.struct { Owner github.com/ruipengliu/lerna/contract/gen/go/v1_2.OwnerRef "json:\"owner\""; ContentID github.com/ruipengliu/lerna/contract/gen/go/v1_2.ID "json:\"content_id\""; Version string "json:\"version\""; Hash string "json:\"hash\""; MediaType string "json:\"media_type\""; ByteLength github.com/ruipengliu/lerna/contract/gen/go/v1_2.Revision "json:\"byte_length\"" }]
             github.com/ruipengliu/lerna/domain/content.VersionIdentity
             github.com/ruipengliu/lerna/adapters/postgres/content.(*Store).LockVersion
             github.com/ruipengliu/lerna/domain/content.(*Service).registeredClosure.func1
             github.com/ruipengliu/lerna/domain/content.(*Service).registeredClosure.func1
             github.com/ruipengliu/lerna/domain/content.(*Service).registeredClosure.func1
             github.com/ruipengliu/lerna/domain/content.(*Service).registeredClosure
             github.com/ruipengliu/lerna/domain/content.(*Service).ReadForProcessing.func1
             github.com/ruipengliu/lerna/adapters/postgres/internal/pgstore.(*Core).Within
             github.com/ruipengliu/lerna/adapters/postgres/content.(*Store).Within
             github.com/ruipengliu/lerna/domain/content.(*Service).ReadForProcessing
             github.com/ruipengliu/lerna/conformance/internal/decisionfixture.claimDiagnosticContent.ReadForProcessing
             github.com/ruipengliu/lerna/adapters/content/decision.(*Adapter).read
             github.com/ruipengliu/lerna/adapters/content/decision.(*Adapter).ReadFixtureLock
             github.com/ruipengliu/lerna/conformance/internal/decisionfixture.claimDiagnosticSource.ReadFixtureLock
             github.com/ruipengliu/lerna/components/decision_engine.(*Service).calculate
             github.com/ruipengliu/lerna/components/decision_engine.(*Service).RunClaim
             github.com/ruipengliu/lerna/components/decision_engine.(*Service).Step
             github.com/ruipengliu/lerna/conformance/component_test.completeContextDecision.func1
             runtime/pprof.Do
             github.com/ruipengliu/lerna/conformance/component_test.completeContextDecision
             github.com/ruipengliu/lerna/conformance/component_test.TestContentContextStaticModeMaximumReachable62Materials
             testing.tRunner
-----------+-------------------------------------------------------
      case:  static62
     phase:  decision_step
10000000ns   runtime.memclrNoHeapPointers
             runtime.mallocgcSmallScanNoHeader
             runtime.mallocgc
             runtime.makeslice
             database/sql.driverArgsConnLocked
             database/sql.(*DB).queryDC.func1
             database/sql.withLock
             database/sql.(*DB).queryDC
             database/sql.(*Tx).QueryContext
             github.com/ruipengliu/lerna/adapters/postgres/content.(*Store).LockVersion
             github.com/ruipengliu/lerna/domain/content.(*Service).registeredClosure.func1
             github.com/ruipengliu/lerna/domain/content.(*Service).registeredClosure.func1
             github.com/ruipengliu/lerna/domain/content.(*Service).registeredClosure.func1
             github.com/ruipengliu/lerna/domain/content.(*Service).registeredClosure
             github.com/ruipengliu/lerna/domain/content.(*Service).ReadForProcessing.func1
             github.com/ruipengliu/lerna/adapters/postgres/internal/pgstore.(*Core).Within
             github.com/ruipengliu/lerna/adapters/postgres/content.(*Store).Within
             github.com/ruipengliu/lerna/domain/content.(*Service).ReadForProcessing
             github.com/ruipengliu/lerna/conformance/internal/decisionfixture.claimDiagnosticContent.ReadForProcessing
             github.com/ruipengliu/lerna/adapters/content/decision.(*Adapter).read
             github.com/ruipengliu/lerna/adapters/content/decision.(*Adapter).ReadFixtureLock
             github.com/ruipengliu/lerna/conformance/internal/decisionfixture.claimDiagnosticSource.ReadFixtureLock
             github.com/ruipengliu/lerna/components/decision_engine.(*Service).calculate
             github.com/ruipengliu/lerna/components/decision_engine.(*Service).RunClaim
             github.com/ruipengliu/lerna/components/decision_engine.(*Service).Step
             github.com/ruipengliu/lerna/conformance/component_test.completeContextDecision.func1
             runtime/pprof.Do
             github.com/ruipengliu/lerna/conformance/component_test.completeContextDecision
             github.com/ruipengliu/lerna/conformance/component_test.TestContentContextStaticModeMaximumReachable62Materials
             testing.tRunner
-----------+-------------------------------------------------------
      case:  static62
     phase:  decision_step
10000000ns   runtime.mallocgcTiny
             runtime.mallocgc
             runtime.newobject
             github.com/jackc/pgx/v5/stdlib.(*Rows).initValueFuncs
             github.com/jackc/pgx/v5/stdlib.(*Rows).ScanColumn
             database/sql.(*Rows).scanLocked
             database/sql.(*Rows).Scan
             database/sql.(*Row).Scan
             github.com/ruipengliu/lerna/adapters/postgres/content.(*Store).LockVersion
             github.com/ruipengliu/lerna/domain/content.(*Service).registeredClosure.func1
             github.com/ruipengliu/lerna/domain/content.(*Service).registeredClosure.func1
             github.com/ruipengliu/lerna/domain/content.(*Service).registeredClosure.func1
             github.com/ruipengliu/lerna/domain/content.(*Service).registeredClosure
             github.com/ruipengliu/lerna/domain/content.(*Service).ReadForProcessing.func1
             github.com/ruipengliu/lerna/adapters/postgres/internal/pgstore.(*Core).Within
             github.com/ruipengliu/lerna/adapters/postgres/content.(*Store).Within
             github.com/ruipengliu/lerna/domain/content.(*Service).ReadForProcessing
             github.com/ruipengliu/lerna/conformance/internal/decisionfixture.claimDiagnosticContent.ReadForProcessing
             github.com/ruipengliu/lerna/adapters/content/decision.(*Adapter).read
             github.com/ruipengliu/lerna/adapters/content/decision.(*Adapter).ReadFixtureLock
             github.com/ruipengliu/lerna/conformance/internal/decisionfixture.claimDiagnosticSource.ReadFixtureLock
             github.com/ruipengliu/lerna/components/decision_engine.(*Service).calculate
             github.com/ruipengliu/lerna/components/decision_engine.(*Service).RunClaim
             github.com/ruipengliu/lerna/components/decision_engine.(*Service).Step
             github.com/ruipengliu/lerna/conformance/component_test.completeContextDecision.func1
             runtime/pprof.Do
             github.com/ruipengliu/lerna/conformance/component_test.completeContextDecision
             github.com/ruipengliu/lerna/conformance/component_test.TestContentContextStaticModeMaximumReachable62Materials
             testing.tRunner
-----------+-------------------------------------------------------
      case:  static62
     phase:  decision_step
10000000ns   encoding/json/jsontext.(*decoderState).consumeValue
             encoding/json/jsontext.(*decoderState).consumeObject
             encoding/json/jsontext.(*decoderState).consumeValue
             encoding/json/jsontext.(*decoderState).consumeArray
             encoding/json/jsontext.(*decoderState).consumeValue
             encoding/json/jsontext.(*decoderState).consumeObject
             encoding/json/jsontext.(*decoderState).consumeValue
             encoding/json/jsontext.(*decoderState).CheckNextValue
             encoding/json/v2.unmarshalDecode
             encoding/json/v2.Unmarshal
             github.com/ruipengliu/lerna/adapters/postgres/content.(*Store).LockVersion
             github.com/ruipengliu/lerna/domain/content.(*Service).registeredClosure.func1
             github.com/ruipengliu/lerna/domain/content.(*Service).registeredClosure.func1
             github.com/ruipengliu/lerna/domain/content.(*Service).registeredClosure.func1
             github.com/ruipengliu/lerna/domain/content.(*Service).registeredClosure
             github.com/ruipengliu/lerna/domain/content.(*Service).ReadForProcessing.func1
             github.com/ruipengliu/lerna/adapters/postgres/internal/pgstore.(*Core).Within
             github.com/ruipengliu/lerna/adapters/postgres/content.(*Store).Within
             github.com/ruipengliu/lerna/domain/content.(*Service).ReadForProcessing
             github.com/ruipengliu/lerna/conformance/internal/decisionfixture.claimDiagnosticContent.ReadForProcessing
             github.com/ruipengliu/lerna/adapters/content/decision.(*Adapter).read
             github.com/ruipengliu/lerna/adapters/content/decision.(*Adapter).ReadFixtureLock
             github.com/ruipengliu/lerna/conformance/internal/decisionfixture.claimDiagnosticSource.ReadFixtureLock
             github.com/ruipengliu/lerna/components/decision_engine.(*Service).calculate
             github.com/ruipengliu/lerna/components/decision_engine.(*Service).RunClaim
             github.com/ruipengliu/lerna/components/decision_engine.(*Service).Step
             github.com/ruipengliu/lerna/conformance/component_test.completeContextDecision.func1
             runtime/pprof.Do
             github.com/ruipengliu/lerna/conformance/component_test.completeContextDecision
             github.com/ruipengliu/lerna/conformance/component_test.TestContentContextStaticModeMaximumReachable62Materials
             testing.tRunner
-----------+-------------------------------------------------------
      case:  static62
     phase:  decision_step
10000000ns   sync.(*Pool).Get
             regexp.(*Regexp).doOnePass
             regexp.(*Regexp).find
             regexp.(*Regexp).MatchString
             github.com/santhosh-tekuri/jsonschema/v6.(*validator).strValidate
             github.com/santhosh-tekuri/jsonschema/v6.(*validator).validate
             github.com/santhosh-tekuri/jsonschema/v6.(*validator).validateVal
             github.com/santhosh-tekuri/jsonschema/v6.(*validator).objValidate
             github.com/santhosh-tekuri/jsonschema/v6.(*validator).validate
             github.com/santhosh-tekuri/jsonschema/v6.(*Schema).validate
             github.com/ruipengliu/lerna/contract/v1_2.Validate
             github.com/ruipengliu/lerna/contract/v1_2.Encode[go.shape.struct { Owner github.com/ruipengliu/lerna/contract/gen/go/v1_2.OwnerRef "json:\"owner\""; ContentID github.com/ruipengliu/lerna/contract/gen/go/v1_2.ID "json:\"content_id\""; Version string "json:\"version\""; Hash string "json:\"hash\""; MediaType string "json:\"media_type\""; ByteLength github.com/ruipengliu/lerna/contract/gen/go/v1_2.Revision "json:\"byte_length\"" }]
             github.com/ruipengliu/lerna/domain/content.VersionIdentity
             github.com/ruipengliu/lerna/domain/content.(*Service).registeredClosure.func1
             github.com/ruipengliu/lerna/domain/content.(*Service).registeredClosure.func1
             github.com/ruipengliu/lerna/domain/content.(*Service).registeredClosure
             github.com/ruipengliu/lerna/domain/content.(*Service).ReadForProcessing.func1
             github.com/ruipengliu/lerna/adapters/postgres/internal/pgstore.(*Core).Within
             github.com/ruipengliu/lerna/adapters/postgres/content.(*Store).Within
             github.com/ruipengliu/lerna/domain/content.(*Service).ReadForProcessing
             github.com/ruipengliu/lerna/conformance/internal/decisionfixture.claimDiagnosticContent.ReadForProcessing
             github.com/ruipengliu/lerna/adapters/content/decision.(*Adapter).read
             github.com/ruipengliu/lerna/adapters/content/decision.(*Adapter).ReadFixtureLock
             github.com/ruipengliu/lerna/conformance/internal/decisionfixture.claimDiagnosticSource.ReadFixtureLock
             github.com/ruipengliu/lerna/components/decision_engine.(*Service).calculate
             github.com/ruipengliu/lerna/components/decision_engine.(*Service).RunClaim
             github.com/ruipengliu/lerna/components/decision_engine.(*Service).Step
             github.com/ruipengliu/lerna/conformance/component_test.completeContextDecision.func1
             runtime/pprof.Do
             github.com/ruipengliu/lerna/conformance/component_test.completeContextDecision
             github.com/ruipengliu/lerna/conformance/component_test.TestContentContextStaticModeMaximumReachable62Materials
             testing.tRunner
-----------+-------------------------------------------------------
      case:  static62
     phase:  decision_step
10000000ns   runtime.raceread
             encoding/json/jsontext.(*objectNameStack).copyQuotedBuffer
             encoding/json/jsontext.(*decoderState).fetch
             encoding/json/jsontext.(*decoderState).consumeString
             encoding/json/jsontext.(*decoderState).ReadToken
             encoding/json.(*Decoder).Token
             github.com/ruipengliu/lerna/contract/v1_2.parseValue
             github.com/ruipengliu/lerna/contract/v1_2.parseValue
             github.com/ruipengliu/lerna/contract/v1_2.parseJSON
             github.com/ruipengliu/lerna/contract/v1_2.Encode[go.shape.struct { Owner github.com/ruipengliu/lerna/contract/gen/go/v1_2.OwnerRef "json:\"owner\""; ContentID github.com/ruipengliu/lerna/contract/gen/go/v1_2.ID "json:\"content_id\""; Version string "json:\"version\""; Hash string "json:\"hash\""; MediaType string "json:\"media_type\""; ByteLength github.com/ruipengliu/lerna/contract/gen/go/v1_2.Revision "json:\"byte_length\"" }]
             github.com/ruipengliu/lerna/domain/content.VersionIdentity
             github.com/ruipengliu/lerna/domain/content.sortRefs
             github.com/ruipengliu/lerna/domain/content.(*Service).registeredClosure.func1
             github.com/ruipengliu/lerna/domain/content.(*Service).registeredClosure
             github.com/ruipengliu/lerna/domain/content.(*Service).ReadForProcessing.func1
             github.com/ruipengliu/lerna/adapters/postgres/internal/pgstore.(*Core).Within
             github.com/ruipengliu/lerna/adapters/postgres/content.(*Store).Within
             github.com/ruipengliu/lerna/domain/content.(*Service).ReadForProcessing
             github.com/ruipengliu/lerna/conformance/internal/decisionfixture.claimDiagnosticContent.ReadForProcessing
             github.com/ruipengliu/lerna/adapters/content/decision.(*Adapter).read
             github.com/ruipengliu/lerna/adapters/content/decision.(*Adapter).ReadFixtureLock
             github.com/ruipengliu/lerna/conformance/internal/decisionfixture.claimDiagnosticSource.ReadFixtureLock
             github.com/ruipengliu/lerna/components/decision_engine.(*Service).calculate
             github.com/ruipengliu/lerna/components/decision_engine.(*Service).RunClaim
             github.com/ruipengliu/lerna/components/decision_engine.(*Service).Step
             github.com/ruipengliu/lerna/conformance/component_test.completeContextDecision.func1
             runtime/pprof.Do
             github.com/ruipengliu/lerna/conformance/component_test.completeContextDecision
             github.com/ruipengliu/lerna/conformance/component_test.TestContentContextStaticModeMaximumReachable62Materials
             testing.tRunner
-----------+-------------------------------------------------------
      case:  static62
     phase:  decision_step
10000000ns   internal/runtime/syscall/linux.Syscall6
             syscall.RawSyscall6
             syscall.Syscall
             syscall.write
             syscall.Write
             internal/poll.(*FD).Write
             net.(*netFD).Write
             net.(*conn).Write
             github.com/jackc/pgx/v5/pgproto3.(*Frontend).Flush
             github.com/jackc/pgx/v5/pgconn.(*PgConn).flushWithPotentialWriteReadDeadlock
             github.com/jackc/pgx/v5/pgconn.(*PgConn).execExtendedSuffix
             github.com/jackc/pgx/v5/pgconn.(*PgConn).ExecStatement
             github.com/jackc/pgx/v5.(*Conn).execPrepared
             github.com/jackc/pgx/v5.(*Conn).exec
             github.com/jackc/pgx/v5.(*Conn).Exec
             github.com/jackc/pgx/v5/stdlib.(*Conn).ExecContext
             database/sql.ctxDriverExec
             database/sql.(*DB).execDC.func2
             database/sql.withLock
             database/sql.(*DB).execDC
             database/sql.(*Tx).ExecContext
             github.com/ruipengliu/lerna/adapters/postgres/content.(*Store).LockVersion
             github.com/ruipengliu/lerna/domain/content.(*Service).registeredClosure.func1
             github.com/ruipengliu/lerna/domain/content.(*Service).registeredClosure.func1
             github.com/ruipengliu/lerna/domain/content.(*Service).registeredClosure
             github.com/ruipengliu/lerna/domain/content.(*Service).ReadForProcessing.func1
             github.com/ruipengliu/lerna/adapters/postgres/internal/pgstore.(*Core).Within
             github.com/ruipengliu/lerna/adapters/postgres/content.(*Store).Within
             github.com/ruipengliu/lerna/domain/content.(*Service).ReadForProcessing
             github.com/ruipengliu/lerna/conformance/internal/decisionfixture.claimDiagnosticContent.ReadForProcessing
             github.com/ruipengliu/lerna/adapters/content/decision.(*Adapter).read
             github.com/ruipengliu/lerna/adapters/content/decision.(*Adapter).ReadFixtureLock
             github.com/ruipengliu/lerna/conformance/internal/decisionfixture.claimDiagnosticSource.ReadFixtureLock
             github.com/ruipengliu/lerna/components/decision_engine.(*Service).calculate
             github.com/ruipengliu/lerna/components/decision_engine.(*Service).RunClaim
             github.com/ruipengliu/lerna/components/decision_engine.(*Service).Step
             github.com/ruipengliu/lerna/conformance/component_test.completeContextDecision.func1
             runtime/pprof.Do
             github.com/ruipengliu/lerna/conformance/component_test.completeContextDecision
             github.com/ruipengliu/lerna/conformance/component_test.TestContentContextStaticModeMaximumReachable62Materials
             testing.tRunner
-----------+-------------------------------------------------------
      case:  static62
     phase:  decision_step
10000000ns   context.(*cancelCtx).propagateCancel
             context.WithCancel
             database/sql.(*Rows).initContextClose
             database/sql.(*DB).queryDC
             database/sql.(*Tx).QueryContext
             github.com/ruipengliu/lerna/adapters/postgres/internal/pgstore.(*Core).Now
             github.com/ruipengliu/lerna/adapters/postgres/content.(*Store).Now
             github.com/ruipengliu/lerna/domain/content.(*Service).registeredClosure.func1
             github.com/ruipengliu/lerna/domain/content.(*Service).registeredClosure.func1
             github.com/ruipengliu/lerna/domain/content.(*Service).registeredClosure
             github.com/ruipengliu/lerna/domain/content.(*Service).ReadForProcessing.func1
             github.com/ruipengliu/lerna/adapters/postgres/internal/pgstore.(*Core).Within
             github.com/ruipengliu/lerna/adapters/postgres/content.(*Store).Within
             github.com/ruipengliu/lerna/domain/content.(*Service).ReadForProcessing
             github.com/ruipengliu/lerna/conformance/internal/decisionfixture.claimDiagnosticContent.ReadForProcessing
             github.com/ruipengliu/lerna/adapters/content/decision.(*Adapter).read
             github.com/ruipengliu/lerna/adapters/content/decision.(*Adapter).ReadFixtureLock
             github.com/ruipengliu/lerna/conformance/internal/decisionfixture.claimDiagnosticSource.ReadFixtureLock
             github.com/ruipengliu/lerna/components/decision_engine.(*Service).calculate
             github.com/ruipengliu/lerna/components/decision_engine.(*Service).RunClaim
             github.com/ruipengliu/lerna/components/decision_engine.(*Service).Step
             github.com/ruipengliu/lerna/conformance/component_test.completeContextDecision.func1
             runtime/pprof.Do
             github.com/ruipengliu/lerna/conformance/component_test.completeContextDecision
             github.com/ruipengliu/lerna/conformance/component_test.TestContentContextStaticModeMaximumReachable62Materials
             testing.tRunner
-----------+-------------------------------------------------------
      case:  static62
     phase:  decision_step
10000000ns   context.(*cancelCtx).propagateCancel
             context.WithCancel
             database/sql.(*Rows).initContextClose
             database/sql.(*DB).queryDC
             database/sql.(*Tx).QueryContext
             github.com/ruipengliu/lerna/adapters/postgres/content.(*Store).LockVersion
             github.com/ruipengliu/lerna/domain/content.(*Service).registeredClosure.func1
             github.com/ruipengliu/lerna/domain/content.(*Service).registeredClosure.func1
             github.com/ruipengliu/lerna/domain/content.(*Service).registeredClosure.func1
             github.com/ruipengliu/lerna/domain/content.(*Service).registeredClosure
             github.com/ruipengliu/lerna/domain/content.(*Service).ReadForProcessing.func1
             github.com/ruipengliu/lerna/adapters/postgres/internal/pgstore.(*Core).Within
             github.com/ruipengliu/lerna/adapters/postgres/content.(*Store).Within
             github.com/ruipengliu/lerna/domain/content.(*Service).ReadForProcessing
             github.com/ruipengliu/lerna/conformance/internal/decisionfixture.claimDiagnosticContent.ReadForProcessing
             github.com/ruipengliu/lerna/adapters/content/decision.(*Adapter).read
             github.com/ruipengliu/lerna/adapters/content/decision.(*Adapter).ReadFixtureLock
             github.com/ruipengliu/lerna/conformance/internal/decisionfixture.claimDiagnosticSource.ReadFixtureLock
             github.com/ruipengliu/lerna/components/decision_engine.(*Service).calculate
             github.com/ruipengliu/lerna/components/decision_engine.(*Service).RunClaim
             github.com/ruipengliu/lerna/components/decision_engine.(*Service).Step
             github.com/ruipengliu/lerna/conformance/component_test.completeContextDecision.func1
             runtime/pprof.Do
             github.com/ruipengliu/lerna/conformance/component_test.completeContextDecision
             github.com/ruipengliu/lerna/conformance/component_test.TestContentContextStaticModeMaximumReachable62Materials
             testing.tRunner
-----------+-------------------------------------------------------
      case:  static62
     phase:  decision_step
10000000ns   runtime.checkptrBase
             runtime.checkptrStraddles
             runtime.checkptrAlignment
             reflect.implements
             reflect.(*rtype).Implements
             github.com/jackc/pgx/v5/stdlib.isSQLScanDestination
             github.com/jackc/pgx/v5/stdlib.(*Rows).ScanColumn
             database/sql.(*Rows).scanLocked
             database/sql.(*Rows).Scan
             database/sql.(*Row).Scan
             github.com/ruipengliu/lerna/adapters/postgres/internal/pgstore.(*Core).Now
             github.com/ruipengliu/lerna/adapters/postgres/content.(*Store).Now
             github.com/ruipengliu/lerna/domain/content.(*Service).registeredClosure.func1
             github.com/ruipengliu/lerna/domain/content.(*Service).registeredClosure.func1
             github.com/ruipengliu/lerna/domain/content.(*Service).registeredClosure.func1
             github.com/ruipengliu/lerna/domain/content.(*Service).registeredClosure
             github.com/ruipengliu/lerna/domain/content.(*Service).ReadForProcessing.func1
             github.com/ruipengliu/lerna/adapters/postgres/internal/pgstore.(*Core).Within
             github.com/ruipengliu/lerna/adapters/postgres/content.(*Store).Within
             github.com/ruipengliu/lerna/domain/content.(*Service).ReadForProcessing
             github.com/ruipengliu/lerna/conformance/internal/decisionfixture.claimDiagnosticContent.ReadForProcessing
             github.com/ruipengliu/lerna/adapters/content/decision.(*Adapter).read
             github.com/ruipengliu/lerna/adapters/content/decision.(*Adapter).ReadFixtureLock
             github.com/ruipengliu/lerna/conformance/internal/decisionfixture.claimDiagnosticSource.ReadFixtureLock
             github.com/ruipengliu/lerna/components/decision_engine.(*Service).calculate
             github.com/ruipengliu/lerna/components/decision_engine.(*Service).RunClaim
             github.com/ruipengliu/lerna/components/decision_engine.(*Service).Step
             github.com/ruipengliu/lerna/conformance/component_test.completeContextDecision.func1
             runtime/pprof.Do
             github.com/ruipengliu/lerna/conformance/component_test.completeContextDecision
             github.com/ruipengliu/lerna/conformance/component_test.TestContentContextStaticModeMaximumReachable62Materials
             testing.tRunner
-----------+-------------------------------------------------------
      case:  static62
     phase:  decision_step
10000000ns   sync.(*Once).Do
             context.(*afterFuncCtx).cancel
             context.AfterFunc.func1
             github.com/jackc/pgx/v5/pgconn/ctxwatch.(*ContextWatcher).Unwatch
             github.com/jackc/pgx/v5/pgconn.(*ResultReader).Close
             github.com/jackc/pgx/v5.(*baseRows).Close
             github.com/jackc/pgx/v5/stdlib.(*Rows).Close
             database/sql.(*Rows).close.func1
             database/sql.withLock
             database/sql.(*Rows).close
             database/sql.(*Rows).Close
             database/sql.(*Row).Scan
             github.com/ruipengliu/lerna/adapters/postgres/internal/pgstore.(*Core).Now
             github.com/ruipengliu/lerna/adapters/postgres/content.(*Store).Now
             github.com/ruipengliu/lerna/domain/content.(*Service).registeredClosure.func1
             github.com/ruipengliu/lerna/domain/content.(*Service).registeredClosure.func1
             github.com/ruipengliu/lerna/domain/content.(*Service).registeredClosure.func1
             github.com/ruipengliu/lerna/domain/content.(*Service).registeredClosure
             github.com/ruipengliu/lerna/domain/content.(*Service).ReadForProcessing.func1
             github.com/ruipengliu/lerna/adapters/postgres/internal/pgstore.(*Core).Within
             github.com/ruipengliu/lerna/adapters/postgres/content.(*Store).Within
             github.com/ruipengliu/lerna/domain/content.(*Service).ReadForProcessing
             github.com/ruipengliu/lerna/conformance/internal/decisionfixture.claimDiagnosticContent.ReadForProcessing
             github.com/ruipengliu/lerna/adapters/content/decision.(*Adapter).read
             github.com/ruipengliu/lerna/adapters/content/decision.(*Adapter).ReadFixtureLock
             github.com/ruipengliu/lerna/conformance/internal/decisionfixture.claimDiagnosticSource.ReadFixtureLock
             github.com/ruipengliu/lerna/components/decision_engine.(*Service).calculate
             github.com/ruipengliu/lerna/components/decision_engine.(*Service).RunClaim
             github.com/ruipengliu/lerna/components/decision_engine.(*Service).Step
             github.com/ruipengliu/lerna/conformance/component_test.completeContextDecision.func1
             runtime/pprof.Do
             github.com/ruipengliu/lerna/conformance/component_test.completeContextDecision
             github.com/ruipengliu/lerna/conformance/component_test.TestContentContextStaticModeMaximumReachable62Materials
             testing.tRunner
-----------+-------------------------------------------------------
      case:  static62
     phase:  decision_step
10000000ns   runtime.mallocgcSmallScanNoHeader
             runtime.mallocgc
             runtime.newobject
             encoding/json/jsontext.init.func4
             sync.(*Pool).Get
             encoding/json/jsontext.getBufferedDecoder
             encoding/json/v2.Unmarshal
             github.com/ruipengliu/lerna/adapters/postgres/content.(*Store).LockVersion
             github.com/ruipengliu/lerna/domain/content.(*Service).registeredClosure.func1
             github.com/ruipengliu/lerna/domain/content.(*Service).registeredClosure.func1
             github.com/ruipengliu/lerna/domain/content.(*Service).registeredClosure.func1
             github.com/ruipengliu/lerna/domain/content.(*Service).registeredClosure
             github.com/ruipengliu/lerna/domain/content.(*Service).ReadForProcessing.func1
             github.com/ruipengliu/lerna/adapters/postgres/internal/pgstore.(*Core).Within
             github.com/ruipengliu/lerna/adapters/postgres/content.(*Store).Within
             github.com/ruipengliu/lerna/domain/content.(*Service).ReadForProcessing
             github.com/ruipengliu/lerna/conformance/internal/decisionfixture.claimDiagnosticContent.ReadForProcessing
             github.com/ruipengliu/lerna/adapters/content/decision.(*Adapter).read
             github.com/ruipengliu/lerna/adapters/content/decision.(*Adapter).ReadFixtureLock
             github.com/ruipengliu/lerna/conformance/internal/decisionfixture.claimDiagnosticSource.ReadFixtureLock
             github.com/ruipengliu/lerna/components/decision_engine.(*Service).calculate
             github.com/ruipengliu/lerna/components/decision_engine.(*Service).RunClaim
             github.com/ruipengliu/lerna/components/decision_engine.(*Service).Step
             github.com/ruipengliu/lerna/conformance/component_test.completeContextDecision.func1
             runtime/pprof.Do
             github.com/ruipengliu/lerna/conformance/component_test.completeContextDecision
             github.com/ruipengliu/lerna/conformance/component_test.TestContentContextStaticModeMaximumReachable62Materials
             testing.tRunner
-----------+-------------------------------------------------------
      case:  static62
     phase:  decision_step
10000000ns   encoding/json/jsontext.(*decoderState).consumeObject
             encoding/json/jsontext.(*decoderState).consumeValue
             encoding/json/jsontext.(*decoderState).CheckNextValue
             encoding/json/v2.unmarshalDecode
             encoding/json/v2.Unmarshal
             github.com/ruipengliu/lerna/adapters/postgres/content.(*Store).LockVersion
             github.com/ruipengliu/lerna/domain/content.(*Service).registeredClosure.func1
             github.com/ruipengliu/lerna/domain/content.(*Service).registeredClosure.func1
             github.com/ruipengliu/lerna/domain/content.(*Service).registeredClosure.func1
             github.com/ruipengliu/lerna/domain/content.(*Service).registeredClosure
             github.com/ruipengliu/lerna/domain/content.(*Service).ReadForProcessing.func1
             github.com/ruipengliu/lerna/adapters/postgres/internal/pgstore.(*Core).Within
             github.com/ruipengliu/lerna/adapters/postgres/content.(*Store).Within
             github.com/ruipengliu/lerna/domain/content.(*Service).ReadForProcessing
             github.com/ruipengliu/lerna/conformance/internal/decisionfixture.claimDiagnosticContent.ReadForProcessing
             github.com/ruipengliu/lerna/adapters/content/decision.(*Adapter).read
             github.com/ruipengliu/lerna/adapters/content/decision.(*Adapter).ReadFixtureLock
             github.com/ruipengliu/lerna/conformance/internal/decisionfixture.claimDiagnosticSource.ReadFixtureLock
             github.com/ruipengliu/lerna/components/decision_engine.(*Service).calculate
             github.com/ruipengliu/lerna/components/decision_engine.(*Service).RunClaim
             github.com/ruipengliu/lerna/components/decision_engine.(*Service).Step
             github.com/ruipengliu/lerna/conformance/component_test.completeContextDecision.func1
             runtime/pprof.Do
             github.com/ruipengliu/lerna/conformance/component_test.completeContextDecision
             github.com/ruipengliu/lerna/conformance/component_test.TestContentContextStaticModeMaximumReachable62Materials
             testing.tRunner
-----------+-------------------------------------------------------
      case:  static62
     phase:  decision_step
10000000ns   encoding/json/jsontext.(*state).reset
             encoding/json/jsontext.(*encoderState).reset
             encoding/json/jsontext.getBufferedEncoder
             encoding/json/v2.Marshal
             github.com/ruipengliu/lerna/domain/content.VersionIdentity
             github.com/ruipengliu/lerna/domain/content.(*Service).registeredClosure.func1
             github.com/ruipengliu/lerna/domain/content.(*Service).registeredClosure.func1
             github.com/ruipengliu/lerna/domain/content.(*Service).registeredClosure
             github.com/ruipengliu/lerna/domain/content.(*Service).ReadForProcessing.func1
             github.com/ruipengliu/lerna/adapters/postgres/internal/pgstore.(*Core).Within
             github.com/ruipengliu/lerna/adapters/postgres/content.(*Store).Within
             github.com/ruipengliu/lerna/domain/content.(*Service).ReadForProcessing
             github.com/ruipengliu/lerna/conformance/internal/decisionfixture.claimDiagnosticContent.ReadForProcessing
             github.com/ruipengliu/lerna/adapters/content/decision.(*Adapter).read
             github.com/ruipengliu/lerna/adapters/content/decision.(*Adapter).ReadFixtureLock
             github.com/ruipengliu/lerna/conformance/internal/decisionfixture.claimDiagnosticSource.ReadFixtureLock
             github.com/ruipengliu/lerna/components/decision_engine.(*Service).calculate
             github.com/ruipengliu/lerna/components/decision_engine.(*Service).RunClaim
             github.com/ruipengliu/lerna/components/decision_engine.(*Service).Step
             github.com/ruipengliu/lerna/conformance/component_test.completeContextDecision.func1
             runtime/pprof.Do
             github.com/ruipengliu/lerna/conformance/component_test.completeContextDecision
             github.com/ruipengliu/lerna/conformance/component_test.TestContentContextStaticModeMaximumReachable62Materials
             testing.tRunner
-----------+-------------------------------------------------------
      case:  static62
     phase:  decision_step
10000000ns   runtime.mallocgcSmallScanNoHeader
             runtime.mallocgc
             runtime.newobject
             github.com/santhosh-tekuri/jsonschema/v6.(*validator).validateSelf
             github.com/santhosh-tekuri/jsonschema/v6.(*validator).validateRef
             github.com/santhosh-tekuri/jsonschema/v6.(*validator).validate
             github.com/santhosh-tekuri/jsonschema/v6.(*validator).validateVal
             github.com/santhosh-tekuri/jsonschema/v6.(*validator).objValidate
             github.com/santhosh-tekuri/jsonschema/v6.(*validator).validate
             github.com/santhosh-tekuri/jsonschema/v6.(*validator).validateSelf
             github.com/santhosh-tekuri/jsonschema/v6.(*validator).validateRef
             github.com/santhosh-tekuri/jsonschema/v6.(*validator).validate
             github.com/santhosh-tekuri/jsonschema/v6.(*validator).validateVal
             github.com/santhosh-tekuri/jsonschema/v6.(*validator).objValidate
             github.com/santhosh-tekuri/jsonschema/v6.(*validator).validate
             github.com/santhosh-tekuri/jsonschema/v6.(*Schema).validate
             github.com/ruipengliu/lerna/contract/v1_2.Validate
             github.com/ruipengliu/lerna/contract/v1_2.Encode[go.shape.struct { Owner github.com/ruipengliu/lerna/contract/gen/go/v1_2.OwnerRef "json:\"owner\""; ContentID github.com/ruipengliu/lerna/contract/gen/go/v1_2.ID "json:\"content_id\""; Version string "json:\"version\""; Hash string "json:\"hash\""; MediaType string "json:\"media_type\""; ByteLength github.com/ruipengliu/lerna/contract/gen/go/v1_2.Revision "json:\"byte_length\"" }]
             github.com/ruipengliu/lerna/domain/content.VersionIdentity
             github.com/ruipengliu/lerna/domain/content.sortRefs
             github.com/ruipengliu/lerna/domain/content.(*Service).registeredClosure
             github.com/ruipengliu/lerna/domain/content.(*Service).ReadForProcessing.func1
             github.com/ruipengliu/lerna/adapters/postgres/internal/pgstore.(*Core).Within
             github.com/ruipengliu/lerna/adapters/postgres/content.(*Store).Within
             github.com/ruipengliu/lerna/domain/content.(*Service).ReadForProcessing
             github.com/ruipengliu/lerna/conformance/internal/decisionfixture.claimDiagnosticContent.ReadForProcessing
             github.com/ruipengliu/lerna/adapters/content/decision.(*Adapter).read
             github.com/ruipengliu/lerna/adapters/content/decision.(*Adapter).ReadFixtureLock
             github.com/ruipengliu/lerna/conformance/internal/decisionfixture.claimDiagnosticSource.ReadFixtureLock
             github.com/ruipengliu/lerna/components/decision_engine.(*Service).calculate
             github.com/ruipengliu/lerna/components/decision_engine.(*Service).RunClaim
             github.com/ruipengliu/lerna/components/decision_engine.(*Service).Step
             github.com/ruipengliu/lerna/conformance/component_test.completeContextDecision.func1
             runtime/pprof.Do
             github.com/ruipengliu/lerna/conformance/component_test.completeContextDecision
             github.com/ruipengliu/lerna/conformance/component_test.TestContentContextStaticModeMaximumReachable62Materials
             testing.tRunner
-----------+-------------------------------------------------------
      case:  static62
     phase:  decision_step
10000000ns   runtime.raceacquireg
             internal/race.Acquire
             sync.(*Pool).Get
             encoding/json/jsontext.getBufferedEncoder
             encoding/json/v2.Marshal
             github.com/ruipengliu/lerna/contract/v1_2.Encode[go.shape.struct { Owner github.com/ruipengliu/lerna/contract/gen/go/v1_2.OwnerRef "json:\"owner\""; ContentID github.com/ruipengliu/lerna/contract/gen/go/v1_2.ID "json:\"content_id\""; Version string "json:\"version\""; Hash string "json:\"hash\""; MediaType string "json:\"media_type\""; ByteLength github.com/ruipengliu/lerna/contract/gen/go/v1_2.Revision "json:\"byte_length\"" }]
             github.com/ruipengliu/lerna/domain/content.VersionIdentity
             github.com/ruipengliu/lerna/domain/content.sortRefs
             github.com/ruipengliu/lerna/domain/content.(*Service).registeredClosure
             github.com/ruipengliu/lerna/domain/content.(*Service).ReadForProcessing.func1
             github.com/ruipengliu/lerna/adapters/postgres/internal/pgstore.(*Core).Within
             github.com/ruipengliu/lerna/adapters/postgres/content.(*Store).Within
             github.com/ruipengliu/lerna/domain/content.(*Service).ReadForProcessing
             github.com/ruipengliu/lerna/conformance/internal/decisionfixture.claimDiagnosticContent.ReadForProcessing
             github.com/ruipengliu/lerna/adapters/content/decision.(*Adapter).read
             github.com/ruipengliu/lerna/adapters/content/decision.(*Adapter).ReadFixtureLock
             github.com/ruipengliu/lerna/conformance/internal/decisionfixture.claimDiagnosticSource.ReadFixtureLock
             github.com/ruipengliu/lerna/components/decision_engine.(*Service).calculate
             github.com/ruipengliu/lerna/components/decision_engine.(*Service).RunClaim
             github.com/ruipengliu/lerna/components/decision_engine.(*Service).Step
             github.com/ruipengliu/lerna/conformance/component_test.completeContextDecision.func1
             runtime/pprof.Do
             github.com/ruipengliu/lerna/conformance/component_test.completeContextDecision
             github.com/ruipengliu/lerna/conformance/component_test.TestContentContextStaticModeMaximumReachable62Materials
             testing.tRunner
-----------+-------------------------------------------------------
      case:  static62
     phase:  decision_step
10000000ns   runtime.futex
             runtime.futexwakeup
             runtime.notewakeup
             runtime.startm
             runtime.wakep
             runtime.newproc.func1
             runtime.systemstack
             runtime.newproc
             database/sql.(*Rows).initContextClose
             database/sql.(*DB).queryDC
             database/sql.(*Tx).QueryContext
             github.com/ruipengliu/lerna/adapters/postgres/internal/pgstore.(*Core).Now
             github.com/ruipengliu/lerna/adapters/postgres/content.(*Store).Now
             github.com/ruipengliu/lerna/domain/content.(*Service).registeredClosure.func1
             github.com/ruipengliu/lerna/domain/content.(*Service).registeredClosure
             github.com/ruipengliu/lerna/domain/content.(*Service).ReadForProcessing.func1
             github.com/ruipengliu/lerna/adapters/postgres/internal/pgstore.(*Core).Within
             github.com/ruipengliu/lerna/adapters/postgres/content.(*Store).Within
             github.com/ruipengliu/lerna/domain/content.(*Service).ReadForProcessing
             github.com/ruipengliu/lerna/conformance/internal/decisionfixture.claimDiagnosticContent.ReadForProcessing
             github.com/ruipengliu/lerna/adapters/content/decision.(*Adapter).read
             github.com/ruipengliu/lerna/adapters/content/decision.(*Adapter).ReadFixtureLock
             github.com/ruipengliu/lerna/conformance/internal/decisionfixture.claimDiagnosticSource.ReadFixtureLock
             github.com/ruipengliu/lerna/components/decision_engine.(*Service).calculate
             github.com/ruipengliu/lerna/components/decision_engine.(*Service).RunClaim
             github.com/ruipengliu/lerna/components/decision_engine.(*Service).Step
             github.com/ruipengliu/lerna/conformance/component_test.completeContextDecision.func1
             runtime/pprof.Do
             github.com/ruipengliu/lerna/conformance/component_test.completeContextDecision
             github.com/ruipengliu/lerna/conformance/component_test.TestContentContextStaticModeMaximumReachable62Materials
             testing.tRunner
-----------+-------------------------------------------------------
      case:  static62
     phase:  decision_step
10000000ns   runtime.raceread
             encoding/json/jsontext.Token.string
             encoding/json.(*Decoder).Token
             github.com/ruipengliu/lerna/contract/v1_2.parseValue
             github.com/ruipengliu/lerna/contract/v1_2.parseJSON
             github.com/ruipengliu/lerna/contract/v1_2.Encode[go.shape.struct { Owner github.com/ruipengliu/lerna/contract/gen/go/v1_2.OwnerRef "json:\"owner\""; ContentID github.com/ruipengliu/lerna/contract/gen/go/v1_2.ID "json:\"content_id\""; Version string "json:\"version\""; Hash string "json:\"hash\""; MediaType string "json:\"media_type\""; ByteLength github.com/ruipengliu/lerna/contract/gen/go/v1_2.Revision "json:\"byte_length\"" }]
             github.com/ruipengliu/lerna/domain/content.VersionIdentity
             github.com/ruipengliu/lerna/domain/content.(*Service).registeredClosure.func1
             github.com/ruipengliu/lerna/domain/content.(*Service).registeredClosure.func1
             github.com/ruipengliu/lerna/domain/content.(*Service).registeredClosure
             github.com/ruipengliu/lerna/domain/content.(*Service).ReadForProcessing.func1
             github.com/ruipengliu/lerna/adapters/postgres/internal/pgstore.(*Core).Within
             github.com/ruipengliu/lerna/adapters/postgres/content.(*Store).Within
             github.com/ruipengliu/lerna/domain/content.(*Service).ReadForProcessing
             github.com/ruipengliu/lerna/conformance/internal/decisionfixture.claimDiagnosticContent.ReadForProcessing
             github.com/ruipengliu/lerna/adapters/content/decision.(*Adapter).read
             github.com/ruipengliu/lerna/adapters/content/decision.(*Adapter).ReadFixtureLock
             github.com/ruipengliu/lerna/conformance/internal/decisionfixture.claimDiagnosticSource.ReadFixtureLock
             github.com/ruipengliu/lerna/components/decision_engine.(*Service).calculate
             github.com/ruipengliu/lerna/components/decision_engine.(*Service).RunClaim
             github.com/ruipengliu/lerna/components/decision_engine.(*Service).Step
             github.com/ruipengliu/lerna/conformance/component_test.completeContextDecision.func1
             runtime/pprof.Do
             github.com/ruipengliu/lerna/conformance/component_test.completeContextDecision
             github.com/ruipengliu/lerna/conformance/component_test.TestContentContextStaticModeMaximumReachable62Materials
             testing.tRunner
-----------+-------------------------------------------------------
      case:  static62
     phase:  decision_step
10000000ns   encoding/json/internal/jsonopts.GetOption[go.shape.bool]
             encoding/json.(*Decoder).UseNumber
             github.com/ruipengliu/lerna/contract/v1_2.parseJSON
             github.com/ruipengliu/lerna/contract/v1_2.Encode[go.shape.struct { Owner github.com/ruipengliu/lerna/contract/gen/go/v1_2.OwnerRef "json:\"owner\""; ContentID github.com/ruipengliu/lerna/contract/gen/go/v1_2.ID "json:\"content_id\""; Version string "json:\"version\""; Hash string "json:\"hash\""; MediaType string "json:\"media_type\""; ByteLength github.com/ruipengliu/lerna/contract/gen/go/v1_2.Revision "json:\"byte_length\"" }]
             github.com/ruipengliu/lerna/domain/content.VersionIdentity
             github.com/ruipengliu/lerna/domain/content.(*Service).registeredClosure.func1
             github.com/ruipengliu/lerna/domain/content.(*Service).registeredClosure.func1
             github.com/ruipengliu/lerna/domain/content.(*Service).registeredClosure
             github.com/ruipengliu/lerna/domain/content.(*Service).ReadForProcessing.func1
             github.com/ruipengliu/lerna/adapters/postgres/internal/pgstore.(*Core).Within
             github.com/ruipengliu/lerna/adapters/postgres/content.(*Store).Within
             github.com/ruipengliu/lerna/domain/content.(*Service).ReadForProcessing
             github.com/ruipengliu/lerna/conformance/internal/decisionfixture.claimDiagnosticContent.ReadForProcessing
             github.com/ruipengliu/lerna/adapters/content/decision.(*Adapter).read
             github.com/ruipengliu/lerna/adapters/content/decision.(*Adapter).ReadFixtureLock
             github.com/ruipengliu/lerna/conformance/internal/decisionfixture.claimDiagnosticSource.ReadFixtureLock
             github.com/ruipengliu/lerna/components/decision_engine.(*Service).calculate
             github.com/ruipengliu/lerna/components/decision_engine.(*Service).RunClaim
             github.com/ruipengliu/lerna/components/decision_engine.(*Service).Step
             github.com/ruipengliu/lerna/conformance/component_test.completeContextDecision.func1
             runtime/pprof.Do
             github.com/ruipengliu/lerna/conformance/component_test.completeContextDecision
             github.com/ruipengliu/lerna/conformance/component_test.TestContentContextStaticModeMaximumReachable62Materials
             testing.tRunner
-----------+-------------------------------------------------------
      case:  static62
     phase:  decision_step
10000000ns   unicode/utf8.Valid
             github.com/ruipengliu/lerna/contract/v1_2.parseJSON
             github.com/ruipengliu/lerna/contract/v1_2.Encode[go.shape.struct { TenantID github.com/ruipengliu/lerna/contract/gen/go/v1_2.ID "json:\"tenant_id\""; SubjectID github.com/ruipengliu/lerna/contract/gen/go/v1_2.ID "json:\"subject_id\""; DelegationChain []github.com/ruipengliu/lerna/contract/gen/go/v1_2.DelegatedSubject "json:\"delegation_chain\"" }]
             github.com/ruipengliu/lerna/adapters/postgres/content.subjectKey
             github.com/ruipengliu/lerna/adapters/postgres/content.(*Store).CheckPolicy
             github.com/ruipengliu/lerna/domain/content.(*Service).registeredClosure.func1
             github.com/ruipengliu/lerna/domain/content.(*Service).registeredClosure.func1
             github.com/ruipengliu/lerna/domain/content.(*Service).registeredClosure
             github.com/ruipengliu/lerna/domain/content.(*Service).ReadForProcessing.func1
             github.com/ruipengliu/lerna/adapters/postgres/internal/pgstore.(*Core).Within
             github.com/ruipengliu/lerna/adapters/postgres/content.(*Store).Within
             github.com/ruipengliu/lerna/domain/content.(*Service).ReadForProcessing
             github.com/ruipengliu/lerna/conformance/internal/decisionfixture.claimDiagnosticContent.ReadForProcessing
             github.com/ruipengliu/lerna/adapters/content/decision.(*Adapter).read
             github.com/ruipengliu/lerna/adapters/content/decision.(*Adapter).ReadFixtureLock
             github.com/ruipengliu/lerna/conformance/internal/decisionfixture.claimDiagnosticSource.ReadFixtureLock
             github.com/ruipengliu/lerna/components/decision_engine.(*Service).calculate
             github.com/ruipengliu/lerna/components/decision_engine.(*Service).RunClaim
             github.com/ruipengliu/lerna/components/decision_engine.(*Service).Step
             github.com/ruipengliu/lerna/conformance/component_test.completeContextDecision.func1
             runtime/pprof.Do
             github.com/ruipengliu/lerna/conformance/component_test.completeContextDecision
             github.com/ruipengliu/lerna/conformance/component_test.TestContentContextStaticModeMaximumReachable62Materials
             testing.tRunner
-----------+-------------------------------------------------------
      case:  static62
     phase:  decision_step
10000000ns   runtime.(*mspan).writeHeapBitsSmall
             runtime.mallocgcSmallScanNoHeader
             runtime.mallocgc
             runtime.newobject
             encoding/json.NewDecoder
             github.com/ruipengliu/lerna/contract/v1_2.parseJSON
             github.com/ruipengliu/lerna/contract/v1_2.Encode[go.shape.struct { Owner github.com/ruipengliu/lerna/contract/gen/go/v1_2.OwnerRef "json:\"owner\""; ContentID github.com/ruipengliu/lerna/contract/gen/go/v1_2.ID "json:\"content_id\""; Version string "json:\"version\""; Hash string "json:\"hash\""; MediaType string "json:\"media_type\""; ByteLength github.com/ruipengliu/lerna/contract/gen/go/v1_2.Revision "json:\"byte_length\"" }]
             github.com/ruipengliu/lerna/domain/content.VersionIdentity
             github.com/ruipengliu/lerna/adapters/postgres/content.(*Store).LockVersion
             github.com/ruipengliu/lerna/domain/content.(*Service).registeredClosure.func1
             github.com/ruipengliu/lerna/domain/content.(*Service).registeredClosure.func1
             github.com/ruipengliu/lerna/domain/content.(*Service).registeredClosure
             github.com/ruipengliu/lerna/domain/content.(*Service).ReadForProcessing.func1
             github.com/ruipengliu/lerna/adapters/postgres/internal/pgstore.(*Core).Within
             github.com/ruipengliu/lerna/adapters/postgres/content.(*Store).Within
             github.com/ruipengliu/lerna/domain/content.(*Service).ReadForProcessing
             github.com/ruipengliu/lerna/conformance/internal/decisionfixture.claimDiagnosticContent.ReadForProcessing
             github.com/ruipengliu/lerna/adapters/content/decision.(*Adapter).read
             github.com/ruipengliu/lerna/adapters/content/decision.(*Adapter).ReadFixtureLock
             github.com/ruipengliu/lerna/conformance/internal/decisionfixture.claimDiagnosticSource.ReadFixtureLock
             github.com/ruipengliu/lerna/components/decision_engine.(*Service).calculate
             github.com/ruipengliu/lerna/components/decision_engine.(*Service).RunClaim
             github.com/ruipengliu/lerna/components/decision_engine.(*Service).Step
             github.com/ruipengliu/lerna/conformance/component_test.completeContextDecision.func1
             runtime/pprof.Do
             github.com/ruipengliu/lerna/conformance/component_test.completeContextDecision
             github.com/ruipengliu/lerna/conformance/component_test.TestContentContextStaticModeMaximumReachable62Materials
             testing.tRunner
-----------+-------------------------------------------------------
      case:  static62
     phase:  decision_step
10000000ns   regexp/syntax.(*Inst).MatchRunePos
             regexp.onePassNext
             regexp.(*Regexp).doOnePass
             regexp.(*Regexp).find
             regexp.(*Regexp).MatchString
             github.com/santhosh-tekuri/jsonschema/v6.(*validator).strValidate
             github.com/santhosh-tekuri/jsonschema/v6.(*validator).validate
             github.com/santhosh-tekuri/jsonschema/v6.(*validator).validateVal
             github.com/santhosh-tekuri/jsonschema/v6.(*validator).objValidate
             github.com/santhosh-tekuri/jsonschema/v6.(*validator).validate
             github.com/santhosh-tekuri/jsonschema/v6.(*Schema).validate
             github.com/ruipengliu/lerna/contract/v1_2.Validate
             github.com/ruipengliu/lerna/contract/v1_2.Encode[go.shape.struct { Owner github.com/ruipengliu/lerna/contract/gen/go/v1_2.OwnerRef "json:\"owner\""; ContentID github.com/ruipengliu/lerna/contract/gen/go/v1_2.ID "json:\"content_id\""; Version string "json:\"version\""; Hash string "json:\"hash\""; MediaType string "json:\"media_type\""; ByteLength github.com/ruipengliu/lerna/contract/gen/go/v1_2.Revision "json:\"byte_length\"" }]
             github.com/ruipengliu/lerna/domain/content.VersionIdentity
             github.com/ruipengliu/lerna/domain/content.sortRefs
             github.com/ruipengliu/lerna/domain/content.(*Service).registeredClosure.func1
             github.com/ruipengliu/lerna/domain/content.(*Service).registeredClosure.func1
             github.com/ruipengliu/lerna/domain/content.(*Service).registeredClosure
             github.com/ruipengliu/lerna/domain/content.(*Service).ReadForProcessing.func1
             github.com/ruipengliu/lerna/adapters/postgres/internal/pgstore.(*Core).Within
             github.com/ruipengliu/lerna/adapters/postgres/content.(*Store).Within
             github.com/ruipengliu/lerna/domain/content.(*Service).ReadForProcessing
             github.com/ruipengliu/lerna/conformance/internal/decisionfixture.claimDiagnosticContent.ReadForProcessing
             github.com/ruipengliu/lerna/adapters/content/decision.(*Adapter).read
             github.com/ruipengliu/lerna/adapters/content/decision.(*Adapter).ReadFixtureLock
             github.com/ruipengliu/lerna/conformance/internal/decisionfixture.claimDiagnosticSource.ReadFixtureLock
             github.com/ruipengliu/lerna/components/decision_engine.(*Service).calculate
             github.com/ruipengliu/lerna/components/decision_engine.(*Service).RunClaim
             github.com/ruipengliu/lerna/components/decision_engine.(*Service).Step
             github.com/ruipengliu/lerna/conformance/component_test.completeContextDecision.func1
             runtime/pprof.Do
             github.com/ruipengliu/lerna/conformance/component_test.completeContextDecision
             github.com/ruipengliu/lerna/conformance/component_test.TestContentContextStaticModeMaximumReachable62Materials
             testing.tRunner
-----------+-------------------------------------------------------
      case:  static62
     phase:  decision_step
10000000ns   runtime.checkptrBase
             runtime.checkptrStraddles
             runtime.checkptrAlignment
             github.com/santhosh-tekuri/jsonschema/v6.(*validator).objValidate
             github.com/santhosh-tekuri/jsonschema/v6.(*validator).validate
             github.com/santhosh-tekuri/jsonschema/v6.(*validator).validateVal
             github.com/santhosh-tekuri/jsonschema/v6.(*validator).objValidate
             github.com/santhosh-tekuri/jsonschema/v6.(*validator).validate
             github.com/santhosh-tekuri/jsonschema/v6.(*Schema).validate
             github.com/ruipengliu/lerna/contract/v1_2.Validate
             github.com/ruipengliu/lerna/contract/v1_2.Encode[go.shape.struct { Owner github.com/ruipengliu/lerna/contract/gen/go/v1_2.OwnerRef "json:\"owner\""; ContentID github.com/ruipengliu/lerna/contract/gen/go/v1_2.ID "json:\"content_id\""; Version string "json:\"version\""; Hash string "json:\"hash\""; MediaType string "json:\"media_type\""; ByteLength github.com/ruipengliu/lerna/contract/gen/go/v1_2.Revision "json:\"byte_length\"" }]
             github.com/ruipengliu/lerna/domain/content.VersionIdentity
             github.com/ruipengliu/lerna/domain/content.(*Service).registeredClosure.func1
             github.com/ruipengliu/lerna/domain/content.(*Service).registeredClosure.func1
             github.com/ruipengliu/lerna/domain/content.(*Service).registeredClosure.func1
             github.com/ruipengliu/lerna/domain/content.(*Service).registeredClosure
             github.com/ruipengliu/lerna/domain/content.(*Service).ReadForProcessing.func1
             github.com/ruipengliu/lerna/adapters/postgres/internal/pgstore.(*Core).Within
             github.com/ruipengliu/lerna/adapters/postgres/content.(*Store).Within
             github.com/ruipengliu/lerna/domain/content.(*Service).ReadForProcessing
             github.com/ruipengliu/lerna/conformance/internal/decisionfixture.claimDiagnosticContent.ReadForProcessing
             github.com/ruipengliu/lerna/adapters/content/decision.(*Adapter).read
             github.com/ruipengliu/lerna/adapters/content/decision.(*Adapter).ReadFixtureLock
             github.com/ruipengliu/lerna/conformance/internal/decisionfixture.claimDiagnosticSource.ReadFixtureLock
             github.com/ruipengliu/lerna/components/decision_engine.(*Service).calculate
             github.com/ruipengliu/lerna/components/decision_engine.(*Service).RunClaim
             github.com/ruipengliu/lerna/components/decision_engine.(*Service).Step
             github.com/ruipengliu/lerna/conformance/component_test.completeContextDecision.func1
             runtime/pprof.Do
             github.com/ruipengliu/lerna/conformance/component_test.completeContextDecision
             github.com/ruipengliu/lerna/conformance/component_test.TestContentContextStaticModeMaximumReachable62Materials
             testing.tRunner
-----------+-------------------------------------------------------
      case:  static62
     phase:  decision_step
10000000ns   runtime.futex
             runtime.futexwakeup
             runtime.notewakeup
             runtime.entersyscallWakeSysmon
             runtime.systemstack
             runtime.reentersyscall
             runtime.entersyscall
             syscall.Syscall
             syscall.read
             syscall.Read
             internal/poll.(*FD).Read
             net.(*netFD).Read
             net.(*conn).Read
             github.com/jackc/pgx/v5/pgconn/internal/bgreader.(*BGReader).Read
             io.ReadAtLeast
             github.com/jackc/pgx/v5/pgproto3.(*chunkReader).Next
             github.com/jackc/pgx/v5/pgproto3.(*Frontend).Receive
             github.com/jackc/pgx/v5/pgconn.(*PgConn).peekMessage
             github.com/jackc/pgx/v5/pgconn.(*PgConn).receiveMessage
             github.com/jackc/pgx/v5/pgconn.(*ResultReader).receiveMessage
             github.com/jackc/pgx/v5/pgconn.(*ResultReader).readUntilRowDescription
             github.com/jackc/pgx/v5/pgconn.(*PgConn).execExtendedSuffix
             github.com/jackc/pgx/v5/pgconn.(*PgConn).ExecStatement
             github.com/jackc/pgx/v5.(*Conn).Query
             github.com/jackc/pgx/v5/stdlib.(*Conn).QueryContext
             database/sql.ctxDriverQuery
             database/sql.(*DB).queryDC.func1
             database/sql.withLock
             database/sql.(*DB).queryDC
             database/sql.(*Tx).QueryContext
             github.com/ruipengliu/lerna/adapters/postgres/content.(*Store).CheckPolicy
             github.com/ruipengliu/lerna/domain/content.(*Service).registeredClosure.func1
             github.com/ruipengliu/lerna/domain/content.(*Service).registeredClosure
             github.com/ruipengliu/lerna/domain/content.(*Service).ReadForProcessing.func1
             github.com/ruipengliu/lerna/adapters/postgres/internal/pgstore.(*Core).Within
             github.com/ruipengliu/lerna/adapters/postgres/content.(*Store).Within
             github.com/ruipengliu/lerna/domain/content.(*Service).ReadForProcessing
             github.com/ruipengliu/lerna/conformance/internal/decisionfixture.claimDiagnosticContent.ReadForProcessing
             github.com/ruipengliu/lerna/adapters/content/decision.(*Adapter).read
             github.com/ruipengliu/lerna/adapters/content/decision.(*Adapter).ReadFixtureLock
             github.com/ruipengliu/lerna/conformance/internal/decisionfixture.claimDiagnosticSource.ReadFixtureLock
             github.com/ruipengliu/lerna/components/decision_engine.(*Service).calculate
             github.com/ruipengliu/lerna/components/decision_engine.(*Service).RunClaim
             github.com/ruipengliu/lerna/components/decision_engine.(*Service).Step
             github.com/ruipengliu/lerna/conformance/component_test.completeContextDecision.func1
             runtime/pprof.Do
             github.com/ruipengliu/lerna/conformance/component_test.completeContextDecision
             github.com/ruipengliu/lerna/conformance/component_test.TestContentContextStaticModeMaximumReachable62Materials
             testing.tRunner
-----------+-------------------------------------------------------
      case:  static62
     phase:  decision_step
10000000ns   runtime.futex
             runtime.futexwakeup
             runtime.notewakeup
             runtime.entersyscallWakeSysmon
             runtime.systemstack
             runtime.reentersyscall
             runtime.entersyscall
             syscall.Syscall
             syscall.read
             syscall.Read
             internal/poll.(*FD).Read
             net.(*netFD).Read
             net.(*conn).Read
             github.com/jackc/pgx/v5/pgconn/internal/bgreader.(*BGReader).Read
             io.ReadAtLeast
             github.com/jackc/pgx/v5/pgproto3.(*chunkReader).Next
             github.com/jackc/pgx/v5/pgproto3.(*Frontend).Receive
             github.com/jackc/pgx/v5/pgconn.(*PgConn).peekMessage
             github.com/jackc/pgx/v5/pgconn.(*PgConn).receiveMessage
             github.com/jackc/pgx/v5/pgconn.(*ResultReader).receiveMessage
             github.com/jackc/pgx/v5/pgconn.(*ResultReader).readUntilRowDescription
             github.com/jackc/pgx/v5/pgconn.(*PgConn).execExtendedSuffix
             github.com/jackc/pgx/v5/pgconn.(*PgConn).ExecStatement
             github.com/jackc/pgx/v5.(*Conn).Query
             github.com/jackc/pgx/v5/stdlib.(*Conn).QueryContext
             database/sql.ctxDriverQuery
             database/sql.(*DB).queryDC.func1
             database/sql.withLock
             database/sql.(*DB).queryDC
             database/sql.(*Tx).QueryContext
             github.com/ruipengliu/lerna/adapters/postgres/content.(*Store).LockVersion
             github.com/ruipengliu/lerna/domain/content.(*Service).registeredClosure.func1
             github.com/ruipengliu/lerna/domain/content.(*Service).registeredClosure
             github.com/ruipengliu/lerna/domain/content.(*Service).ReadForProcessing.func1
             github.com/ruipengliu/lerna/adapters/postgres/internal/pgstore.(*Core).Within
             github.com/ruipengliu/lerna/adapters/postgres/content.(*Store).Within
             github.com/ruipengliu/lerna/domain/content.(*Service).ReadForProcessing
             github.com/ruipengliu/lerna/conformance/internal/decisionfixture.claimDiagnosticContent.ReadForProcessing
             github.com/ruipengliu/lerna/adapters/content/decision.(*Adapter).read
             github.com/ruipengliu/lerna/adapters/content/decision.(*Adapter).ReadFixtureLock
             github.com/ruipengliu/lerna/conformance/internal/decisionfixture.claimDiagnosticSource.ReadFixtureLock
             github.com/ruipengliu/lerna/components/decision_engine.(*Service).calculate
             github.com/ruipengliu/lerna/components/decision_engine.(*Service).RunClaim
             github.com/ruipengliu/lerna/components/decision_engine.(*Service).Step
             github.com/ruipengliu/lerna/conformance/component_test.completeContextDecision.func1
             runtime/pprof.Do
             github.com/ruipengliu/lerna/conformance/component_test.completeContextDecision
             github.com/ruipengliu/lerna/conformance/component_test.TestContentContextStaticModeMaximumReachable62Materials
             testing.tRunner
-----------+-------------------------------------------------------
      case:  static62
     phase:  decision_step
10000000ns   encoding/json/jsontext.(*decoderState).consumeObject
             encoding/json/jsontext.(*decoderState).consumeValue
             encoding/json/jsontext.(*decoderState).consumeObject
             encoding/json/jsontext.(*decoderState).consumeValue
             encoding/json/jsontext.(*decoderState).consumeObject
             encoding/json/jsontext.(*decoderState).consumeValue
             encoding/json/jsontext.(*decoderState).CheckNextValue
             encoding/json/v2.unmarshalDecode
             encoding/json/v2.Unmarshal
             github.com/ruipengliu/lerna/adapters/postgres/content.(*Store).LockVersion
             github.com/ruipengliu/lerna/domain/content.(*Service).registeredClosure.func1
             github.com/ruipengliu/lerna/domain/content.(*Service).registeredClosure
             github.com/ruipengliu/lerna/domain/content.(*Service).ReadForProcessing.func1
             github.com/ruipengliu/lerna/adapters/postgres/internal/pgstore.(*Core).Within
             github.com/ruipengliu/lerna/adapters/postgres/content.(*Store).Within
             github.com/ruipengliu/lerna/domain/content.(*Service).ReadForProcessing
             github.com/ruipengliu/lerna/conformance/internal/decisionfixture.claimDiagnosticContent.ReadForProcessing
             github.com/ruipengliu/lerna/adapters/content/decision.(*Adapter).read
             github.com/ruipengliu/lerna/adapters/content/decision.(*Adapter).ReadFixtureLock
             github.com/ruipengliu/lerna/conformance/internal/decisionfixture.claimDiagnosticSource.ReadFixtureLock
             github.com/ruipengliu/lerna/components/decision_engine.(*Service).calculate
             github.com/ruipengliu/lerna/components/decision_engine.(*Service).RunClaim
             github.com/ruipengliu/lerna/components/decision_engine.(*Service).Step
             github.com/ruipengliu/lerna/conformance/component_test.completeContextDecision.func1
             runtime/pprof.Do
             github.com/ruipengliu/lerna/conformance/component_test.completeContextDecision
             github.com/ruipengliu/lerna/conformance/component_test.TestContentContextStaticModeMaximumReachable62Materials
             testing.tRunner
-----------+-------------------------------------------------------
      case:  static62
     phase:  decision_step
10000000ns   runtime.mallocgcSmallScanNoHeader
             runtime.mallocgc
             runtime.newobject
             github.com/santhosh-tekuri/jsonschema/v6.unevalFrom
             github.com/santhosh-tekuri/jsonschema/v6.(*validator).validateSelf
             github.com/santhosh-tekuri/jsonschema/v6.(*validator).validateRef
             github.com/santhosh-tekuri/jsonschema/v6.(*validator).validate
             github.com/santhosh-tekuri/jsonschema/v6.(*validator).validateVal
             github.com/santhosh-tekuri/jsonschema/v6.(*validator).objValidate
             github.com/santhosh-tekuri/jsonschema/v6.(*validator).validate
             github.com/santhosh-tekuri/jsonschema/v6.(*validator).validateSelf
             github.com/santhosh-tekuri/jsonschema/v6.(*validator).validateRef
             github.com/santhosh-tekuri/jsonschema/v6.(*validator).validate
             github.com/santhosh-tekuri/jsonschema/v6.(*validator).validateVal
             github.com/santhosh-tekuri/jsonschema/v6.(*validator).objValidate
             github.com/santhosh-tekuri/jsonschema/v6.(*validator).validate
             github.com/santhosh-tekuri/jsonschema/v6.(*Schema).validate
             github.com/ruipengliu/lerna/contract/v1_2.Validate
             github.com/ruipengliu/lerna/contract/v1_2.Encode[go.shape.struct { Owner github.com/ruipengliu/lerna/contract/gen/go/v1_2.OwnerRef "json:\"owner\""; ContentID github.com/ruipengliu/lerna/contract/gen/go/v1_2.ID "json:\"content_id\""; Version string "json:\"version\""; Hash string "json:\"hash\""; MediaType string "json:\"media_type\""; ByteLength github.com/ruipengliu/lerna/contract/gen/go/v1_2.Revision "json:\"byte_length\"" }]
             github.com/ruipengliu/lerna/domain/content.VersionIdentity
             github.com/ruipengliu/lerna/domain/content.sortRefs
             github.com/ruipengliu/lerna/domain/content.(*Service).registeredClosure.func1
             github.com/ruipengliu/lerna/domain/content.(*Service).registeredClosure
             github.com/ruipengliu/lerna/domain/content.(*Service).ReadForProcessing.func1
             github.com/ruipengliu/lerna/adapters/postgres/internal/pgstore.(*Core).Within
             github.com/ruipengliu/lerna/adapters/postgres/content.(*Store).Within
             github.com/ruipengliu/lerna/domain/content.(*Service).ReadForProcessing
             github.com/ruipengliu/lerna/conformance/internal/decisionfixture.claimDiagnosticContent.ReadForProcessing
             github.com/ruipengliu/lerna/adapters/content/decision.(*Adapter).read
             github.com/ruipengliu/lerna/adapters/content/decision.(*Adapter).ReadFixtureLock
             github.com/ruipengliu/lerna/conformance/internal/decisionfixture.claimDiagnosticSource.ReadFixtureLock
             github.com/ruipengliu/lerna/components/decision_engine.(*Service).calculate
             github.com/ruipengliu/lerna/components/decision_engine.(*Service).RunClaim
             github.com/ruipengliu/lerna/components/decision_engine.(*Service).Step
             github.com/ruipengliu/lerna/conformance/component_test.completeContextDecision.func1
             runtime/pprof.Do
             github.com/ruipengliu/lerna/conformance/component_test.completeContextDecision
             github.com/ruipengliu/lerna/conformance/component_test.TestContentContextStaticModeMaximumReachable62Materials
             testing.tRunner
-----------+-------------------------------------------------------
      case:  static62
     phase:  decision_step
10000000ns   runtime.write1
             runtime.write
             runtime.netpollBreak
             runtime.wakeNetPoller
             runtime.(*timer).maybeAdd
             runtime.(*timer).modify
             time.resetTimer
             time.(*Timer).Reset
             github.com/jackc/pgx/v5/pgconn.(*PgConn).flushWithPotentialWriteReadDeadlock
             github.com/jackc/pgx/v5/pgconn.(*PgConn).execExtendedSuffix
             github.com/jackc/pgx/v5/pgconn.(*PgConn).ExecStatement
             github.com/jackc/pgx/v5.(*Conn).Query
             github.com/jackc/pgx/v5/stdlib.(*Conn).QueryContext
             database/sql.ctxDriverQuery
             database/sql.(*DB).queryDC.func1
             database/sql.withLock
             database/sql.(*DB).queryDC
             database/sql.(*Tx).QueryContext
             github.com/ruipengliu/lerna/adapters/postgres/content.(*Store).CheckPolicy
             github.com/ruipengliu/lerna/domain/content.(*Service).registeredClosure.func1
             github.com/ruipengliu/lerna/domain/content.(*Service).registeredClosure.func1
             github.com/ruipengliu/lerna/domain/content.(*Service).registeredClosure
             github.com/ruipengliu/lerna/domain/content.(*Service).ReadForProcessing.func1
             github.com/ruipengliu/lerna/adapters/postgres/internal/pgstore.(*Core).Within
             github.com/ruipengliu/lerna/adapters/postgres/content.(*Store).Within
             github.com/ruipengliu/lerna/domain/content.(*Service).ReadForProcessing
             github.com/ruipengliu/lerna/conformance/internal/decisionfixture.claimDiagnosticContent.ReadForProcessing
             github.com/ruipengliu/lerna/adapters/content/decision.(*Adapter).read
             github.com/ruipengliu/lerna/adapters/content/decision.(*Adapter).ReadFixtureLock
             github.com/ruipengliu/lerna/conformance/internal/decisionfixture.claimDiagnosticSource.ReadFixtureLock
             github.com/ruipengliu/lerna/components/decision_engine.(*Service).calculate
             github.com/ruipengliu/lerna/components/decision_engine.(*Service).RunClaim
             github.com/ruipengliu/lerna/components/decision_engine.(*Service).Step
             github.com/ruipengliu/lerna/conformance/component_test.completeContextDecision.func1
             runtime/pprof.Do
             github.com/ruipengliu/lerna/conformance/component_test.completeContextDecision
             github.com/ruipengliu/lerna/conformance/component_test.TestContentContextStaticModeMaximumReachable62Materials
             testing.tRunner
-----------+-------------------------------------------------------
      case:  static62
     phase:  decision_step
10000000ns   racecalladdr
             encoding/json/jsontext.(*decoderState).PeekKind
             encoding/json/jsontext.(*Decoder).PeekKind
             encoding/json/v2.makeStructArshaler.func3
             encoding/json/v2.unmarshalDecode
             encoding/json/v2.Unmarshal
             github.com/ruipengliu/lerna/adapters/postgres/content.(*Store).LockVersion
             github.com/ruipengliu/lerna/domain/content.(*Service).registeredClosure.func1
             github.com/ruipengliu/lerna/domain/content.(*Service).registeredClosure.func1
             github.com/ruipengliu/lerna/domain/content.(*Service).registeredClosure
             github.com/ruipengliu/lerna/domain/content.(*Service).ReadForProcessing.func1
             github.com/ruipengliu/lerna/adapters/postgres/internal/pgstore.(*Core).Within
             github.com/ruipengliu/lerna/adapters/postgres/content.(*Store).Within
             github.com/ruipengliu/lerna/domain/content.(*Service).ReadForProcessing
             github.com/ruipengliu/lerna/conformance/internal/decisionfixture.claimDiagnosticContent.ReadForProcessing
             github.com/ruipengliu/lerna/adapters/content/decision.(*Adapter).read
             github.com/ruipengliu/lerna/adapters/content/decision.(*Adapter).ReadFixtureLock
             github.com/ruipengliu/lerna/conformance/internal/decisionfixture.claimDiagnosticSource.ReadFixtureLock
             github.com/ruipengliu/lerna/components/decision_engine.(*Service).calculate
             github.com/ruipengliu/lerna/components/decision_engine.(*Service).RunClaim
             github.com/ruipengliu/lerna/components/decision_engine.(*Service).Step
             github.com/ruipengliu/lerna/conformance/component_test.completeContextDecision.func1
             runtime/pprof.Do
             github.com/ruipengliu/lerna/conformance/component_test.completeContextDecision
             github.com/ruipengliu/lerna/conformance/component_test.TestContentContextStaticModeMaximumReachable62Materials
             testing.tRunner
-----------+-------------------------------------------------------
      case:  static62
     phase:  decision_step
10000000ns   github.com/santhosh-tekuri/jsonschema/v6.(*validator).strValidate
             github.com/santhosh-tekuri/jsonschema/v6.(*validator).validate
             github.com/santhosh-tekuri/jsonschema/v6.(*validator).validateSelf
             github.com/santhosh-tekuri/jsonschema/v6.(*validator).validateRef
             github.com/santhosh-tekuri/jsonschema/v6.(*validator).validate
             github.com/santhosh-tekuri/jsonschema/v6.(*validator).validateVal
             github.com/santhosh-tekuri/jsonschema/v6.(*validator).objValidate
             github.com/santhosh-tekuri/jsonschema/v6.(*validator).validate
             github.com/santhosh-tekuri/jsonschema/v6.(*validator).validateSelf
             github.com/santhosh-tekuri/jsonschema/v6.(*validator).validateRef
             github.com/santhosh-tekuri/jsonschema/v6.(*validator).validate
             github.com/santhosh-tekuri/jsonschema/v6.(*validator).validateVal
             github.com/santhosh-tekuri/jsonschema/v6.(*validator).objValidate
             github.com/santhosh-tekuri/jsonschema/v6.(*validator).validate
             github.com/santhosh-tekuri/jsonschema/v6.(*Schema).validate
             github.com/ruipengliu/lerna/contract/v1_2.Validate
             github.com/ruipengliu/lerna/contract/v1_2.Encode[go.shape.struct { Owner github.com/ruipengliu/lerna/contract/gen/go/v1_2.OwnerRef "json:\"owner\""; ContentID github.com/ruipengliu/lerna/contract/gen/go/v1_2.ID "json:\"content_id\""; Version string "json:\"version\""; Hash string "json:\"hash\""; MediaType string "json:\"media_type\""; ByteLength github.com/ruipengliu/lerna/contract/gen/go/v1_2.Revision "json:\"byte_length\"" }]
             github.com/ruipengliu/lerna/domain/content.VersionIdentity
             github.com/ruipengliu/lerna/domain/content.(*Service).registeredClosure.func1
             github.com/ruipengliu/lerna/domain/content.(*Service).registeredClosure.func1
             github.com/ruipengliu/lerna/domain/content.(*Service).registeredClosure
             github.com/ruipengliu/lerna/domain/content.(*Service).ReadForProcessing.func1
             github.com/ruipengliu/lerna/adapters/postgres/internal/pgstore.(*Core).Within
             github.com/ruipengliu/lerna/adapters/postgres/content.(*Store).Within
             github.com/ruipengliu/lerna/domain/content.(*Service).ReadForProcessing
             github.com/ruipengliu/lerna/conformance/internal/decisionfixture.claimDiagnosticContent.ReadForProcessing
             github.com/ruipengliu/lerna/adapters/content/decision.(*Adapter).read
             github.com/ruipengliu/lerna/adapters/content/decision.(*Adapter).ReadFixtureLock
             github.com/ruipengliu/lerna/conformance/internal/decisionfixture.claimDiagnosticSource.ReadFixtureLock
             github.com/ruipengliu/lerna/components/decision_engine.(*Service).calculate
             github.com/ruipengliu/lerna/components/decision_engine.(*Service).RunClaim
             github.com/ruipengliu/lerna/components/decision_engine.(*Service).Step
             github.com/ruipengliu/lerna/conformance/component_test.completeContextDecision.func1
             runtime/pprof.Do
             github.com/ruipengliu/lerna/conformance/component_test.completeContextDecision
             github.com/ruipengliu/lerna/conformance/component_test.TestContentContextStaticModeMaximumReachable62Materials
             testing.tRunner
-----------+-------------------------------------------------------
      case:  static62
     phase:  decision_step
10000000ns   strings.(*Builder).WriteRune
             github.com/ruipengliu/lerna/contract/v1_2.writeCanonicalString
             github.com/ruipengliu/lerna/contract/v1_2.writeCanonical
             github.com/ruipengliu/lerna/contract/v1_2.writeCanonical
             github.com/ruipengliu/lerna/contract/v1_2.Encode[go.shape.struct { Owner github.com/ruipengliu/lerna/contract/gen/go/v1_2.OwnerRef "json:\"owner\""; ContentID github.com/ruipengliu/lerna/contract/gen/go/v1_2.ID "json:\"content_id\""; Version string "json:\"version\""; Hash string "json:\"hash\""; MediaType string "json:\"media_type\""; ByteLength github.com/ruipengliu/lerna/contract/gen/go/v1_2.Revision "json:\"byte_length\"" }]
             github.com/ruipengliu/lerna/domain/content.VersionIdentity
             github.com/ruipengliu/lerna/domain/content.(*Service).registeredClosure.func1
             github.com/ruipengliu/lerna/domain/content.(*Service).registeredClosure.func1
             github.com/ruipengliu/lerna/domain/content.(*Service).registeredClosure.func1
             github.com/ruipengliu/lerna/domain/content.(*Service).registeredClosure
             github.com/ruipengliu/lerna/domain/content.(*Service).ReadForProcessing.func1
             github.com/ruipengliu/lerna/adapters/postgres/internal/pgstore.(*Core).Within
             github.com/ruipengliu/lerna/adapters/postgres/content.(*Store).Within
             github.com/ruipengliu/lerna/domain/content.(*Service).ReadForProcessing
             github.com/ruipengliu/lerna/conformance/internal/decisionfixture.claimDiagnosticContent.ReadForProcessing
             github.com/ruipengliu/lerna/adapters/content/decision.(*Adapter).read
             github.com/ruipengliu/lerna/adapters/content/decision.(*Adapter).ReadFixtureLock
             github.com/ruipengliu/lerna/conformance/internal/decisionfixture.claimDiagnosticSource.ReadFixtureLock
             github.com/ruipengliu/lerna/components/decision_engine.(*Service).calculate
             github.com/ruipengliu/lerna/components/decision_engine.(*Service).RunClaim
             github.com/ruipengliu/lerna/components/decision_engine.(*Service).Step
             github.com/ruipengliu/lerna/conformance/component_test.completeContextDecision.func1
             runtime/pprof.Do
             github.com/ruipengliu/lerna/conformance/component_test.completeContextDecision
             github.com/ruipengliu/lerna/conformance/component_test.TestContentContextStaticModeMaximumReachable62Materials
             testing.tRunner
-----------+-------------------------------------------------------
      case:  static62
     phase:  decision_step
10000000ns   runtime.memmove
             runtime.slicecopy
             encoding/json/v2.Marshal
             github.com/ruipengliu/lerna/contract/v1_2.Encode[go.shape.struct { Owner github.com/ruipengliu/lerna/contract/gen/go/v1_2.OwnerRef "json:\"owner\""; ContentID github.com/ruipengliu/lerna/contract/gen/go/v1_2.ID "json:\"content_id\""; Version string "json:\"version\""; Hash string "json:\"hash\""; MediaType string "json:\"media_type\""; ByteLength github.com/ruipengliu/lerna/contract/gen/go/v1_2.Revision "json:\"byte_length\"" }]
             github.com/ruipengliu/lerna/domain/content.VersionIdentity
             github.com/ruipengliu/lerna/domain/content.(*Service).registeredClosure.func1
             github.com/ruipengliu/lerna/domain/content.(*Service).registeredClosure.func1
             github.com/ruipengliu/lerna/domain/content.(*Service).registeredClosure.func1
             github.com/ruipengliu/lerna/domain/content.(*Service).registeredClosure
             github.com/ruipengliu/lerna/domain/content.(*Service).ReadForProcessing.func1
             github.com/ruipengliu/lerna/adapters/postgres/internal/pgstore.(*Core).Within
             github.com/ruipengliu/lerna/adapters/postgres/content.(*Store).Within
             github.com/ruipengliu/lerna/domain/content.(*Service).ReadForProcessing
             github.com/ruipengliu/lerna/conformance/internal/decisionfixture.claimDiagnosticContent.ReadForProcessing
             github.com/ruipengliu/lerna/adapters/content/decision.(*Adapter).read
             github.com/ruipengliu/lerna/adapters/content/decision.(*Adapter).ReadFixtureLock
             github.com/ruipengliu/lerna/conformance/internal/decisionfixture.claimDiagnosticSource.ReadFixtureLock
             github.com/ruipengliu/lerna/components/decision_engine.(*Service).calculate
             github.com/ruipengliu/lerna/components/decision_engine.(*Service).RunClaim
             github.com/ruipengliu/lerna/components/decision_engine.(*Service).Step
             github.com/ruipengliu/lerna/conformance/component_test.completeContextDecision.func1
             runtime/pprof.Do
             github.com/ruipengliu/lerna/conformance/component_test.completeContextDecision
             github.com/ruipengliu/lerna/conformance/component_test.TestContentContextStaticModeMaximumReachable62Materials
             testing.tRunner
-----------+-------------------------------------------------------
      case:  static62
     phase:  decision_step
10000000ns   github.com/santhosh-tekuri/jsonschema/v6.(*validator).objValidate
             github.com/santhosh-tekuri/jsonschema/v6.(*validator).validate
             github.com/santhosh-tekuri/jsonschema/v6.(*Schema).validate
             github.com/ruipengliu/lerna/contract/v1_1.Validate
             github.com/ruipengliu/lerna/contract/v1_1.Encode[go.shape.struct { Owner github.com/ruipengliu/lerna/contract/gen/go/v1_1.OwnerRef "json:\"owner\""; ContentID github.com/ruipengliu/lerna/contract/gen/go/v1_1.ID "json:\"content_id\""; Version github.com/ruipengliu/lerna/contract/gen/go/v1_1.Revision "json:\"version\""; Hash string "json:\"hash\""; MediaType string "json:\"media_type\""; ByteLength github.com/ruipengliu/lerna/contract/gen/go/v1_1.Revision "json:\"byte_length\"" }]
             github.com/ruipengliu/lerna/adapters/content/decision.ToRule
             github.com/ruipengliu/lerna/adapters/content/decision.(*Adapter).snapshot
             github.com/ruipengliu/lerna/adapters/content/decision.(*Adapter).ReadFixtureLock
             github.com/ruipengliu/lerna/conformance/internal/decisionfixture.claimDiagnosticSource.ReadFixtureLock
             github.com/ruipengliu/lerna/components/decision_engine.(*Service).calculate
             github.com/ruipengliu/lerna/components/decision_engine.(*Service).RunClaim
             github.com/ruipengliu/lerna/components/decision_engine.(*Service).Step
             github.com/ruipengliu/lerna/conformance/component_test.completeContextDecision.func1
             runtime/pprof.Do
             github.com/ruipengliu/lerna/conformance/component_test.completeContextDecision
             github.com/ruipengliu/lerna/conformance/component_test.TestContentContextStaticModeMaximumReachable62Materials
             testing.tRunner
-----------+-------------------------------------------------------
NATIVE_EXIT status=0 group_absent=True
